text,label,label_name
i am still waiting on my card?,11,card_arrival
what can i do if my card still hasn't arrived after 2 weeks?,11,card_arrival
i have been waiting over a week. is the card still coming?,11,card_arrival
can i track my card while it is in the process of delivery?,11,card_arrival
"how do i know if i will get my card, or if it is lost?",11,card_arrival
when did you send me my new card?,11,card_arrival
do you have info about the card on delivery?,11,card_arrival
what do i do if i still have not received my new card?,11,card_arrival
does the package with my card have tracking?,11,card_arrival
i ordered my card but it still isn't here,11,card_arrival
why has my new card still not come?,11,card_arrival
"i still haven't received my card after two weeks, is it lost?",11,card_arrival
can you track my card for me?,11,card_arrival
is there a way to track the delivery of my card?,11,card_arrival
it's been a week since i ordered my card and it's not here. please help?,11,card_arrival
will i be able to track the card that was sent to me?,11,card_arrival
i don't have my card in 1 week. should i be worried?,11,card_arrival
how do i know when my new card is going to arrive?,11,card_arrival
my new card has not been delivered to my home yet. what is going on?,11,card_arrival
it's been a week since you issued me a card and i still didn't get it. should i keep waiting?,11,card_arrival
"on the card that is coming, what's the tracking info?",11,card_arrival
what is the status of my card's delivery?,11,card_arrival
have you sent out my card yet?,11,card_arrival
my card isn't here yet.,11,card_arrival
where is my new card?,11,card_arrival
it's been a week since you sent my card and i still don't have it.,11,card_arrival
how do i track the card you sent me?,11,card_arrival
when will i recieve my new card?,11,card_arrival
when will i get my new card?,11,card_arrival
what is the expected delivery date for my card?,11,card_arrival
is there a tracking number for the card you sent me?,11,card_arrival
i would like to track the card you sent to me.,11,card_arrival
has my card been lost in delivery?,11,card_arrival
my new card hasn't came in.,11,card_arrival
where is the card i ordered 2 weeks ago?,11,card_arrival
can i get an update on my replacement card?,11,card_arrival
how long does it take for a new card to ship?,11,card_arrival
what's the tracking on the card you sent?,11,card_arrival
i haven't received my card and am worried it is lost.,11,card_arrival
my card still hasn't been delivered,11,card_arrival
i need to find out where the card is that i ordered.,11,card_arrival
where is my credit card that was to be mailed?,11,card_arrival
i ordered my card but it hasn't been delivered yet,11,card_arrival
am i able to track the card that was just sent to me?,11,card_arrival
can you tell me why i haven't received my new card?,11,card_arrival
i'm still waiting for my new card.,11,card_arrival
is my card lost? i am still waiting for it to be delivered.,11,card_arrival
should i keep waiting for my card to be delivered?,11,card_arrival
can i track when my card will be delivered?,11,card_arrival
how can i check on the status of my new card?,11,card_arrival
"a card has been sent to me, how do i track it?",11,card_arrival
is there a way i can get my card expedited?,11,card_arrival
what can i do to track the card you sent me?,11,card_arrival
why hasnt my card come in yet?,11,card_arrival
how can i periodically check the delivery of the card you sent?,11,card_arrival
what's the reason my new card hasn't come?,11,card_arrival
how long does it take for me to get my new card?,11,card_arrival
i don't have my card after 1 week. what are my next steps?,11,card_arrival
i know i'm getting a new card but would like know when i can expect to receive it.,11,card_arrival
i want to find out what happened to my new card?,11,card_arrival
was there a way for me to get tracking for that?,11,card_arrival
i am still waiting for my card.,11,card_arrival
my card hasn't arrived.,11,card_arrival
can i track the card you sent to me?,11,card_arrival
i haven't gotten my new card.,11,card_arrival
how long should it take for my new card to arrive in them mail? what should i do if i never receive it?,11,card_arrival
will i have to wait much longer for my new card to arrive?,11,card_arrival
how to track the card you sent,11,card_arrival
2 weeks ago i ordered my new card. it isn't here. what should i do?,11,card_arrival
how can i check on the delivery status of my card?,11,card_arrival
"my card has not been delivered yet and its been a week since i ordered it, please help",11,card_arrival
what's the expected wait time to recieve my new card?,11,card_arrival
how can i see the progress of delivery of the card that was sent?,11,card_arrival
"my card was supposed to arrive, but hasn't?",11,card_arrival
i ordered a card and would like to know how to track the delivery progress of it.,11,card_arrival
how long will it take for me to get my card?,11,card_arrival
my card hasn't shown up yet.,11,card_arrival
does the card you sent have a tracking number?,11,card_arrival
my card hasn't arrived in the mail yet. i ordered it two weeks ago. what can i do?,11,card_arrival
maximum how many days get the courier?,11,card_arrival
is there a reason my new card hasn't arrived yet?,11,card_arrival
"i've been waiting a while for my card, is there a way to know when it will arrive?",11,card_arrival
how can i track my card's delivery?,11,card_arrival
can i track the card that was just sent to me?,11,card_arrival
"if i ordered my new card last week, how much longer should i wait to receive it?",11,card_arrival
"what's go on, where is my new card?",11,card_arrival
where is my new card if i haven't received it yet?,11,card_arrival
where is my card?,11,card_arrival
can you tell me why i haven't received my new card yet?,11,card_arrival
is there a way to track my card?,11,card_arrival
is there a way to track the new card you sent me?,11,card_arrival
i'm still waiting for my card.,11,card_arrival
what do i need to do to get my new card which i have requested 2 weeks ago?,11,card_arrival
what is the solution of this problem,11,card_arrival
could i get tracking on the card?,11,card_arrival
can you help me track my card?,11,card_arrival
shouldn't my new card be here by now?,11,card_arrival
is there a reason my new card hasn't arrived?,11,card_arrival
"i would like to track a card sent to me, how do i do that?",11,card_arrival
is there a tracking number for the card?,11,card_arrival
can you share card tracking number?,11,card_arrival
"i have not received my card and it's been a week, what do i do?",11,card_arrival
is there a way i can check on the card on route to me?,11,card_arrival
when will my new card arrive?,11,card_arrival
why haven't i received my new card yet?,11,card_arrival
what is the expected delivery date of my card?,11,card_arrival
my card hasn't came in the mail yet?,11,card_arrival
i haven't received my card.,11,card_arrival
is it possible for me to track the card is was mailed to me?,11,card_arrival
when will my new card be delivered?,11,card_arrival
i was issued a card about a week ago. why hasn't it come in yet?,11,card_arrival
can you please tell me where my card is? i ordered it 2 weeks ago!,11,card_arrival
i still haven't received my card in the mail,11,card_arrival
i'm still waiting for my card that was issued a week ago. what should i do?,11,card_arrival
i still haven't gotten my new card. when will it get here?,11,card_arrival
do you have a tracking number for the card i was sent?,11,card_arrival
how do i track the card you sent to me?,11,card_arrival
is my new bank card on the way and is there a way to track it?,11,card_arrival
could you send me and up date on the arrival of my card?,11,card_arrival
how long does it take to recieve my new card?,11,card_arrival
my card has not come in the mail yet.,11,card_arrival
what's the card you sent me's tracking number?,11,card_arrival
i havent got my card,11,card_arrival
why hasn't my card arrived yet?,11,card_arrival
i thought i would have received my new card at this point.,11,card_arrival
how long until my new card gets here?,11,card_arrival
how much longer until i get my new card?,11,card_arrival
am i able to track a card that has already been sent?,11,card_arrival
is it possible to track the card you sent me?,11,card_arrival
how long will it be to get this new card?,11,card_arrival
how can i track card you sent,11,card_arrival
can the card was sen to me be tracked?,11,card_arrival
why have i not got my new card?,11,card_arrival
i need to track the card sent to me.,11,card_arrival
"it's been two weeks and i haven't gotten my card, what do i do?",11,card_arrival
i was expecting my new card by now.,11,card_arrival
where is the tracking number for the card?,11,card_arrival
i was issued a new card a week ago but still haven't received it. how long will it be until i receive it?,11,card_arrival
can i track the card that you sent me in the mail?,11,card_arrival
can you tell me if i can track the card you sent me?,11,card_arrival
why have i not gotten my new card?,11,card_arrival
i'm still waiting on my new card to be delivered!,11,card_arrival
my new card isn't here and it was issued a week ago.,11,card_arrival
"i was supposed to receive my new card by now, but it hasn't came in.",11,card_arrival
is a tracking number available for the card that was just sent?,11,card_arrival
why haven't i gotten my new card?,11,card_arrival
was there a number to track that i could get?,11,card_arrival
how much longer is it going to take to get my new card?,11,card_arrival
i haven't gotten my credit card in the mail.,11,card_arrival
my card hasn't arrived yet. what do i do?,11,card_arrival
"my card still hasn't arrived after two weeks, now what?",11,card_arrival
my card appears to have never arrived?,11,card_arrival
my card never arrived.,11,card_arrival
my card has been found. is there any way for me to put it back into the app?,13,card_linking
i was able to find my card. how to i go about putting it into my app?,13,card_linking
how do i get my card to show in the app?,13,card_linking
i just got my card. it's not linked yet--how do i do that?,13,card_linking
"lost card found, want to put it back in app",13,card_linking
"i just got a card, how can i add it to the app?",13,card_linking
is there any way to see my card in the app?,13,card_linking
if i find a card i lost do i need to dispose of it? or can i re-active the card and continue to use it?,13,card_linking
i found my card. how can i put it into my app?,13,card_linking
how do i make my card show up in the app?,13,card_linking
can you show me where to link the new card?,13,card_linking
i found my old card. can i link it back into the app?,13,card_linking
"show me how to link the new card,",13,card_linking
how do i add an existing card to the app?,13,card_linking
i finally got my card. now i want to link it. is that something you have to do or can i do that?,13,card_linking
how do i link one of your card that i already have?,13,card_linking
if i have a physical card can i link it?,13,card_linking
i found my lost card in my jacket pocket this morning so i'd like to reactivate it please.,13,card_linking
can i add a card that i just found (again) to the app?,13,card_linking
how can i make my card show up in the app?,13,card_linking
"i would like to re-activate my card, it was previously reported lost but i found it this morning.",13,card_linking
"okay, i found my card, can i put it back in the app?",13,card_linking
can i reactivate a card?,13,card_linking
i would like to reactivate a card and wondered if that could be done?,13,card_linking
"i got my card now, how do i make it show up in the app?",13,card_linking
how do i link an existing card?,13,card_linking
how do i link a new card in the app?,13,card_linking
"the card i thought was lost was just in my jacket, so can i reactivate it since i found it this morning?",13,card_linking
i already have a card and want to link it,13,card_linking
can you please reactivate my card?,13,card_linking
where do i go to add a new card?,13,card_linking
i want my card i just received to show up in the app. how do i do that?,13,card_linking
"i received my card, how do i get it to show in the app?",13,card_linking
if i have a credit card with you how i get set up to link to it?,13,card_linking
how do i add my new card?,13,card_linking
"i want to reactivate my card, i thought i had lost it but found it again this morning.",13,card_linking
"i need a card reactivation, i had reported my card lost but i ran across it in my jacket.",13,card_linking
my card is no longer lost. how do i enter it back into the app?,13,card_linking
"i want to reactivate my card, i thought i had lost it but found it again in my jacket.",13,card_linking
"may i reactivate my card? i previously reported it lost, but have now found it safe and sound.",13,card_linking
how do i reactivate a card i thought i lost?,13,card_linking
help me figure out how to link the new card.,13,card_linking
i found my lost card. am i still able to use it?,13,card_linking
will i need a new card or can i put my old card back into the app?,13,card_linking
is there a way to link the card i just got?,13,card_linking
how do i add a new card?,13,card_linking
"i want to reactivate my card, i found it after thinking it was lost.",13,card_linking
can i put my old card back in the app?,13,card_linking
"i got a new card, how do i link it?",13,card_linking
i found the card i thought i lost this morning. can i reactivate this card?,13,card_linking
how do i go about linking a new card?,13,card_linking
how do i get the card linked,13,card_linking
"i have one of your cards, but i don't know how to link it.",13,card_linking
how do i link an old card?,13,card_linking
i received my card. how do i link it to the app?,13,card_linking
"now that i have my card, how do i connect it to the app?",13,card_linking
how do i add the card i just received to show up in the app?,13,card_linking
"i want to reactivate my card, i thought i had lost it but i found it.",13,card_linking
what do i need to do to link my new card for my account?,13,card_linking
can i add a card to back into the app?,13,card_linking
i want to link my new card. can you help?,13,card_linking
what is the process to link the new card?,13,card_linking
"i found my card, am i able to put it back into the app?",13,card_linking
"i have found my lost or stolen card, would i still have to activate the new card that was sent to me through the mail in order to access my account?",13,card_linking
where can i link a new card?,13,card_linking
how do i add a card on to the app?,13,card_linking
"i found my card in my jacket this morning, so can i reactivate it?",13,card_linking
"i've obtained the card, how do i enable it on the app?",13,card_linking
i need to find the card i received in the app.,13,card_linking
how do i get my card on the app?,13,card_linking
"in the app, how can i make it show the new card that arrived?",13,card_linking
how do i link my new card?,13,card_linking
can i activate a card in the app?,13,card_linking
"i want to link to my card card with you, how?",13,card_linking
i would like to link my card to my account.,13,card_linking
"i thought i lost my card so i cancelled it, but recently i found it in my jacket and i would like to re-establish the card.",13,card_linking
how can i link the new card?,13,card_linking
i got a new card and can't find where to link it.,13,card_linking
"hey, i have my card, how do i get it to show in the app?",13,card_linking
where in the app do i go to make my new card show up?,13,card_linking
where do i scan my card?,13,card_linking
can i reactivate my card? i reported it lost and found it this morning in my jacket.,13,card_linking
can i link my card i previously received?,13,card_linking
"i want to reactivate my card, i thought i had lost it but found it again in my jacket this morning.",13,card_linking
"i'd lke my card reactivated, i was thinking it was misplaced but i discovered when i woke up that i had left it in my coat.",13,card_linking
you sent me a card and now i want to link it.,13,card_linking
how do i add my new card to the app?,13,card_linking
can i add a card back to the app?,13,card_linking
what if i want to add a card i already have to the app?,13,card_linking
"i recently reported my card as missing/lost, and i just found it. can i still use it?",13,card_linking
"could i reactivate my card please, i couldn't find it but it turns out it was in my jacket pocket.",13,card_linking
is there a way to link cards if i have one of yours?,13,card_linking
if my card was lost or stolen can i re-link it?,13,card_linking
how do i link a new card to an existing one?,13,card_linking
how do i link a new payment card?,13,card_linking
i would like to reactivate my card that i previously reported lost. i located the card this morning.,13,card_linking
"card has been received, how will it show up on the app?",13,card_linking
can i re-link a lost card with the app?,13,card_linking
what do i do to link my new card?,13,card_linking
is it possible to link a new card?,13,card_linking
i deactivated my card but would like to reactivate it.,13,card_linking
"i found my card that i thought i had lost, i need to reactive it, please help.",13,card_linking
can i link a card of yours i already have?,13,card_linking
can i put my found card back into the app on my phone?,13,card_linking
"my card arrived but i need to make it work in the app, how do i do that?",13,card_linking
"i found the card that i thought i lost, and i would like to reactivate it.",13,card_linking
i found my card again. can i put it back into the app?,13,card_linking
i need some help linking my new card.,13,card_linking
help me link my card,13,card_linking
how do i link my card in the app.,13,card_linking
how do i get my card into the app?,13,card_linking
i found my card! can i link it back into the app?,13,card_linking
how do i reactivate my card?,13,card_linking
where do i go to get my new card linked?,13,card_linking
"i thought i lost my card but i found it today, so i would like to reactivate it.",13,card_linking
how do i link the new card that i just got from you guys?,13,card_linking
how can i add a new card?,13,card_linking
can you tell me how to get my card on the app?,13,card_linking
is it possible to reactivate the card i thought i lost but found this morning in my jacket?,13,card_linking
how do i make my card appear on the app?,13,card_linking
how do i link the new card?,13,card_linking
where in the app do i link a new card?,13,card_linking
how do i add my card to the app once i get it?,13,card_linking
can i link your physical card,13,card_linking
how do i activate and link my new card?,13,card_linking
"i got a card, how do i get it in the app?",13,card_linking
i received my new card. where is it in the app?,13,card_linking
"i found my card, how can i use it again?",13,card_linking
"i just received a new card, where do i go to link it to my account?",13,card_linking
"found card, how to put it back in app",13,card_linking
how do i see my card in the app?,13,card_linking
"the card i thought i lost was in my jacket pocket this morning, so can i reactivate that?",13,card_linking
i don't see my card anywhere in the app.,13,card_linking
"i received my card, how do i get it to work in the app?",13,card_linking
what do i do if i already had a card with you guys?,13,card_linking
if i found a lost card can i put it back in app,13,card_linking
i have a card that was deactivated can i reactivate it?,13,card_linking
"my new card isn't in my app, how do i get it in there?",13,card_linking
help me access the card i already got so i can information from it.,13,card_linking
what is my money worth in other countries?,32,exchange_rate
will my money be of equal value when i travel abroad?,32,exchange_rate
do you know the rate of exchange?,32,exchange_rate
what foreign exchange rate will i get on weekdays and on the weekends?,32,exchange_rate
what is the exchange looking like?,32,exchange_rate
how is the exchange rate doing?,32,exchange_rate
i would like to know how exchange rates are calculated when transferring funds.,32,exchange_rate
i would like to know what exchange rates you use?,32,exchange_rate
"if i need to cash foreign transfers, how does that work?",32,exchange_rate
do you know what your exchange rates are?,32,exchange_rate
how do i know what exchange rate i will get?,32,exchange_rate
what are you exchange rates?,32,exchange_rate
do you have the best exchange rate?,32,exchange_rate
where can i find your exchange rates?,32,exchange_rate
your exchange rates come from where?,32,exchange_rate
i need to know what your exchange rates are.,32,exchange_rate
what's the process for exchanges?,32,exchange_rate
what do you think of the exchange rate?,32,exchange_rate
how are exchange rates calculated at this bank?,32,exchange_rate
what do you use to figure out the exchange rate for the card?,32,exchange_rate
what's the foreign exchange rate i will receive?,32,exchange_rate
i need to know what foreign exchange rate i can get.,32,exchange_rate
what are the current exchange rates?,32,exchange_rate
what exchange rate will i receive?,32,exchange_rate
what is the basis of your exchange rates?,32,exchange_rate
how's the exchange rate?,32,exchange_rate
how do you determine your exchange rates?,32,exchange_rate
how do the foreign exchange rates work?,32,exchange_rate
where are you getting your exchange rates from?,32,exchange_rate
how is the exchange rate calculated?,32,exchange_rate
i'm interested in what your exchange rates are based on.,32,exchange_rate
how do you decide what the exchange rates are?,32,exchange_rate
what is the current exchange rate?,32,exchange_rate
what is the formula for your exchange rate?,32,exchange_rate
what method do you use for the exchange rate?,32,exchange_rate
what are interbanks current exchange rates?,32,exchange_rate
from where are coming your exchange rates?,32,exchange_rate
how do you calculate exchange rates?,32,exchange_rate
why is your exchange rate different on different days?,32,exchange_rate
where can i find the exchange rate for my transfer?,32,exchange_rate
where can i get your exchange rates from?,32,exchange_rate
how do you find the exchange rate?,32,exchange_rate
how are exchange rates determined?,32,exchange_rate
what value can i get for my currency?,32,exchange_rate
please explain your exchange rate policy.,32,exchange_rate
what are your exchange rates calculated from?,32,exchange_rate
what is an exchange rate?,32,exchange_rate
what is your opinion on the exchange rate?,32,exchange_rate
what are the exchange rates you assign?,32,exchange_rate
how do you determine exchange rates?,32,exchange_rate
how are your exchange rates calculated?,32,exchange_rate
how is an exchange rate calculated?,32,exchange_rate
"when exchanging, how much are the rates?",32,exchange_rate
what is the exchange rate for eur?,32,exchange_rate
how can i find your exchange rates?,32,exchange_rate
could you please tell me your exchange rates?,32,exchange_rate
is there an exchange rate?,32,exchange_rate
how does the exchange rate work?,32,exchange_rate
what is the present state of the exchange rate?,32,exchange_rate
how are foreign exchange rates determined?,32,exchange_rate
how's the exchange rate looking right now?,32,exchange_rate
please explain the exchange rates.,32,exchange_rate
what is the foreign exchange rate you will apply?,32,exchange_rate
explain the interbank exchange rate,32,exchange_rate
what will my exchange rate be?,32,exchange_rate
how do you get exchange rates,32,exchange_rate
what exchange rates do you use?,32,exchange_rate
how will i know what the exchange rate is?,32,exchange_rate
what factors effect the exchange rate?,32,exchange_rate
where does the exchange rate stand right now?,32,exchange_rate
i'd like to know what the foreign exchange rate will be.,32,exchange_rate
does the exchange rate change?,32,exchange_rate
how do your exchange rates factor in?,32,exchange_rate
will i know which exchange rate i will get?,32,exchange_rate
how do i know what the exchange rate will be when i make an exchange.,32,exchange_rate
is the exchange rate the same on weekends as the weekdays?,32,exchange_rate
how do you do exchanges?,32,exchange_rate
on what do you base your exchange rates?,32,exchange_rate
how do you come up with your exchange rate,32,exchange_rate
what factors determine your exchange rate?,32,exchange_rate
how are the exchange rates determined?,32,exchange_rate
i would like to know what your exchange rates are.,32,exchange_rate
is the exchange rate current?,32,exchange_rate
what are the exchange rates?,32,exchange_rate
how much are the rates of exchange?,32,exchange_rate
how do you decide what your exchange rates are?,32,exchange_rate
your exchange rates are coming from where?,32,exchange_rate
is there a specific source that the exchange rate for the transfer i'm planning on making is pulled from?,32,exchange_rate
how are the exchange rates for transfers calculated?,32,exchange_rate
how do i know how much money i will have when i travel abroad?,32,exchange_rate
how do you do currency exchanges?,32,exchange_rate
can you explain your exchange rates basis?,32,exchange_rate
how did you guys get your exchange rate?,32,exchange_rate
can you tell me your exchange rates?,32,exchange_rate
could you tell me what your exchange rates are?,32,exchange_rate
does this app have the same exchange rate as third parties?,32,exchange_rate
what are your exchange rates at?,32,exchange_rate
how is the current exchange rate?,32,exchange_rate
what is the system for determining the exchange rate?,32,exchange_rate
i am travelling and i was wondering what your exchange rates are,32,exchange_rate
how can i tell what foreign exchange rate i will get?,32,exchange_rate
tell me your opinion on the exchange rate.,32,exchange_rate
i'd like to know what you guys look at to decide an exchange rate,32,exchange_rate
how does the exchange rate work on this app?,32,exchange_rate
where do you find your exchange rates?,32,exchange_rate
i want to know your exchange rates.,32,exchange_rate
what exchange rate is it?,32,exchange_rate
what is the source of your exchange rates?,32,exchange_rate
i need to know about exchange rates,32,exchange_rate
where do you get those exchange rates?,32,exchange_rate
how do you determine the exchange rate?,32,exchange_rate
what foreign exchange rate will i get?,32,exchange_rate
"last saturday, i was charged extra for the exchange rate on my payment. is something wrong?",17,card_payment_wrong_exchange_rate
"hi, i am disappointed to see such a bad exchange rate and hope you can assist me. would you be able to confirm the official interbank exchange rate for me?",17,card_payment_wrong_exchange_rate
i think the currency exchange that's been applied is wrong.,17,card_payment_wrong_exchange_rate
the exchange rate i was charged for a purchase was not right.,17,card_payment_wrong_exchange_rate
can you please explain why the exchange rate for the item i bought is wrong?,17,card_payment_wrong_exchange_rate
i think something went wrong with my exchange between russian ruble and uk pounds. i was overcharged during the swap.,17,card_payment_wrong_exchange_rate
my payment has an incorrect exchange rate.,17,card_payment_wrong_exchange_rate
my exchange rate looks wrong for my last payment,17,card_payment_wrong_exchange_rate
the exchange rate you are using is bad.this can't be the official interbank exchange rate.,17,card_payment_wrong_exchange_rate
i was charged the wing amount for an item.,17,card_payment_wrong_exchange_rate
the exchange rate on my payment was wrong,17,card_payment_wrong_exchange_rate
why is the exchange rate terrible? that can't be close to the actual interbank rate.,17,card_payment_wrong_exchange_rate
an incorrect exchange rate was applied to an item i bought.,17,card_payment_wrong_exchange_rate
the exchange rate was incorrect for an item i bought.,17,card_payment_wrong_exchange_rate
the exchange rate on my payment doesn't look right,17,card_payment_wrong_exchange_rate
"i just saw the exchange rate you use, but it's so bad that i can't believe that it's the official interbank exchange rate! is this truly the official interbank exchange rate?",17,card_payment_wrong_exchange_rate
this exchange rate you use is awful! please tell me this is a mistake and not the official interbank exchange rate!,17,card_payment_wrong_exchange_rate
after purchasing an item i noticed the exchange rate was incorrect.,17,card_payment_wrong_exchange_rate
the amount of exchange was not correct for the item i bought.,17,card_payment_wrong_exchange_rate
the exchange rate from my card payment isn't right.,17,card_payment_wrong_exchange_rate
my exchange rate isn't correct.,17,card_payment_wrong_exchange_rate
why was the exchange rate so wrong when i bought something!,17,card_payment_wrong_exchange_rate
my exchange rate was wrong for an item i bought!,17,card_payment_wrong_exchange_rate
i was using a foreign currecy to make a payment and the applied the wrong rate.,17,card_payment_wrong_exchange_rate
the exchange rate was incorrect for this item i bought.,17,card_payment_wrong_exchange_rate
i purchased something overseas and the incorrect exchange rate was applied.,17,card_payment_wrong_exchange_rate
the exchange rate is incorrect for my payment.,17,card_payment_wrong_exchange_rate
the item i bought exchanged rate was incorrect.,17,card_payment_wrong_exchange_rate
i'm on holiday and i noticed a different amount for exchange rate. can you explain?,17,card_payment_wrong_exchange_rate
i bought something in another country but the exchange rate is wrong,17,card_payment_wrong_exchange_rate
i bought an item and the exchange rate was wrong.,17,card_payment_wrong_exchange_rate
exchange rate for my card payment is wrong,17,card_payment_wrong_exchange_rate
the exchange rate at which my card payment is at is wrong,17,card_payment_wrong_exchange_rate
there was a problem with the exchange rate on a purchase.,17,card_payment_wrong_exchange_rate
"i recently purchased something, and the exchange rate was wrong.",17,card_payment_wrong_exchange_rate
what if there is an error on the exchange rate?,17,card_payment_wrong_exchange_rate
why is my exchange rate wrong?,17,card_payment_wrong_exchange_rate
please check my payment from last saturday as i feel i have been overcharged on the exchange rate. thank you.,17,card_payment_wrong_exchange_rate
i used foreign currency to buy something and i think the rate applied is incorrect.,17,card_payment_wrong_exchange_rate
this exchange rate on my purchase is wrong.,17,card_payment_wrong_exchange_rate
why is your exchange rate so bad?,17,card_payment_wrong_exchange_rate
the exchange rate looks wrong on a holiday purchase,17,card_payment_wrong_exchange_rate
"i purchased something abroad, and the exchange rate that was applied was wrong.",17,card_payment_wrong_exchange_rate
i bought something and i take issue with the exchange rate applied.,17,card_payment_wrong_exchange_rate
i think there has been a mistake on my exchange rate for this purchase.,17,card_payment_wrong_exchange_rate
you did not give me the correct exchange rate for an item that i bought.,17,card_payment_wrong_exchange_rate
i checked on google and the exchange rate you are using is really bad. can you update it?,17,card_payment_wrong_exchange_rate
"i seem to have been charged to much for my holiday purchases, the exchange rate is wrong.",17,card_payment_wrong_exchange_rate
"in regards to my card payment, the exchange rate is incorrect.",17,card_payment_wrong_exchange_rate
i bough an item and the exchange rate was incorrect.,17,card_payment_wrong_exchange_rate
why did you charge me more for my purchase? it was a foreign currency and you didn't offer market rate,17,card_payment_wrong_exchange_rate
i question today's exchange rate for rubles into pounds. i was hoping for a better return.,17,card_payment_wrong_exchange_rate
i feel as though i have been over charged for the exchange rate on my payment on last saturday.,17,card_payment_wrong_exchange_rate
my currency rate is inaccurate.,17,card_payment_wrong_exchange_rate
the currency exchange rate was wrong for a purchase i made.,17,card_payment_wrong_exchange_rate
i purchased something abroad and the incorrect exchange rate was applied.,17,card_payment_wrong_exchange_rate
your exchange rate was off. i was charged extra on my payment that i made last saturday.,17,card_payment_wrong_exchange_rate
i was charged the wrong exchange rate on a purchase,17,card_payment_wrong_exchange_rate
can you change the rate for the item i bought in a different currency as it is wrong?,17,card_payment_wrong_exchange_rate
the currency exchange for my purchase in foreign currency is incorrect.,17,card_payment_wrong_exchange_rate
i noticed the currency exchange rate was incorrect after paying for something in a foreign country.,17,card_payment_wrong_exchange_rate
my foreign currency exchange has been applied incorrectly.,17,card_payment_wrong_exchange_rate
why isn't my purchase exchange rate correct?,17,card_payment_wrong_exchange_rate
i noticed that the exchange rate applied to a recent purchase i made abroad was incorrect.,17,card_payment_wrong_exchange_rate
"i purchased something while traveling, and the exchange rate applied was wrong.",17,card_payment_wrong_exchange_rate
why is the exchange rate different on my recent purchase?,17,card_payment_wrong_exchange_rate
the fee charged when i changed rubles into british pounds was too much.,17,card_payment_wrong_exchange_rate
i wasn't charged the correct exchange rate for an item i purchased.,17,card_payment_wrong_exchange_rate
does the fee for exchange change?,17,card_payment_wrong_exchange_rate
the rate applied to my purchase in a foreign currency was wrong.,17,card_payment_wrong_exchange_rate
"i bought something while traveling, and the exchange rate was wrong.",17,card_payment_wrong_exchange_rate
something is wrong with my exchange rate charge,17,card_payment_wrong_exchange_rate
seems like the exchange rate for my payment last saturday was wrong. i was charged extra.,17,card_payment_wrong_exchange_rate
it seems that something went wrong with my exchange. i changed russian ruble into uk pounds but have been charged entirely too much!,17,card_payment_wrong_exchange_rate
i bought an item then noticed the exchange rate was wrong.,17,card_payment_wrong_exchange_rate
the exchange rate applied is wrong for my international purchase.,17,card_payment_wrong_exchange_rate
my card payment had the wrong exchange rate,17,card_payment_wrong_exchange_rate
they used the wrong rate when i made a purchase with foreign currency.,17,card_payment_wrong_exchange_rate
does the exchange rate change each day for purchases? there is a different rate on my purchase.,17,card_payment_wrong_exchange_rate
it seems that the rate i got is incorrect.,17,card_payment_wrong_exchange_rate
i exchanged russian rubles for british pounds today and got less than i expected. was exchange rate correct?,17,card_payment_wrong_exchange_rate
was i charged more than i should of been for a currency exchange?,17,card_payment_wrong_exchange_rate
what do i do if the exchange rate was wrong for the item i bought overseas?,17,card_payment_wrong_exchange_rate
my client was converting their russian ruble into uk pound currency when they noticed their bill was much too high for the exchange. what happened?,17,card_payment_wrong_exchange_rate
i have been overcharged. i just changed over russian ruble to uk pounds and it was too much. it seems something was wrong with my exchange.,17,card_payment_wrong_exchange_rate
what is your exchange rate between uk pounds and russian rubles for my last transaction,17,card_payment_wrong_exchange_rate
i think there was an error in your exchange rate.,17,card_payment_wrong_exchange_rate
the exchange rate was not correct for the item i bought.,17,card_payment_wrong_exchange_rate
i noticed an extra charge on the purchase that i made last saturday on my account. can you see if i received the correct exchange rate?,17,card_payment_wrong_exchange_rate
my exchange seems to have something wrong with it. i changed over russian ruble to uk pounds and it appears i was charged way more than i was supposed to be.,17,card_payment_wrong_exchange_rate
the correct exchange rate wasn't given to me for an item i purchased.,17,card_payment_wrong_exchange_rate
"i bought something in another currency, but the exchange rate was incorrect.",17,card_payment_wrong_exchange_rate
the exchange rate is wrong from something i got in another country,17,card_payment_wrong_exchange_rate
"the exchange rate given to me after a purchase, was incorrect",17,card_payment_wrong_exchange_rate
my card payment has the wrong exchange rate,17,card_payment_wrong_exchange_rate
i have been charged way to much so something is apparently wrong with my exchange. i changed russian ruble into uk pounds.,17,card_payment_wrong_exchange_rate
why is the exchange rate different from what i expected?,17,card_payment_wrong_exchange_rate
the exchange rate you are using is really bad.this can't be the official interbank exchange rate.,17,card_payment_wrong_exchange_rate
please check the exchange rate for my payment last saturday. i believe i have been overcharged.,17,card_payment_wrong_exchange_rate
why was i charged extra on my last uk pound to russian ruble exchange?,17,card_payment_wrong_exchange_rate
the wrong exchange rate was used when i purchased an item.,17,card_payment_wrong_exchange_rate
why was the wrong rate applied when i bought something in a different currency?,17,card_payment_wrong_exchange_rate
i bought something abroad and the exchange rate applied is wrong,17,card_payment_wrong_exchange_rate
an item i bought had the wrong exchange rate applied.,17,card_payment_wrong_exchange_rate
i think the rate that was applied to my purchase using foreign currency is wrong. help!,17,card_payment_wrong_exchange_rate
why was my exchange rate a different amount than usual?,17,card_payment_wrong_exchange_rate
i want to change the wrong exchange rate.,17,card_payment_wrong_exchange_rate
i recently bought something abroad but the exchange rate is incorrect. why?,17,card_payment_wrong_exchange_rate
"the exchange rate you're using is terrible - this can't be the official interbank exchange rate, can it?",17,card_payment_wrong_exchange_rate
i did not receive the correct amount for the exchange rate.,17,card_payment_wrong_exchange_rate
"i guess exchange rate for my payment was not correct, as i charged extra on the last saturday.",17,card_payment_wrong_exchange_rate
the exchange rate for my payment last saturday must be wrong because i was charged extra.,17,card_payment_wrong_exchange_rate
are you sure this is the interbank exchange rate? this rate is really bad.,17,card_payment_wrong_exchange_rate
the exchange rate you are using is really bad. this can't possibly be the official interbank exchange rate.,17,card_payment_wrong_exchange_rate
i believe you charged me too much to exchange my money,17,card_payment_wrong_exchange_rate
"i changed the currency, but why is it costing more?",17,card_payment_wrong_exchange_rate
why was the exchange wrong for the item i purchased?,17,card_payment_wrong_exchange_rate
"i made an international purchase, but the exchange rate was wrong",17,card_payment_wrong_exchange_rate
my purchase used the wrong exchange rate,17,card_payment_wrong_exchange_rate
"i have been charged to much for the object i bought when abroad, the exchange rate seems to be wrong.",17,card_payment_wrong_exchange_rate
i made a purchase and was charged at the wrong foreign exchange rate.,17,card_payment_wrong_exchange_rate
i think that the exchange rate was wrong for the payment made last saturday - i was charged extra.,17,card_payment_wrong_exchange_rate
why is the exchange rate for my payment incorrect?,17,card_payment_wrong_exchange_rate
your foreign exchange rate is wrong.,17,card_payment_wrong_exchange_rate
it looks like the exchange rates on my card payment are wrong,17,card_payment_wrong_exchange_rate
there's an error with the rate that is charged.,17,card_payment_wrong_exchange_rate
i bought an item at the wrong exchange rate.,17,card_payment_wrong_exchange_rate
i think the exchange rate on my card payment is incorrect.,17,card_payment_wrong_exchange_rate
i bought an item that i was charged a different exchange rate for.,17,card_payment_wrong_exchange_rate
i am not receiving the correct exchange rate on my card.,17,card_payment_wrong_exchange_rate
when i purchased a product in another country the currency exchange was incorrect.,17,card_payment_wrong_exchange_rate
the exchange rate used on your app is really bad. i'm considering closing my account because of it.,17,card_payment_wrong_exchange_rate
i think i was charged extra on my payment on last saturday. maybe the exchange rate was wrong? i'd like a refund.,17,card_payment_wrong_exchange_rate
i received the wrong exchange rate for an item i bought.,17,card_payment_wrong_exchange_rate
are you ripping people off with the exchange rate? it can't be that atrocious between banks.,17,card_payment_wrong_exchange_rate
i don't think the charges made when i had currency exchanged are right.,17,card_payment_wrong_exchange_rate
why am i being charged the wrong currency exchange when i purchased something abroad?,17,card_payment_wrong_exchange_rate
the exchange rate for my card payment doesn't seem right.,17,card_payment_wrong_exchange_rate
"when i bought something abroad, the exchange rate was wrong.",17,card_payment_wrong_exchange_rate
i didn't receive the correct exchange rate for an item that i bought.,17,card_payment_wrong_exchange_rate
why is the exchange rate on my card wrong?,17,card_payment_wrong_exchange_rate
i am being charged the wrong amount on my card.,17,card_payment_wrong_exchange_rate
the exchange rate is incorrect on an item i recently purchased in a foreign country.,17,card_payment_wrong_exchange_rate
the exchange rate is incorrect for something i bought,17,card_payment_wrong_exchange_rate
my payment had a wrong exchange rate.,17,card_payment_wrong_exchange_rate
the exchange rate for my electronic payment is incorrect.,17,card_payment_wrong_exchange_rate
why was i charged a higher exchange rate when i bought something abroad?,17,card_payment_wrong_exchange_rate
why didn't i receive the correct exchange rate for an item that i purchased?,17,card_payment_wrong_exchange_rate
why is the exchange rate on my card payment different than i expected?,17,card_payment_wrong_exchange_rate
my rate of exchange was wrong.,17,card_payment_wrong_exchange_rate
i recently bought something in foreign currency and i am unsure of the exchange rate. is this rate applied correctly?,17,card_payment_wrong_exchange_rate
i purchased something abroad but the exchange rate is incorrect.,17,card_payment_wrong_exchange_rate
a foreign purchase i made has the incorrect rate applied to it.,17,card_payment_wrong_exchange_rate
"when i was traveling abroad, the exchange rate was applied wrong.",17,card_payment_wrong_exchange_rate
there's an error in regards to the exchange rate for an item i bought.,17,card_payment_wrong_exchange_rate
"last saturday, i made a payment and the exchange rate was wrong. i was charged too much.",17,card_payment_wrong_exchange_rate
the exchange rate is bad. are you sure this is the exchange rate?,17,card_payment_wrong_exchange_rate
i purchased an item and the exchange rate was wrong,17,card_payment_wrong_exchange_rate
exchange rate on a purchase was incorrect,17,card_payment_wrong_exchange_rate
"i'm going on a trip soon and i needed to convert my russian ruble to uk pounds, but when i did, your company charged me above the exchange rate. did you mess up my transaction?",17,card_payment_wrong_exchange_rate
i was charged extra. was the exchange rate for my payment last saturday wrong?,17,card_payment_wrong_exchange_rate
the exchange rate that was applied for an international purchase was wrong.,17,card_payment_wrong_exchange_rate
"hello, i believe there has been a mistake made on the exchange rate for my card. could you please check the official interbank exchange rate for me?",17,card_payment_wrong_exchange_rate
why am i being charged more on exchange with things i bought abroad?,17,card_payment_wrong_exchange_rate
"i have been charged more than i should for the presents i bought when abroad, the problem seems to be the exchange rate.",17,card_payment_wrong_exchange_rate
i made a purchase but the exchange rate is wrong?,17,card_payment_wrong_exchange_rate
why on earth is the exchange rate so bad? can i get a rate closer to the actual interbank rate?,17,card_payment_wrong_exchange_rate
why is there an extra fee on my statement?,34,extra_charge_on_statement
why did they charge me an extra $1?,34,extra_charge_on_statement
why is there a 1 euro fee on my statement?,34,extra_charge_on_statement
why do i see an extra £1 charge on my statement?,34,extra_charge_on_statement
i am inquiring about a $1 charge on my statement.,34,extra_charge_on_statement
what is the $1 transaction on my account?,34,extra_charge_on_statement
what is this extra pound charge for?,34,extra_charge_on_statement
i was charged $1 in a transaction.,34,extra_charge_on_statement
what is the reason for the extra fee on my statement?,34,extra_charge_on_statement
there is a pending 1£ charge on my statement. i haven't purchased anything for 1£. why is it on my statement?,34,extra_charge_on_statement
have have a small charge on my account from someone i purchased with but i'm not sure what it relates to.,34,extra_charge_on_statement
"i have a strange transaction for £1 on my statement, what is that?",34,extra_charge_on_statement
i have no idea why there is a dollar that has been charged to my account.,34,extra_charge_on_statement
i have been charged a pound for something that appears on my statement,34,extra_charge_on_statement
why is there a $1 charge on my statement?,34,extra_charge_on_statement
where did this extra €1 fee on my statement come from?,34,extra_charge_on_statement
is there a reason why there is an extra £1 charge on my account?,34,extra_charge_on_statement
can you tell me what this fee is on my statement?,34,extra_charge_on_statement
why has another fee been placed on my statement?,34,extra_charge_on_statement
there has been a charge pending on my account statement that i can't figue out it's for a dollar.,34,extra_charge_on_statement
€1 was in my statement as an extra fee.,34,extra_charge_on_statement
why is there an extra charge on my statement.,34,extra_charge_on_statement
"hey, i got charged extra for some reason when i purchased an app. is this a hidden fee or something? i don't think it's very cool.",34,extra_charge_on_statement
i see a $1 charge in a transaction.,34,extra_charge_on_statement
i had to pay a pound more than i anticipated!,34,extra_charge_on_statement
there is a €1 extra fee in my statement,34,extra_charge_on_statement
my statement contained a one pound extra fee,34,extra_charge_on_statement
i checked my account today and saw that i was charged an extra pound that i did not spend.,34,extra_charge_on_statement
what is the extra €1 on my statement for?,34,extra_charge_on_statement
i see i was charged $1 for a transaction.,34,extra_charge_on_statement
$1 charge in transaction.,34,extra_charge_on_statement
"i just looked at my app and it seems i was charged extra, why is that?",34,extra_charge_on_statement
why is there an extra pound charge that is pending?,34,extra_charge_on_statement
i was wrongfully charged one pound.,34,extra_charge_on_statement
why is there an extra fee charged?,34,extra_charge_on_statement
"i just checked my statement and saw a $1 charge, why is it there?",34,extra_charge_on_statement
there is an odd 1£ charge that appears as pending on my statement. what's the reason for that? i haven't purchased anything for a pound.,34,extra_charge_on_statement
why have i been charged an extra pound?,34,extra_charge_on_statement
i think i may have been charged $1 extra on my app. could you provide some insight as to why this may have happened?,34,extra_charge_on_statement
why do i see an extra €1 charge on my statement?,34,extra_charge_on_statement
is the 1 pound charge i can see an error or an incorrect entry?,34,extra_charge_on_statement
why did i get a $1 extra fee on the statement?,34,extra_charge_on_statement
why was i charged $1 in a transaction?,34,extra_charge_on_statement
why is there a service fee on my statement?,34,extra_charge_on_statement
"my statement shows a 1£ purchase pending. i do not remember making this purchase, please let me know what this is about.",34,extra_charge_on_statement
i am seeing and extra 1$ charged to my account and wanted to know about it.,34,extra_charge_on_statement
why did you charge me extra?,34,extra_charge_on_statement
an extra pound was charged!,34,extra_charge_on_statement
i got billed an extra pound!,34,extra_charge_on_statement
why do i see an extra fee on my statement?,34,extra_charge_on_statement
"there must have been a mistake, why was i charged an extra pound?",34,extra_charge_on_statement
"when i look at my statement there is an extra fee, that is for what?",34,extra_charge_on_statement
there is an extra small charge on my card! what do i do?,34,extra_charge_on_statement
"i looked at my statement, and there is a charge for 1£ that i don't recognize. why is it on there?",34,extra_charge_on_statement
i got a €1 extra fee in my statement,34,extra_charge_on_statement
what is the extra fee on my statement?,34,extra_charge_on_statement
why have i been charged an extra £1?,34,extra_charge_on_statement
"in my statement, i got a €1 extra fee.",34,extra_charge_on_statement
why is there a charge for $1 on my account?,34,extra_charge_on_statement
"on my statement, there is a strange 1£ charge that appears as pending. what's causing that? i haven't purchased anything that's just a pound.",34,extra_charge_on_statement
what was the $1 fee i got,34,extra_charge_on_statement
i see a charge of 1l i do not recognize on my statement,34,extra_charge_on_statement
i was overcharged one extra pound!,34,extra_charge_on_statement
i noticed an extra pound charge?,34,extra_charge_on_statement
i have been charged an extra pound!,34,extra_charge_on_statement
why does my statement show a $1 charge on my account?,34,extra_charge_on_statement
why has my card been charged an extra pound?,34,extra_charge_on_statement
why does my statement have an extra fee?,34,extra_charge_on_statement
there is a €1 fee on my account i didn't authorize,34,extra_charge_on_statement
i was made to pay an additional pound!,34,extra_charge_on_statement
i was charged an extra pound for no reason. why is that?,34,extra_charge_on_statement
it appears i have a fee in my statement.,34,extra_charge_on_statement
when did i get a $1 extra fee on my statement?,34,extra_charge_on_statement
what is this fee debit on my account?,34,extra_charge_on_statement
i was charged an extra dollar on my account and would like to know the reason.,34,extra_charge_on_statement
what is this extra €1 fee about?,34,extra_charge_on_statement
i was overcharged a pound.,34,extra_charge_on_statement
why do i have an extra fee on my statement?,34,extra_charge_on_statement
what was the $1 charge for on my statement?,34,extra_charge_on_statement
i had a dollar charged to my account that's still pending and wanted to know what the charge is for?,34,extra_charge_on_statement
i was charged extra or a hidden fee when i purchased something from you. what's the deal? i didn't authorize that charge.,34,extra_charge_on_statement
what am i being charged an extra pound when i haven't bought something worth that much?,34,extra_charge_on_statement
why was i charged a small amount,34,extra_charge_on_statement
do you also have this extra fee on your statement?,34,extra_charge_on_statement
why did i get charged one pound seemingly randomly?,34,extra_charge_on_statement
why was i charged an extra pound?,34,extra_charge_on_statement
i am being charged a pound out of nowhere. what is this?,34,extra_charge_on_statement
a pending charge of 1l appears on my statement. please explain as i have not made a purchase for that amount,34,extra_charge_on_statement
why did you guys charge me an extra €1?,34,extra_charge_on_statement
why was i charged more than i should have been?,34,extra_charge_on_statement
what is the fee on my statement for?,34,extra_charge_on_statement
"hello, there seems to be a billing mistake associated with my account. my app was charged $1 more than it should have. could you please explain why this may have happened?",34,extra_charge_on_statement
why is there a pending hold on one pound on my statement?,34,extra_charge_on_statement
i need some help figuring out what this strange payment is on my account. it's stays pending and won't go away.,34,extra_charge_on_statement
what is this $1 charge on my account?,34,extra_charge_on_statement
there is a 1£ charge that appears as pending on my statement. what is that? i haven't purchased anything for a pound there.,34,extra_charge_on_statement
why did a transaction i made charge me $1?,34,extra_charge_on_statement
"there seems to be an additional charge of £1 on my statement, what is the reason for this?",34,extra_charge_on_statement
i still have not received an answer as to why i was charged $1.00 in a transaction?,34,extra_charge_on_statement
why does my statement show an extra fee?,34,extra_charge_on_statement
"there's an extra fee on my statement, why is that?",34,extra_charge_on_statement
there is some odd 1£ charge that appears as pending on my statement. what's that about? pretty sure i haven't purchased anything for a pound there.,34,extra_charge_on_statement
there is a pending payment on my account that is very strange. i don't remember making this and it won't go away. can you help me figure this out?,34,extra_charge_on_statement
can you tell me about why the account i have was charged an extra 1$,34,extra_charge_on_statement
why does my statement contain an extra fee?,34,extra_charge_on_statement
can you tell me why i was charged $1 for a transaction?,34,extra_charge_on_statement
why is there an extra €1 fee in my statement?,34,extra_charge_on_statement
"there is an extra charge on my account i didn't authorise, it's just £1, what is it?",34,extra_charge_on_statement
what is the dollar that i have pending on my statement there?,34,extra_charge_on_statement
"i see an extra $1 charge on my statement, why is this?",34,extra_charge_on_statement
can you please explain to me why there is an extra €1 fee in my statement?,34,extra_charge_on_statement
"there is an unexplained $1 charge on my statement, can you please explain this to me?",34,extra_charge_on_statement
how can i find out about an extra fee on my statement?,34,extra_charge_on_statement
"hello, i see that i have been charged an extra $1 on my app. could you please provide me with a reason for this charge?",34,extra_charge_on_statement
"in my statement, there was an extra €1 fee",34,extra_charge_on_statement
is there a reason there's an extra fee on my statement?,34,extra_charge_on_statement
what is this extra fee on my statement.,34,extra_charge_on_statement
what does the €1 fee mean?,34,extra_charge_on_statement
"there's a €1 fee on my statement, why?",34,extra_charge_on_statement
why was i charged an additional $1?,34,extra_charge_on_statement
i checked my statement and am being charged one pound. where did this charge come from?,34,extra_charge_on_statement
i do not know why i was charged for the $1 transaction.,34,extra_charge_on_statement
i wanted to know about a pending dollar that is on my statement.,34,extra_charge_on_statement
"i'm pretty frustrated about a pound charge that keeps showing up in my account statement. it's listed in the app as ""pending"", it never changes, and now i'm thinking someone's hacked my account!",34,extra_charge_on_statement
how come there is a $1 extra charge on my statement?,34,extra_charge_on_statement
i was charged an extra pound.,34,extra_charge_on_statement
there is a charge for an additional pound.,34,extra_charge_on_statement
there is a strange 1£ charge that appears as pending on my statement. what's the cause for that? i haven't purchased anything for a pound.,34,extra_charge_on_statement
i need to know what these extra charges are on my statement?,34,extra_charge_on_statement
how come there is an extra fee on my statement?,34,extra_charge_on_statement
why is there an extra charge of 1 dollar on my statement?,34,extra_charge_on_statement
"i checked my statement and saw a charge of one pound, where is this charge coming from?",34,extra_charge_on_statement
i don't understand why there is an extra €1 fee in my statement.,34,extra_charge_on_statement
why was i charged extra on my app?,34,extra_charge_on_statement
why was my account assessed a fee?,34,extra_charge_on_statement
there is an extra 1£ charge on my app. why did you charge me extra?,34,extra_charge_on_statement
why i'm i being charged an extra pound,34,extra_charge_on_statement
the $1.00 has still not been reverted as indicated in the previous email.,34,extra_charge_on_statement
my statement shows and extra 1$ that was charged to it and i would like to know why.,34,extra_charge_on_statement
"there is an extra $1 charge on my statement, why is that?",34,extra_charge_on_statement
is the 1 pound charge going to be reimbursed on my card?,34,extra_charge_on_statement
i see an extra 1£ charge on my app. why did it charge me extra?,34,extra_charge_on_statement
why is there a fee added to my statement?,34,extra_charge_on_statement
why would there be an extra charge on my app?,34,extra_charge_on_statement
there is a charge for 1£ on my statement. i do not think that i bought anything that costed 1£. what is going on?,34,extra_charge_on_statement
why does my transaction have an added fee?,34,extra_charge_on_statement
there is an extra 1£ charge on my app. why did it charge me extra?,34,extra_charge_on_statement
why is there an additional fee showing on the statement i received?,34,extra_charge_on_statement
how come i was charged a transaction of $1?,34,extra_charge_on_statement
please explain the charge of 1l in error. i have purchased nothing in this amount.,34,extra_charge_on_statement
where did the €1 fee in my statement come from,34,extra_charge_on_statement
what is this random charge of one pound doing on my account?,34,extra_charge_on_statement
i had to pay one pound more than the set price!,34,extra_charge_on_statement
my statement is showing an extra £1 charge and i am unsure why. is there an explanation for this?,34,extra_charge_on_statement
do i have a $1 extra fee on the statement?,34,extra_charge_on_statement
why is it showing that my account has been charged a dollar that is showing as pending?,34,extra_charge_on_statement
"i do not understand why there is a pending 1£ charge on my statement, i do not recall making this transaction. can you please tell me what this is about?",34,extra_charge_on_statement
my statement shows an extra fee - what is it?,34,extra_charge_on_statement
what is this €1 charge?,34,extra_charge_on_statement
how long will the $1 charge show as pending?,34,extra_charge_on_statement
i've been charged an extra £1 and i don't know what it's for,34,extra_charge_on_statement
i was overcharged an additional pound.,34,extra_charge_on_statement
i've been charged an extra £1 and i don't know why,34,extra_charge_on_statement
my statement is showing i was charged a dollar and i am not sure why.,34,extra_charge_on_statement
why is there a €1 charge on my statement?,34,extra_charge_on_statement
an extra fee of €1 was in my statement,34,extra_charge_on_statement
i would like to know why a withdraw i made for some cash shows up as pending.,46,pending_cash_withdrawal
why is my cash withdrawal still showing as pending?,46,pending_cash_withdrawal
"i have the cash already, my account still shows up as pending. how can my account be still pending?",46,pending_cash_withdrawal
i tried to get cash out of the atm but it is taking too long,46,pending_cash_withdrawal
why is the cash withdrawal under pending?,46,pending_cash_withdrawal
what does it mean if my cash withdrawal does not show up properly?,46,pending_cash_withdrawal
"hello, i have a pending transaction in my account due to an atm machine that wasn't working. in any case if the transaction goes through, after how long can i get my money back?",46,pending_cash_withdrawal
why is my atm withdrawal still pending?,46,pending_cash_withdrawal
is the cash withdrawal going to show?,46,pending_cash_withdrawal
"cash withdrawal has been pending, why is it so?",46,pending_cash_withdrawal
my account shows up as pending after i received cash from the atm earlier. how can this be still pending? i've got the cash already.,46,pending_cash_withdrawal
how long does it take to verify a cash withdraw?,46,pending_cash_withdrawal
"the transaction for the cash i pulled out of the atm earlier is pending in the app, but how if i already have the cash?",46,pending_cash_withdrawal
why has my withdrawal not posted?,46,pending_cash_withdrawal
"when i used one of the atms in the city centre today, i tried to take out some money, but for whatever reason, the machine declined my card. just checked it out in my account and that amount is still showing as pending! is there any way that you can cancel this transaction, because i did not receive any money whatsoever from the atm",46,pending_cash_withdrawal
why is the cash withdraw i made shown as pending?,46,pending_cash_withdrawal
"hello. i looked at my account and see that a transaction i tried to do is pending, but i did not complete that transaction. when i was at the atm, the machine declined my card. can you make sure that transaction does not go through because i definitely did not receive the money.",46,pending_cash_withdrawal
should my cash withdrawal still be pending?,46,pending_cash_withdrawal
"hey, i tried to withdraw some cash earlier and it's saying it's pending? will i be charged for this?",46,pending_cash_withdrawal
there should be a cash withdrawal that i haven't seen yet.,46,pending_cash_withdrawal
why is the app showing a still pending message on a withdraw that has already been done?,46,pending_cash_withdrawal
why is my cash withdrawal still pending?,46,pending_cash_withdrawal
"if my cash withdrawal is still not showing, is something wrong?",46,pending_cash_withdrawal
i noticed on my online statement that an atm withdrawal i made early is still pending. is this accurate?,46,pending_cash_withdrawal
i made a cash withdrawal at an atm but it still says pending in my account.,46,pending_cash_withdrawal
i tried to get cash at some atm in the city centre earlier but the machine declined my card. i've seen it still shows up as pending in my account. please cancel it immediately as i definitely have not received that money!,46,pending_cash_withdrawal
why hasn't my withdrawal shown on my statement?,46,pending_cash_withdrawal
i have withdrawn cash from the atm but it is showing in my account as a pending transation. why is this?,46,pending_cash_withdrawal
i made a cash withdrawal earlier and it's showing as pending. what does that mean?,46,pending_cash_withdrawal
i tried to withdraw cash at an atm in the city center but my card was declined. the transaction is still showing up as pending - please cancel it!,46,pending_cash_withdrawal
how long does it take for a cash withdrawal to show?,46,pending_cash_withdrawal
"i tried to access money earlier but the machine seems not to be working. after looking, the transaction actually shows to still being process. can you find out what is going on here? i don't want to be charged for some money i never got.",46,pending_cash_withdrawal
why is my cash withdrawal pending?,46,pending_cash_withdrawal
i withdrew cash but it still shows as pending?,46,pending_cash_withdrawal
"hi there, earlier today i tried to take money out of an atm machine, and something wasn't working. i didn't actually receive the money, but i just checked and it says that the transaction is still pending. can you tell me what's going on here? am i still being charged for the withdrawal even though i didn't end up getting any money?",46,pending_cash_withdrawal
i got some cash in the atm but its still pending,46,pending_cash_withdrawal
"so much time has gone by, the pending status shouldn't still be there shouldn't it?",46,pending_cash_withdrawal
do you know when the withdrawal will show?,46,pending_cash_withdrawal
how long will my cash withdrawal take,46,pending_cash_withdrawal
why do i still have a pending cash withdrawal?,46,pending_cash_withdrawal
i have a withdrawal waiting to go through.,46,pending_cash_withdrawal
how long does it take for a pending cash withdrawal?,46,pending_cash_withdrawal
i took out some cash from the atm but it is still showing the transaction is pending.,46,pending_cash_withdrawal
how are cash withdrawals pending?,46,pending_cash_withdrawal
"i went to an atm to get cash, but the app says the withdrawal is still pending. how is that possible when i already have the cash with me?",46,pending_cash_withdrawal
my cash withdrawal isnt showing on my account,46,pending_cash_withdrawal
what does pending mean on a cash withdrawal?,46,pending_cash_withdrawal
i'm expecting to see a cash withdrawal but i'm still waiting.,46,pending_cash_withdrawal
"so earlier i went to an atm and got cash. but when i checked the app, it states that the withdrawal is pending. how can that be when i have the cash on me?",46,pending_cash_withdrawal
how long does it take for cash withdrawals to hit my account?,46,pending_cash_withdrawal
can you explain to me why a cash withdrawal shows up as pending?,46,pending_cash_withdrawal
the machine didn't work earlier when i went to get money out and now my account says transaction in progress.why?,46,pending_cash_withdrawal
"i got cash from an atm earlier but it shows up as pending in the app. how can this still be pending, i already received the cash?",46,pending_cash_withdrawal
i made a deposit in the atm and it has not cleared,46,pending_cash_withdrawal
withdrawal pending meaning?,46,pending_cash_withdrawal
what does it mean to have a pending cash withdrawal?,46,pending_cash_withdrawal
i tried to get some money but the machine was not working .the transaction still seems in progress! can you please check what's going on.i don't want to be charged for money that i did not received.,46,pending_cash_withdrawal
"my account says there are pending funds right now from withdrawing from an atm, but my card was declined and i never took out any money. when will that money be deposited back into my account?",46,pending_cash_withdrawal
how long before i can see that my cash withdrawal has taken place?,46,pending_cash_withdrawal
"my cash withdrawal shows pending, why?",46,pending_cash_withdrawal
my account says i have money but i withdrew it in cash.,46,pending_cash_withdrawal
how do i get my cash withdrawal to show?,46,pending_cash_withdrawal
i didn't receive my money earlier and it says the transaction is still in progress. can you fix it?,46,pending_cash_withdrawal
"hello. i have a transaction in my account listed as pending. i tried to use an atm at the city centre, but the machine declined my card, and i did not receive the money. why is the transaction still pending if i did not receive the money.",46,pending_cash_withdrawal
how long does it typically take for a pending atm withdrawal to clear?,46,pending_cash_withdrawal
my cash withdrawal shows as pending still.,46,pending_cash_withdrawal
i withdrew cash and dont see it reflected on the balance,46,pending_cash_withdrawal
when will my cash withdrawal show/,46,pending_cash_withdrawal
"hello, i'm having trouble with my card, i don't understand what's happening, i tried using the atm machine earlier but it wasn't working but seems like the transactions is still in progress, can you cancel it for me?",46,pending_cash_withdrawal
looking at my account i've noticed a charge that appears to still be in progress. i had attempted to get money out of the machine earlier but the machine seemed to have been broken. i never received my money so will you please look into this for me? i don't want to be charged for money i never actually received.,46,pending_cash_withdrawal
what is a pending cash withdrawal?,46,pending_cash_withdrawal
when will a cash withdrawal show up?,46,pending_cash_withdrawal
"hi, i tried to withdraw some money from an atm and the machine was broken. it says that the transaction is still in progress. can you double check to see what's happening? i don't want to be charged since i was not able to withdraw the money.",46,pending_cash_withdrawal
my atm withdrawal is taking forever,46,pending_cash_withdrawal
what does it mean when a cash withdrawal is pending?,46,pending_cash_withdrawal
how long will my cash withdrawal be pending for?,46,pending_cash_withdrawal
why is my withdrawl to cash still pending?,46,pending_cash_withdrawal
why is the pending status on my cash withdrawal taking so long?,46,pending_cash_withdrawal
there is a pending transaction on my account for when i tried to get money from the atm earlier and it did not work. can you fix this?,46,pending_cash_withdrawal
the cash i got at the atm is still in my account.,46,pending_cash_withdrawal
how long will it take for my cash withdrawal to stop pending,46,pending_cash_withdrawal
i'm concerned because my cash withdrawal is pending.,46,pending_cash_withdrawal
what is the reason my cash withdrawal is still pending?,46,pending_cash_withdrawal
how long will it take for my cash withdrawal to no longer show as pending?,46,pending_cash_withdrawal
how long until i see a cash withdrawal?,46,pending_cash_withdrawal
my cash out is still pending,46,pending_cash_withdrawal
why does it still charge me even though i was unable to withdraw money from the atm?,46,pending_cash_withdrawal
what does it mean if my cash withdrawal is pending?,46,pending_cash_withdrawal
why is a transaction still pending?,46,pending_cash_withdrawal
i am not seeing recent cash withdrawal on my account.,46,pending_cash_withdrawal
what does a pending cash withdrawal mean?,46,pending_cash_withdrawal
"i tried to get some with-drawls but the machine didn't work. the transaction still seems in progress.seems like something is wrong,i don't want to be charged for transaction i did not make.",46,pending_cash_withdrawal
how long will a cash withdrawal be pending?,46,pending_cash_withdrawal
"if i have already completed a cash withdrawal at an atm, is it normal for it to show as a pending transaction on the app?",46,pending_cash_withdrawal
why does a cash withdrawal show as pending?,46,pending_cash_withdrawal
why would a cash withdrawal still be pending?,46,pending_cash_withdrawal
explain pending transactions.,46,pending_cash_withdrawal
how is my atm deposit not available yet?,46,pending_cash_withdrawal
"my cash withdrawal is showing as pending, why?",46,pending_cash_withdrawal
"i withdrew some cash, when is it going to show?",46,pending_cash_withdrawal
can you let me know why my cash withdrawal is still pending?,46,pending_cash_withdrawal
i made a cash withdrawal and it is still listed as a pending transaction.,46,pending_cash_withdrawal
"my cash withdrawal is pending, why?",46,pending_cash_withdrawal
"hae there, i have a transaction that is in progress despite the fact that the atm was not working, what do i do to avoid being charged?",46,pending_cash_withdrawal
"i've been waiting for 3 days, why is my withdrawal still pending?",46,pending_cash_withdrawal
"i removed cash from an atm earlier but it shows up as pending in the app. how can this still be pending, i already received the cash?",46,pending_cash_withdrawal
how long will my atm withdrawal be pending?,46,pending_cash_withdrawal
is there any reason my cash withdrawal still shows as pending?,46,pending_cash_withdrawal
its been several days and my cash withdrawal is still pending. why?,46,pending_cash_withdrawal
my account says a withdrawal is pending - why can't i take cash out of the atm?,46,pending_cash_withdrawal
"i tried to take out some money from an atm earlier today and it was declined. looking on my screen now, i still see that it's pending for that amount. i didn't actually get that money, so i don't want it processed on my account.",46,pending_cash_withdrawal
"my cash withdrawal says pending, why?",46,pending_cash_withdrawal
why is my cash still pending that i put in atm?,46,pending_cash_withdrawal
in my account i noticed my atm withdrawal is still pending,46,pending_cash_withdrawal
please cancel the latest atm charge on my card as my card was declined earlier today and i did not receive that cash.,46,pending_cash_withdrawal
"my withdrawal is pending, why?",46,pending_cash_withdrawal
why does my account show as pending a cash withdrawal from the atm that i have already made?,46,pending_cash_withdrawal
"i have a cash withdrawal that says it's pending, why?",46,pending_cash_withdrawal
i took out money from the atm and it's still showing as pending?,46,pending_cash_withdrawal
why would a cash withdrawal be pending?,46,pending_cash_withdrawal
why is the cash transaction still showing as not completed?,46,pending_cash_withdrawal
why is my withdrawal from the atm still showing as pending?,46,pending_cash_withdrawal
the cash i deposited using the atm is still pending,46,pending_cash_withdrawal
"i tried to withdraw money, but was unable to. still says that the transaction is pending? will this money disappear??",46,pending_cash_withdrawal
there is a withdrawal waiting.,46,pending_cash_withdrawal
can you please tell me why my cash withdrawal is still pending?,46,pending_cash_withdrawal
my atm withdraw is stillpending,46,pending_cash_withdrawal
"i withdrew cash from an atm earlier but it shows up as pending in the app. how can this still be pending, i received the cash already?",46,pending_cash_withdrawal
"hello, i tried to take some cash out of the atm but i looked at my statement and it still shows that it's pending. is the machine broken? will i receive my money back or will i be charged for this?",46,pending_cash_withdrawal
i made a cash withdraw and it shows up as pending why is that?,46,pending_cash_withdrawal
my last atm request did not go through due to a declined card. please cancel the request on my account.,46,pending_cash_withdrawal
what should i do if i see a withdrawal is pending?,46,pending_cash_withdrawal
my balance is not what i thought it was following an atm withdrawal,46,pending_cash_withdrawal
"i tempted to get some money out of the machine earlier and it did not work.looking now, the transaction actually shows to still be in progress. i would certainly appreciate someone look into this and let me know what's going on. i definitely do not want to be charged for money i never received.",46,pending_cash_withdrawal
"hello, i tried to take out some money out of the atm, but it's still showing that it's pending? i really don't want to be charged for this.",46,pending_cash_withdrawal
how long until a cash withdrawal will show on my account,46,pending_cash_withdrawal
when will the cash that i put in the atm be cleared from pending status?,46,pending_cash_withdrawal
"my card was declined and i did not receive money from the atm earlier, yet it show on my account that it is pending.",46,pending_cash_withdrawal
i pulled cash from the atm earlier. why is it still pending if i already have the cash?,46,pending_cash_withdrawal
my cash withdrawal has not come out of my account yet.,46,pending_cash_withdrawal
"i needed cash today, so i used another provider's atm, and when i attempted to withdraw, it declined. i just checked it out and i'm still showing my account with that amount pending! i didn't take any money out, it was declined, so i don't want that to be processed as a withdrawal.",46,pending_cash_withdrawal
why has my deposit in the atm not cleared yet?,46,pending_cash_withdrawal
why isnt my cash withdrawal showing,46,pending_cash_withdrawal
how many different currencies can i hold money in?,36,fiat_currency_support
do you allow currency exchanges?,36,fiat_currency_support
how many currencies can i have money in in my account?,36,fiat_currency_support
is the eur accepted for exchanges?,36,fiat_currency_support
is it okay to hold money in multiple currencies?,36,fiat_currency_support
can i have money in more than one currency in my account?,36,fiat_currency_support
what currencies can i have?,36,fiat_currency_support
what currencies can my account be in?,36,fiat_currency_support
how many currencies can i have?,36,fiat_currency_support
are eur exchanges allowed?,36,fiat_currency_support
i want to have multiple currencies in my account if possible.,36,fiat_currency_support
do you convert to euro?,36,fiat_currency_support
what fiat currencies can i use for holding and exchanging?,36,fiat_currency_support
can exchanged be made to eur?,36,fiat_currency_support
i need to know what flat currencies you support for holding and exchange.,36,fiat_currency_support
do you support other currencies?,36,fiat_currency_support
can you convert to eur?,36,fiat_currency_support
what are the fiat currencies used?,36,fiat_currency_support
"what currencies can i not hold many in, if so what are they?",36,fiat_currency_support
how many different currencies can i have my money in?,36,fiat_currency_support
which fiat currencies are supported by you?,36,fiat_currency_support
what currencies do you offer?,36,fiat_currency_support
are there any fiat currencies that you will not work with?,36,fiat_currency_support
i wondered if multiple currencies is okay?,36,fiat_currency_support
are all fiat currencies supported?,36,fiat_currency_support
can you tell me the names of the fiat currencies that i can use at your institution?,36,fiat_currency_support
can i change or hold different currency?,36,fiat_currency_support
which flat currencies are supported for holding and exchange?,36,fiat_currency_support
what other fiat currencies can i use?,36,fiat_currency_support
what fiat currencies do you allow exchange with?,36,fiat_currency_support
are all european currencies available for holding and exchange?,36,fiat_currency_support
can you tell me how many currencies i can hold?,36,fiat_currency_support
what types of foreign money can be used with this service.?,36,fiat_currency_support
am i allowed to hold money in multiple currencies?,36,fiat_currency_support
what fiat currencies do you support?,36,fiat_currency_support
"i need to hold money, what currencies can i use?",36,fiat_currency_support
can you do exchanges of eur?,36,fiat_currency_support
what are all the fiat currencies that are supported for both exchange and holding?,36,fiat_currency_support
what currencies can i hold?,36,fiat_currency_support
what currencies do you accept?,36,fiat_currency_support
are there limitations to what currency i can hold?,36,fiat_currency_support
what types of fiduciary currencies are supported for tenure and exchange?,36,fiat_currency_support
can i hold more than one currency?,36,fiat_currency_support
what fiat currencies are used with holdings and exchanges?,36,fiat_currency_support
is it possible to hold money in multiple currencies?,36,fiat_currency_support
can i have multiple currencies in my account?,36,fiat_currency_support
i need to know which fiat currencies i can use with you.,36,fiat_currency_support
how can i solve my issue with holding multiple currencies?,36,fiat_currency_support
what currencies do you support?,36,fiat_currency_support
do you support fiat currencies?,36,fiat_currency_support
can my account have different types of currency in it.,36,fiat_currency_support
what kind of money can i hold?,36,fiat_currency_support
will you be able to exchange to eur?,36,fiat_currency_support
is my country's currency supported by your system?,36,fiat_currency_support
what flat currencies do you support for holding and exchange?,36,fiat_currency_support
what kind of fiat currencies are supported for holding and exchange?,36,fiat_currency_support
can you make exchanges with the eur?,36,fiat_currency_support
is eur one of the currencies you deal with?,36,fiat_currency_support
are eur exchanges acceptable?,36,fiat_currency_support
what currencies can i exchange?,36,fiat_currency_support
what fiduciary currencies are supported for tenure and exchange?,36,fiat_currency_support
will you be adding more currencies in the future?,36,fiat_currency_support
how can i hold and exchange fiat currencies?,36,fiat_currency_support
what currencies are available for my use in holding and exchange?,36,fiat_currency_support
i would like for someone to tell me which fiat currencies that your company supports.,36,fiat_currency_support
which currencies are allowed?,36,fiat_currency_support
"i'm interested in using fiat currencies, which do you support?",36,fiat_currency_support
how do i go forth on holding money in multiple currencies?,36,fiat_currency_support
which currencies will you exchange?,36,fiat_currency_support
i need a list of currencies you accept for exchange.,36,fiat_currency_support
what type of fiat currencies do you support?,36,fiat_currency_support
what currencies are supported?,36,fiat_currency_support
please tell me which fiat currencies you support.,36,fiat_currency_support
do you offer services that hold money in different types of currency?,36,fiat_currency_support
what currency is supported for exchanges and holding?,36,fiat_currency_support
what fiat money can i used in the exchange and holding?,36,fiat_currency_support
what fiat currencies are used for exchange?,36,fiat_currency_support
do you provide currency exchange to euros?,36,fiat_currency_support
what country's money can i hold currency in?,36,fiat_currency_support
what other currencies can i hang onto?,36,fiat_currency_support
"i'm interested in holding and exchange for flat currencies, what do you support?",36,fiat_currency_support
do you have a problem with eur exchanges?,36,fiat_currency_support
can i exchange currency to europe?,36,fiat_currency_support
what are eligible holding and exchange currencies?,36,fiat_currency_support
"in the exchange and holding, what fiat is allowed?",36,fiat_currency_support
how can i exchange to eur?,36,fiat_currency_support
do you allow exchanges of eur?,36,fiat_currency_support
are you able to make exchanges to eur?,36,fiat_currency_support
does my account have the option to hold multiple currencies?,36,fiat_currency_support
which fiat currencies can i use through this app?,36,fiat_currency_support
"do you hold money and if so, what currencies do you accept?",36,fiat_currency_support
please tell me the types of currency i can hold.,36,fiat_currency_support
can i have multiple currencies?,36,fiat_currency_support
will you work with any fiat currencies?,36,fiat_currency_support
which flat currencies can i use from you?,36,fiat_currency_support
what fiat currencies are used for holdings?,36,fiat_currency_support
which fiat currencies do you currently support? will this change in this future?,36,fiat_currency_support
can you make exchanges using the eur?,36,fiat_currency_support
is it possible to hold money in different currencies?,36,fiat_currency_support
tell me the currencies that you support.,36,fiat_currency_support
are multiple currencies acceptable?,36,fiat_currency_support
do you deal with eur?,36,fiat_currency_support
"i heard that you support more than one type of fiat currency, would you tell me which ones please?",36,fiat_currency_support
which fiat currencies are supported for holding and exchanging?,36,fiat_currency_support
what fiat currencies are supported?,36,fiat_currency_support
what are my options for holding money in multiple currencies?,36,fiat_currency_support
what flat currencies do you use for holding and exchanges.,36,fiat_currency_support
"i want to hold and exchange fiat currencies, what can i use to do so?",36,fiat_currency_support
do you have eur currency available for me?,36,fiat_currency_support
"if i was travelling abroad, would i be able to hold currencies in euros?",36,fiat_currency_support
which fiat currencies are compatible for exchange and holding?,36,fiat_currency_support
is my fiat currency supported for both hold and exchange?,36,fiat_currency_support
i need to know which flat currencies are supported by you.,36,fiat_currency_support
please list what fiat currencies are supported for both holding and exchanging.,36,fiat_currency_support
do you have support for flat currencies?,36,fiat_currency_support
i would like to know which fiat currencies are recognized by your organization.,36,fiat_currency_support
can you change my currency to eur?,36,fiat_currency_support
are you okay with exchanges to eur?,36,fiat_currency_support
can i exchange my money for eur?,36,fiat_currency_support
can i have money of different country of origin.,36,fiat_currency_support
what are the currency types that i can keep money in.,36,fiat_currency_support
i need assistance with understanding which fiat currencies that you support.,36,fiat_currency_support
could you tell me the fiat currencies that you work with?,36,fiat_currency_support
which fiat currencies are supported?,36,fiat_currency_support
which flat currencies do you support for holding and exchange?,36,fiat_currency_support
can you tell me if i can hold money in several currencies?,36,fiat_currency_support
can it specifically be delivered on a certain date?,12,card_delivery_estimate
i need to get my card quickly,12,card_delivery_estimate
when can i expect my card? i live in the us.,12,card_delivery_estimate
help! when will the card arrive at my home?,12,card_delivery_estimate
can i get my card fast tracked?,12,card_delivery_estimate
how long is the wait for my card?,12,card_delivery_estimate
i need to expedite my card,12,card_delivery_estimate
when should i expect to receive my card?,12,card_delivery_estimate
how long until my card will get here?,12,card_delivery_estimate
how long is the delivery time to the us?,12,card_delivery_estimate
can i have it delivered on a specific date?,12,card_delivery_estimate
"i am express delivering my card to the us, how long will that take",12,card_delivery_estimate
i need my card soon.,12,card_delivery_estimate
can i choose when my card is delivered?,12,card_delivery_estimate
when will my card be here?,12,card_delivery_estimate
how long will delivery to the us take?,12,card_delivery_estimate
when can i expect delivery?,12,card_delivery_estimate
can i specify a day for my card to be delivered?,12,card_delivery_estimate
i'm worried my card might be lost in the mail? how long does it usually take to arrive?,12,card_delivery_estimate
when will my card be delivered?,12,card_delivery_estimate
can the delivery be specific to my needs?,12,card_delivery_estimate
how long does delivery take?,12,card_delivery_estimate
"to deliver to the us, how long will it take?",12,card_delivery_estimate
how quickly can you get me my card?,12,card_delivery_estimate
can i choose delivery times to suite me?,12,card_delivery_estimate
can i choose the day it's delivered?,12,card_delivery_estimate
how long will this take to get to me?,12,card_delivery_estimate
when shipped to the us how long is delivery time?,12,card_delivery_estimate
"give me my card, i need it now!",12,card_delivery_estimate
i'd like to have it delivered on saturday. is that possible?,12,card_delivery_estimate
how long will i have to wait for my new card?,12,card_delivery_estimate
how long is a delivery to the us?,12,card_delivery_estimate
what is the delivery time to the us?,12,card_delivery_estimate
how long does it take for deliver to the us?,12,card_delivery_estimate
if i order a card when does it arrive?,12,card_delivery_estimate
when can i expect my card?,12,card_delivery_estimate
how long is delivery to the us?,12,card_delivery_estimate
what is your shipping policies for cards?,12,card_delivery_estimate
i ordered my card and it isn't here yet. i need it asap. when can i expect to get it?,12,card_delivery_estimate
how long should i expect to wait for my card to arrive?,12,card_delivery_estimate
when will my card come? i need it as soon as possible!,12,card_delivery_estimate
how long should i wait for the card to arrive?,12,card_delivery_estimate
what is the wait time for delivery to the us?,12,card_delivery_estimate
can you tell me when my card will arrive?,12,card_delivery_estimate
when can i expect my card to arrive?,12,card_delivery_estimate
can i have it delivered on the date i need it delivered?,12,card_delivery_estimate
what is the length of time for one of these items to come to the u.s?,12,card_delivery_estimate
how long will it take to have my card mailed to me?,12,card_delivery_estimate
can cards be dispatched on a specific date?,12,card_delivery_estimate
can i have it by a certain date?,12,card_delivery_estimate
i need my card as quick as possible,12,card_delivery_estimate
how long will it take my card to get here?,12,card_delivery_estimate
is there a specific date it can be delivered by?,12,card_delivery_estimate
i need my card to be delivered fast,12,card_delivery_estimate
is there a specific date i can have it delivered?,12,card_delivery_estimate
how long will it take to deliver to the us?,12,card_delivery_estimate
i need my card asap!,12,card_delivery_estimate
how long will it take to get to the us?,12,card_delivery_estimate
how soon will i get my card?,12,card_delivery_estimate
what is the estimated date for delivery to us?,12,card_delivery_estimate
how long does it take for the card to come?,12,card_delivery_estimate
when will i receive the card?,12,card_delivery_estimate
when should i expect my card to arrive?,12,card_delivery_estimate
can i pay more to get it deliver quicker?,12,card_delivery_estimate
how long is the delivery to the us?,12,card_delivery_estimate
send me my card now! asap,12,card_delivery_estimate
"i haven't received my card yet, how long does it normally take?",12,card_delivery_estimate
how long is us delivery?,12,card_delivery_estimate
can you express my card to me?,12,card_delivery_estimate
when will it get delivered?,12,card_delivery_estimate
how soon will my card arrive?,12,card_delivery_estimate
i ordered my card a couple weeks ago and haven't received it yet. when can i expect it?,12,card_delivery_estimate
how long does it take for cards to be delivered after ordering them?,12,card_delivery_estimate
"if i need delivery on a certain day, is that something that could be accommodated?",12,card_delivery_estimate
how much to get my card in 2 days?,12,card_delivery_estimate
when are cards shipped?,12,card_delivery_estimate
my card is needed soon,12,card_delivery_estimate
what is the delivery time for us?,12,card_delivery_estimate
i placed my order a week ago. is it ok that my card isn't here yet?,12,card_delivery_estimate
how soon do cards arrive after i order them?,12,card_delivery_estimate
how will i get my card?,12,card_delivery_estimate
how long does it take to receive my card?,12,card_delivery_estimate
how long until the card arrives?,12,card_delivery_estimate
can i have my card delivered on tuesday?,12,card_delivery_estimate
can you tell me how long it takes for a new card to come?,12,card_delivery_estimate
i need to add express delivery if that's an option,12,card_delivery_estimate
i need my card right away.,12,card_delivery_estimate
can i choose a specific delivery date?,12,card_delivery_estimate
when will i get my card shipped to me?,12,card_delivery_estimate
do i have a say when it's delivered?,12,card_delivery_estimate
i need my card delivered as soon as possible.,12,card_delivery_estimate
i would like to make sure it is delivered on a certain date.,12,card_delivery_estimate
when will i receive my card?,12,card_delivery_estimate
could i chose the date to have it delivered?,12,card_delivery_estimate
how long does it take for a card to arrive?,12,card_delivery_estimate
will my card be here soon?,12,card_delivery_estimate
please send my card as quickly as possible.,12,card_delivery_estimate
how long does it take to get my card i am in a rush,12,card_delivery_estimate
when can i expect to receive my card?,12,card_delivery_estimate
are the delivery days flexible? my schedule only allows me to be a available on specific dates.,12,card_delivery_estimate
how many days to deliver to a us customer?,12,card_delivery_estimate
when can i expect my new card to get here?,12,card_delivery_estimate
how long are deliveries to the us?,12,card_delivery_estimate
can it be delivered on a certain date?,12,card_delivery_estimate
what is delivery speed to the united states?,12,card_delivery_estimate
how long does it take for something to be delivered to the u.s?,12,card_delivery_estimate
how long does it take for my physical card to be delivered.,12,card_delivery_estimate
what is the leadtime for a new card to show up in the mail?,12,card_delivery_estimate
what's the earliest time to receive my card?,12,card_delivery_estimate
are you sending me my card?,12,card_delivery_estimate
i need my card immediately.,12,card_delivery_estimate
when will it be delivered to the us?,12,card_delivery_estimate
can i add money automatically to my account while traveling?,4,automatic_top_up
i need help finding the auto top up option.,4,automatic_top_up
what are the maximum amount you can do for auto top-up?,4,automatic_top_up
i can't find the auto-top up option.,4,automatic_top_up
does the auto top-up have any limits?,4,automatic_top_up
when do i activate auto top-up?,4,automatic_top_up
can i have money transferred into my account at different intervals along my trip?,4,automatic_top_up
"i going to be traveling, can i set up auto top-up if i run low on money?",4,automatic_top_up
is there an automatic top up feature?,4,automatic_top_up
can i have my account add money automatically in certain intervals?,4,automatic_top_up
is there a daily auto top-up limit?,4,automatic_top_up
how do i access the option to top up?,4,automatic_top_up
i will be traveling. can i add money automatically?,4,automatic_top_up
how low does the balance have to be before the system updates?,4,automatic_top_up
is there a auto top-up option?,4,automatic_top_up
how do i set up auto top-up?,4,automatic_top_up
"if there isn't much money left over, will it top-up automatically?",4,automatic_top_up
do i need to set a limit on auto top-up?,4,automatic_top_up
can you top up your account automatically,4,automatic_top_up
can i add money to my card automatically during a trip?,4,automatic_top_up
is an auto top-up option available?,4,automatic_top_up
can i auto top if i'm low on funds?,4,automatic_top_up
tell me where i can find the auto top up feature and a little bit about it please.,4,automatic_top_up
how do i start auto top up?,4,automatic_top_up
i am inquiring about your auto top up feature.,4,automatic_top_up
can i set up an auto top-up?,4,automatic_top_up
are there any limit on the auto top-up?,4,automatic_top_up
is it possible to do auto top up?,4,automatic_top_up
is there a way to do automatic top up,4,automatic_top_up
i would like to top up my account automatically. how do i do that?,4,automatic_top_up
i want to set up an auto top-up,4,automatic_top_up
if i don't have much money in the account can i auto top-up?,4,automatic_top_up
can i schedule future top ups?,4,automatic_top_up
can i set automatic top ups?,4,automatic_top_up
i need to know the if there is a limit on the amount for auto top-up.,4,automatic_top_up
can i set up to my account to automatically top up?,4,automatic_top_up
does the app top up automatically?,4,automatic_top_up
"if there isn't a lot of money left, will it automatically top-up money?",4,automatic_top_up
in what increments can i top-up my card?,4,automatic_top_up
does auto top-up have a limit?,4,automatic_top_up
if i am running low on credit can i auto top up?,4,automatic_top_up
is there an auto top up feature?,4,automatic_top_up
is there such thing as an auto top-up option?,4,automatic_top_up
how can i use thereto-top option?,4,automatic_top_up
when i travel can it top up automatically,4,automatic_top_up
is there an auto top up option?,4,automatic_top_up
where do i find the auto top- up?,4,automatic_top_up
how can i add money automatically?,4,automatic_top_up
where can i located the auto-top up option?,4,automatic_top_up
"i'm going to travel, can i have it add money automatically in certain intervals?",4,automatic_top_up
i will be traveling and want money to be added automatically in certain intervals. is this possible?,4,automatic_top_up
do i have to manually top up once i'm too low?,4,automatic_top_up
how will i know when i can use the auto top-up feature?,4,automatic_top_up
what are the auto-top up policies?,4,automatic_top_up
can i auto-top up? how do i do it?,4,automatic_top_up
how do i get refills to my card when i'm traveling?,4,automatic_top_up
what is the limit on auto top?,4,automatic_top_up
how do i auto top-up?,4,automatic_top_up
can it add money automatically while travelling,4,automatic_top_up
is auto top up a provided service?,4,automatic_top_up
when the time is right will this automatically replenish my balance?,4,automatic_top_up
will money be added automatically when necessary?,4,automatic_top_up
can i automatically top-up when traveling?,4,automatic_top_up
what is the maximum for auto top-up?,4,automatic_top_up
is there a way to top-up when it reaches a certain balance?,4,automatic_top_up
can i set the account to auto top-up?,4,automatic_top_up
are there any hidden limit on the auto top-up?,4,automatic_top_up
"i am traveling, what can i do to set up auto top-up?",4,automatic_top_up
"what are my options for topping up, automatic and/or manual?",4,automatic_top_up
"when i travel, can it automatically add money in certain intervals?",4,automatic_top_up
is auto top up available?,4,automatic_top_up
i want to auto top-up.,4,automatic_top_up
when i'm traveling is it possible to add money automatically at certain time points?,4,automatic_top_up
do you offer auto top ups?,4,automatic_top_up
is there a limit on auto top-up?,4,automatic_top_up
i'm trying to activate the auto-top up function. where is it?,4,automatic_top_up
what's the limit for auto top-up?,4,automatic_top_up
how do i top-up automatically?,4,automatic_top_up
how do i access the auto top-up option?,4,automatic_top_up
where can i find the auto-top up feature?,4,automatic_top_up
"if my funds are running low, will the app top up automatically?",4,automatic_top_up
can i set it up to add money every few days automatically while i am traveling?,4,automatic_top_up
i want to add money automatically when i travel.,4,automatic_top_up
is there a function where i can top-up automatically?,4,automatic_top_up
can i use an auto top-up option?,4,automatic_top_up
can topping up be automatic?,4,automatic_top_up
can i auto top up multiple times?,4,automatic_top_up
i want to use auto top-up. is there a limit?,4,automatic_top_up
do you have an option for auto top up?,4,automatic_top_up
how do i activate auto top-up when traveling?,4,automatic_top_up
where can i find the auto-top option?,4,automatic_top_up
what is the maximum times i can auto top-up?,4,automatic_top_up
how many times can i auto top-up?,4,automatic_top_up
what are the auto top-up policies?,4,automatic_top_up
"what, if any, is the limit for auto top-up?",4,automatic_top_up
"if my account is low in funds, can i set an auto top-up?",4,automatic_top_up
will the system automatically top up itself?,4,automatic_top_up
can i get an auto top-up?,4,automatic_top_up
where do i find the auto top up option?,4,automatic_top_up
what are the restrictions on auto top-up?,4,automatic_top_up
how can i setup automatic top-up?,4,automatic_top_up
can it automatically top up my account?,4,automatic_top_up
can i top-up automatically?,4,automatic_top_up
"i heard you have an auto-top up option, where do i find that?",4,automatic_top_up
where do i access the auto top-up function?,4,automatic_top_up
what about a auto top-up?,4,automatic_top_up
how can i get it to add money automatically while travelling,4,automatic_top_up
"what about an auto top-up, is that a option?",4,automatic_top_up
can i setup top ups in advance?,4,automatic_top_up
where can i located the auto top up function?,4,automatic_top_up
is there a way to set up an auto top-up?,4,automatic_top_up
i have a trip coming up and want to add money automatically.,4,automatic_top_up
where can i find the auto-top up option?,4,automatic_top_up
can it add money every so often automatically while i travel?,4,automatic_top_up
will the system automatically update once there is no more money left?,4,automatic_top_up
"when traveling, is it possible for it to add money at specific time intervals?",4,automatic_top_up
how do i top-up while traveling?,4,automatic_top_up
auto-top up option can be found where?,4,automatic_top_up
do i have to manually top-up my account each time or will it do it on its own?,4,automatic_top_up
can i auto top-up as much as i want?,4,automatic_top_up
can i add money in intervals to my account? i will be traveling.,4,automatic_top_up
is there a limit to auto top?,4,automatic_top_up
"my funds are low, can i auto top up?",4,automatic_top_up
i know there's an auto-top option but i can not locate it when i look?,4,automatic_top_up
is it possible to top-up automatically?,4,automatic_top_up
what is the auto top-up limit?,4,automatic_top_up
do you have an auto-top function and how do i use it if so?,4,automatic_top_up
i can't use my card because it is not working.,14,card_not_working
i can't seem to be able to use my card,14,card_not_working
"my card isn't working at all, i need assistance. it's really frustrating.",14,card_not_working
can you tell me what the problem with my card is? it was declined at a restaurant today.,14,card_not_working
how do i fix a broken card?,14,card_not_working
my card was working but now it doesn't.,14,card_not_working
i cannot seem to use my card.,14,card_not_working
i think my card is broke it's not working anymore,14,card_not_working
i have not been able to use this card.,14,card_not_working
what do i do if i accidentally broke my card?,14,card_not_working
how come my card doesn't work anymore?,14,card_not_working
"for a week now, i have tried to use my card and it is still not working.",14,card_not_working
my actual card isn't functioning.,14,card_not_working
i can't get the card itself to work.,14,card_not_working
what should i do if my card doesn't work?,14,card_not_working
why won't my card work.,14,card_not_working
my card will not work,14,card_not_working
my card is not working.,14,card_not_working
how long the card validity,14,card_not_working
my card seems to not be working at all.,14,card_not_working
my card gets rejected when i try to use it,14,card_not_working
i am unable to use my card for some reason.,14,card_not_working
why can't i use my card?,14,card_not_working
i think my card is broke?,14,card_not_working
what do i do? my card is broken.,14,card_not_working
"my netflix subscription says that there is an issue with my card information, but i thought everything was fine. why would it be declined?",14,card_not_working
my card was declined at a restaurant today and i don't know what the problem is.,14,card_not_working
what is the reason for that,14,card_not_working
my card is not working when i try to use it.,14,card_not_working
how do i check security settings on my card?,14,card_not_working
my card isn't working at all. what happened?,14,card_not_working
today i was out eating and my card was declined. why's that?,14,card_not_working
what are ways to test why my card might not be working?,14,card_not_working
currently my card is broken.,14,card_not_working
my card won't work at all for anything.,14,card_not_working
how do i fix my card if it is broken?,14,card_not_working
why doesn't my card work for any transactions?,14,card_not_working
"i tried using my card, but it doesn't work.",14,card_not_working
my card hasn't been working for even small transactions today.,14,card_not_working
what do i do if the machine rejects my card?,14,card_not_working
something's wrong my card won't work.,14,card_not_working
i tried to use my card today in the restaurant but it didn't work and just got declined. what's wrong?,14,card_not_working
"suddenly, my card won't work.",14,card_not_working
my card hasn't been working when i try to use it.,14,card_not_working
my physical card is not working,14,card_not_working
i can't seem to be able to use my card,14,card_not_working
why is my physical card not working?,14,card_not_working
help. my card is broken.,14,card_not_working
i am unable to use my card.,14,card_not_working
"no transactions are being accepted, what's wrong with my card?",14,card_not_working
is my card frozen?,14,card_not_working
my card was declined at a restaurant today and i am not sure why.,14,card_not_working
what do i do now that i can't use this card?,14,card_not_working
my card doesn't seem to work anymore,14,card_not_working
"out of the blue, my card stopped working.",14,card_not_working
i can't seem to use my card. can you help?,14,card_not_working
how do i re-order a damaged card?,14,card_not_working
why is my card not working anymore?,14,card_not_working
i can't use my card for anything,14,card_not_working
what's wrong with my card? the clerk at the grocery store said it was declined.,14,card_not_working
what should i do if i can't use my card?,14,card_not_working
can i use app to reset pin attempts?,14,card_not_working
please help. the card won't work.,14,card_not_working
i wasn't able to use my card today when i went out for lunch. wondering why that is?,14,card_not_working
my card doesn't seem to work.,14,card_not_working
currently i can't get my card to work.,14,card_not_working
what is the main reason of this problem,14,card_not_working
how do i get my card to work?,14,card_not_working
what can i do to make my physical card work?,14,card_not_working
can you tell me why i can't make any transactions?,14,card_not_working
there is something wrong with my card. tried to use it a few times today in different places and it just didn't work. the transactions i tried to make were really small so not sure what's going on,14,card_not_working
can you tell me whats going on with my card it seems to be not working?,14,card_not_working
how do i check security settings using the app?,14,card_not_working
i tried using my card at multiple vendors and now it's not working.,14,card_not_working
"can you help me with my card, i think it's broke.",14,card_not_working
the card is non-functional.,14,card_not_working
i haven't been able to complete any transactions on my card today. do you know what's wrong?,14,card_not_working
today i used my card at a restaurant and it was declined. why?,14,card_not_working
did you deactivate my card it's not working anymore,14,card_not_working
need help to get my card to work.,14,card_not_working
why isn't my card working anymore?,14,card_not_working
why won't my card work anymore?,14,card_not_working
why won't the machine accept my card anymore?,14,card_not_working
when i was in a restaurant today my card was declined and payment wouldn't go through and i need help. can you fix this?,14,card_not_working
what to do if my physical card is not working?,14,card_not_working
my card stopped working after multiple transactions. why?,14,card_not_working
why won't my card accept any transactions?,14,card_not_working
"i think my card is broken or something. i tried using it and it wouldn't go through, please help.",14,card_not_working
my card is broken,14,card_not_working
i tried to purchase airline tickets online this morning and my card information isn't working. is there something going on with my account?,14,card_not_working
my card no longer works.,14,card_not_working
i seem to be unable to make any transactions.,14,card_not_working
i can't get my actual card to work,14,card_not_working
my card doesn't work when i use it.,14,card_not_working
what do i do if my card gets broken?,14,card_not_working
i am having problems with my physical card.,14,card_not_working
how can i get my card to work?,14,card_not_working
i need help with understanding why my card is not working.,14,card_not_working
please help me! my physical card isn't working right.,14,card_not_working
my card stopped working. how do i check if there is a freeze on it?,14,card_not_working
"i don't know what's wrong with my card, but it has not worked at multiple places today.",14,card_not_working
i need clarity on why my card is not working.,14,card_not_working
my card won't physically work.,14,card_not_working
what's going on? my card wont accept any transactions.,14,card_not_working
my card don't work.,14,card_not_working
my card won't work right now.,14,card_not_working
how can it be that my card is not functioning anymore?,14,card_not_working
what's going on with my card? i've tried multiple times and it never goes through.,14,card_not_working
how long to take the time to solve,14,card_not_working
what do i do if my card is not working?,14,card_not_working
what should i do if my physical card isn't working?,14,card_not_working
the card that i have isn't working. this is the physical card.,14,card_not_working
can i change from aud to gbp?,33,exchange_via_app
"i need to exchange between different currencies, like gbp and usd. can i do that with your app?",33,exchange_via_app
how can i change to another currency?,33,exchange_via_app
does the app allowing exchanges between usd and gbp,33,exchange_via_app
what if i need to use gbp instead of usd?,33,exchange_via_app
i am from x but am traveling to y - how do i get currency for y?,33,exchange_via_app
is it possible to change from aud to gbp?,33,exchange_via_app
can money be exchanged from one currency to another?,33,exchange_via_app
how can i change usd to gbp?,33,exchange_via_app
what currencies can be exchanged in the app?,33,exchange_via_app
can i add a new currency to my account?,33,exchange_via_app
how can i exchange aud for gbp?,33,exchange_via_app
can i possibly change my currency to another?,33,exchange_via_app
i would like to exchange currencies on the app. how do i do this?,33,exchange_via_app
what do i do to exchange currency?,33,exchange_via_app
is it possible to exchange currencies?,33,exchange_via_app
can turn my money into another currency?,33,exchange_via_app
i would like to change to a different currency.,33,exchange_via_app
how can i change currency type?,33,exchange_via_app
"i do not need gbp, i need aud, how do i convert it?",33,exchange_via_app
"instead of gbp, how do i exchange for aud?",33,exchange_via_app
is currency exchange possible?,33,exchange_via_app
"using your app, would i be able to exchange between usd and gbp?",33,exchange_via_app
can i use this app for both usd and gbp?,33,exchange_via_app
i am trying to find out how to exchange currency x with currency y.,33,exchange_via_app
does your app allow currency exchanges between usd and gbp?,33,exchange_via_app
"with this app, will i be able to exchange currency?",33,exchange_via_app
how do i change my currency to another?,33,exchange_via_app
how do i exchange currencies using the app?,33,exchange_via_app
does this app allow currencies to be exchanged?,33,exchange_via_app
can i exchange usd for gbp in your app?,33,exchange_via_app
is it possible to exchange currencies using the app?,33,exchange_via_app
how do i exchange currencies using this app?,33,exchange_via_app
i want to exchange usd and gbp with the app,33,exchange_via_app
how do i change my aud into gbp?,33,exchange_via_app
how can i convert currencies?,33,exchange_via_app
can i use your app to exchange between usd and gbp,33,exchange_via_app
i need to get some euros for my holiday. am i able to exchange some of my money?,33,exchange_via_app
can currencies be exchanged on this app?,33,exchange_via_app
how do i change to a different currency?,33,exchange_via_app
is exchanging currencies a feature of the app?,33,exchange_via_app
where can i get my currencies exchanged?,33,exchange_via_app
is exchanging currencies one of your app services?,33,exchange_via_app
can i convert currency with the app?,33,exchange_via_app
"i might need to exchange between usd and gbp, is this possible with your app?",33,exchange_via_app
"i need to exchange my gbp to aud, how would i do this?",33,exchange_via_app
do you support changing the currency i use?,33,exchange_via_app
can i convert money into different currencies?,33,exchange_via_app
where can i exchange between gbp and usd,33,exchange_via_app
how to exchange my currency,33,exchange_via_app
how do i use the app to exchange currencies?,33,exchange_via_app
"i no longer need aud, i need gbp instead, how can i make this happen?",33,exchange_via_app
"i am trying to exchange aud for gbp, how do i do that?",33,exchange_via_app
how do i exchange usd to gbp?,33,exchange_via_app
is there a way to make my money usable in another country?,33,exchange_via_app
how do i exchange aud for gbp?,33,exchange_via_app
can i use this app to exchange currencies?,33,exchange_via_app
how can i exchange currencies using your app?,33,exchange_via_app
how do i go about exchanging currencies with this app?,33,exchange_via_app
can i exchange from usd to gbp?,33,exchange_via_app
does your app allow currency exchange from usd to gbp?,33,exchange_via_app
what currences are available for exchange?,33,exchange_via_app
is this app capable of exchanging currencies?,33,exchange_via_app
is it possible to change from usd to gbp with your app?,33,exchange_via_app
"if i need to make an exchange from usd to gbp, how can i do so in the app?",33,exchange_via_app
can i use this app to exchange between dollars and pounds?,33,exchange_via_app
will this app allow me to exchange currencies?,33,exchange_via_app
is it possible to exchange usd and gbp on the app?,33,exchange_via_app
"i may need to exchange my usd for gbp, can your app do that?",33,exchange_via_app
how do i exchange currencies with this,33,exchange_via_app
i need australian dollars instead of uk currency.,33,exchange_via_app
i'm having difficulties changing aud for gbp. how do i do this?,33,exchange_via_app
can i exchange currencies with the app?,33,exchange_via_app
will you tell me how to exchange usd for gbp in the app?,33,exchange_via_app
how do you exchange currencies,33,exchange_via_app
how can i exchange currencies with this app?,33,exchange_via_app
how can i exchange gbp for aud?,33,exchange_via_app
can i exchange currency for different types?,33,exchange_via_app
does this app exchange currencies?,33,exchange_via_app
is it possible to exchange currencies on the app?,33,exchange_via_app
what's the process of changing from gbp to aud?,33,exchange_via_app
how do i switch to a different currency?,33,exchange_via_app
what's the procedure with currency exchange?,33,exchange_via_app
how to i switch my money for the money used in another country?,33,exchange_via_app
will it be possible to change from usd to gbp with this app?,33,exchange_via_app
i would like to change currency,33,exchange_via_app
how do i make a currency exchange?,33,exchange_via_app
"i can't figure out how to change gbp to aud, what do i do?",33,exchange_via_app
"i accidentally chose to exchange gbp, but i need to pick aud. how can i change it?",33,exchange_via_app
how can i exchange usd and gbp in the app?,33,exchange_via_app
how can i exchange currencies in the app?,33,exchange_via_app
i need to exchange a currency - can i do that here?,33,exchange_via_app
how can i change the currency i'm exchanging from aud to gbp?,33,exchange_via_app
what do i need to do to exchange my money?,33,exchange_via_app
"i would like to exchange currencies, how do i go upon it?",33,exchange_via_app
what different currencies can i get?,33,exchange_via_app
i would like to exchange currency what types are there?,33,exchange_via_app
how to exchange currencies,33,exchange_via_app
can i use your app to exchange usd for gbp?,33,exchange_via_app
can this convert money?,33,exchange_via_app
can you tell me how to get aud not gbp?,33,exchange_via_app
how can i trade currencies with this app?,33,exchange_via_app
can i exchange currencies usign this app?,33,exchange_via_app
can this app be used to exchange currencies?,33,exchange_via_app
need to exchange currencies,33,exchange_via_app
how do i change to aud from gbp?,33,exchange_via_app
how do i start an exchange between gbp and aud?,33,exchange_via_app
whats types of currency can i exchange?,33,exchange_via_app
how can i exchange currencies,33,exchange_via_app
can i exchange usd and gbp from the app?,33,exchange_via_app
what steps do i need to take to exchange currencies?,33,exchange_via_app
what other currencies are available to change to?,33,exchange_via_app
what currencies can i exchange between on your app?,33,exchange_via_app
can this app exchange american and english currency?,33,exchange_via_app
my plans may change so i may need to change from gbp to aud.,33,exchange_via_app
does the app allow for exchanges between currencies?,33,exchange_via_app
"i may no longer need gbp, but instead i will need aud, how can i go about making this change?",33,exchange_via_app
can i use this app to change money?,33,exchange_via_app
has there been any activity on my card today?,41,lost_or_stolen_card
i lost my wallet and all my cards were in it.,41,lost_or_stolen_card
i'm panicking! i lost my card! help!,41,lost_or_stolen_card
i need to report a stolen card,41,lost_or_stolen_card
how do i replace a stolen card?,41,lost_or_stolen_card
can you provide information for freezing my card immediately?,41,lost_or_stolen_card
what's the phone number to freeze a card?,41,lost_or_stolen_card
i can't find my card! can you help?,41,lost_or_stolen_card
"hi, i am on vacation in spain and someone stole my bag with my phone and wallet with cards and everything. can you block it asap and then i want to order a new one also asap.",41,lost_or_stolen_card
help! i lost my card!,41,lost_or_stolen_card
my card is missing. please help.,41,lost_or_stolen_card
i think that my card has been stolen!,41,lost_or_stolen_card
my card was stolen,41,lost_or_stolen_card
a fee shouldn't apply to me if my card was stolen.,41,lost_or_stolen_card
"my card has been stolen. i reported it with the police, but i need to report it with you as well.",41,lost_or_stolen_card
can you tell me the status of my new card?,41,lost_or_stolen_card
my card has been stolen what do i do?,41,lost_or_stolen_card
"i can't find my card, it is lost.",41,lost_or_stolen_card
my card is lost! please help me!,41,lost_or_stolen_card
i believe that my card has been stolen!,41,lost_or_stolen_card
what should i do if i think my card was stolen?,41,lost_or_stolen_card
can you send me a new card and block my current one. i'm in spain and my wallet was stolen.,41,lost_or_stolen_card
"i thought i left my card at a restaurant, but they claim not to have it and now i don't have any idea where it is. i'm so worried that someone might be using it fraudulently. is there any way to look into this?",41,lost_or_stolen_card
my bag got stolen with all my cards. can you please cancel my card and send a new one?,41,lost_or_stolen_card
i think my card is stolen!,41,lost_or_stolen_card
"help! i fear that my card was stolen,",41,lost_or_stolen_card
someone stole my card!,41,lost_or_stolen_card
are you able to guide me to my card's location?,41,lost_or_stolen_card
how can i report that my card was stolen? i made a police report first.,41,lost_or_stolen_card
my card is missing! help!,41,lost_or_stolen_card
"my wallet was stolen, along with my cards. how do i put a freeze on my cards and order a new one?",41,lost_or_stolen_card
could you please freeze my card immediately?,41,lost_or_stolen_card
"i need help, i lost my card",41,lost_or_stolen_card
what can i do if i lost my card?,41,lost_or_stolen_card
i think that the card is stolen. what are my next steps?,41,lost_or_stolen_card
what do i do if my card is stolen?,41,lost_or_stolen_card
my card is stolen. help!,41,lost_or_stolen_card
i lost track of my card,41,lost_or_stolen_card
report stolen card,41,lost_or_stolen_card
help! my card is stolen.,41,lost_or_stolen_card
"my card was lost on vacation, i don't know where it is. can you help me take care of this immediately?",41,lost_or_stolen_card
i have lost my card! what is my next step?,41,lost_or_stolen_card
my card has been lost! help!,41,lost_or_stolen_card
what do i do if my card has been lost or stolen?,41,lost_or_stolen_card
help me! i lost my card. what should i do?,41,lost_or_stolen_card
someone stole my wallet with my card in it while vacationing in spain. i really need my card blocked and a new one ordered.,41,lost_or_stolen_card
who can i speak with regarding a lost card?,41,lost_or_stolen_card
my card has gone missing.,41,lost_or_stolen_card
oh my god i lost my card! what should i do?,41,lost_or_stolen_card
i can't find my card! what should i do?,41,lost_or_stolen_card
what is the first step that i should take after my card has been stolen?,41,lost_or_stolen_card
i seem to have lost my card.,41,lost_or_stolen_card
my card was stolen. what do i need to do?,41,lost_or_stolen_card
someone took my card without permission,41,lost_or_stolen_card
i lost my card n need a new one.,41,lost_or_stolen_card
my card has been lost / stolen,41,lost_or_stolen_card
i misplaced my card and i dont know where the last place is where i used the card last. can you look at my account and tell me the last place i used the card?,41,lost_or_stolen_card
please help me. my card is missing.,41,lost_or_stolen_card
"i lost my card, what do i do now?",41,lost_or_stolen_card
i need to order a new card as my other one was stolen.,41,lost_or_stolen_card
i think someone stole my card because i can't find it.,41,lost_or_stolen_card
what are the steps i need to do if i have a stolen card?,41,lost_or_stolen_card
i cant find my card.,41,lost_or_stolen_card
i think my card is lost. what do i do?,41,lost_or_stolen_card
what should i do if my card is stolen?,41,lost_or_stolen_card
how do i deactivate a stolen card?,41,lost_or_stolen_card
"i want to block my card or deactivate it or something, it's been stolen and i don't want it misused. i want this handled right away.",41,lost_or_stolen_card
someone took my card without my permission.,41,lost_or_stolen_card
need help with a stolen card.,41,lost_or_stolen_card
"help, lost my card",41,lost_or_stolen_card
what do i do if my card was stolen.,41,lost_or_stolen_card
i think my wallet fell out on the tube today! i realized as soon as i got to my desk. how do i cut off the card?,41,lost_or_stolen_card
my card is missing.,41,lost_or_stolen_card
how do i report my card as lost or stolen?,41,lost_or_stolen_card
is there any way for you to find my card?,41,lost_or_stolen_card
i've lost my card. what can i do about that?,41,lost_or_stolen_card
i left my card at a restaurant and now its missing.,41,lost_or_stolen_card
can you help me retrieve my card?,41,lost_or_stolen_card
i lost my card. can you help me?,41,lost_or_stolen_card
what should i do? my card has been stolen!,41,lost_or_stolen_card
my card was stolen last night.,41,lost_or_stolen_card
could you assist me in finding my lost card?,41,lost_or_stolen_card
i want to open an account for my children,1,age_limit
how old do you need to be to use the banks services?,1,age_limit
whats the minimum age to have an account,1,age_limit
can my children open an account?,1,age_limit
how old do i need to be?,1,age_limit
what are age requirements for opening an account?,1,age_limit
is there any age limit?,1,age_limit
we want to start a college fund for my daughter.,1,age_limit
hold old do my kids have to be to use the service?,1,age_limit
can i start an account for my kids?,1,age_limit
how old does my daughter have to be to open an account?,1,age_limit
what is minimum age for an account?,1,age_limit
what is needed for my daughter to open an account?,1,age_limit
what about my children?,1,age_limit
what is the process for setting up and account for my child?,1,age_limit
is there an age limit to open an account,1,age_limit
how old do my kids have to be use this?,1,age_limit
can i make an account for my kids?,1,age_limit
i'd like to open an account for my kids can i do that?,1,age_limit
would it be possible to open up an account for children?,1,age_limit
do you have any age limit?,1,age_limit
if i want my son to have his own account is that possible?,1,age_limit
could i open an account for children?,1,age_limit
what does my daughter need to open an account?,1,age_limit
can my children get an account?,1,age_limit
what is the age limit for an account?,1,age_limit
what age do you have to be?,1,age_limit
what is the appropriate age for my child to be able to open an account?,1,age_limit
how do i open an account for my children?,1,age_limit
what are the requirements to open an account for a minor?,1,age_limit
are there age requirements,1,age_limit
is there an age limit for opening an account?,1,age_limit
can my 8 year old grandson open an account at the bank?,1,age_limit
what is the minimum age required to open an account with your service?,1,age_limit
"if i want to get an account for my daughter, can i do that?",1,age_limit
how old do you have to be to open an account?,1,age_limit
i have young kids. can they use this service?,1,age_limit
do you have an age limit?,1,age_limit
how old do you have to be?,1,age_limit
could my daughter open an account?,1,age_limit
can i open an account for my children?,1,age_limit
what would the age limit be?,1,age_limit
what are the age requirements for service?,1,age_limit
i am 16 and just started working at mcdonalds can i deposit my checks at your bank?,1,age_limit
is there a possibility to open an account for my sons and daughters?,1,age_limit
is there an age limit to get an account?,1,age_limit
what is the age limit for opening a new account,1,age_limit
is my daughter eligible to open an account?,1,age_limit
how do i set up an account for my children?,1,age_limit
may i get an account for my daughter?,1,age_limit
what is the minimum age limit?,1,age_limit
how old must i be to open an account?,1,age_limit
what is the age limit?,1,age_limit
can my children have an account?,1,age_limit
is there any way i could open an account for my daughter?,1,age_limit
can i get an account for my daughter?,1,age_limit
how old do you need to be to open an account?,1,age_limit
do you offer account services for children and teens?,1,age_limit
from which age can my kids use your service?,1,age_limit
what is the youngest age for an account?,1,age_limit
i have kids and i'm curious at what age could they start to use your service.,1,age_limit
at what age can i open an account?,1,age_limit
i'd like to open an account for my children. how can i do that?,1,age_limit
can i open up an account for my child?,1,age_limit
is there a limit for age?,1,age_limit
how can i open an account for my children?,1,age_limit
do you have a children account available?,1,age_limit
at what age can my children use your service?,1,age_limit
i want to open an account for my child.,1,age_limit
at what age can a person open an account?,1,age_limit
how old do kids have to be to open an account?,1,age_limit
what is your age limit?,1,age_limit
how old do my kids need to be to use your service?,1,age_limit
i would like to get an account for my child.,1,age_limit
would i be able to open an account for my daughter?,1,age_limit
can my teenager have an account?,1,age_limit
what age do you have to be to open an account?,1,age_limit
how old do my kids need to be to open an account?,1,age_limit
as my kids get older are they able to get set up with their own accounts?,1,age_limit
is there an age limit to when my child can use these services?,1,age_limit
how many years old do i have to be?,1,age_limit
do you have a limit for someone's age?,1,age_limit
do you have any accounts for children ?,1,age_limit
can my daughter make an account?,1,age_limit
"i need to set up an account for my daughter, how would i do that?",1,age_limit
how old can one use your service?,1,age_limit
do you have to be 18 to make an account?,1,age_limit
would i be able to get an account for my child?,1,age_limit
can i get an account for my son?,1,age_limit
do i have to be 18 to open an account?,1,age_limit
am i allowed to get an account for my daughter?,1,age_limit
my daughter needs to open account.,1,age_limit
can i open an account for my offspring?,1,age_limit
do you offer account's for minors?,1,age_limit
what are the age limits for your service?,1,age_limit
how old do you need to be to have an account?,1,age_limit
how old does my daughter need to be to have her own account?,1,age_limit
"my son has just turned 13, is he old enough for an account?",1,age_limit
do you guys have any age restrictions?,1,age_limit
is there a minimum age for having an account?,1,age_limit
how old does one need to be?,1,age_limit
my daughter needs an acount.,1,age_limit
what is the age requirement?,1,age_limit
is there a certain age i need to be?,1,age_limit
is my child too young to sign up?,1,age_limit
am i able to open an account for my children?,1,age_limit
can i make an account for my daughter?,1,age_limit
what's the youngest i can be to open an account?,1,age_limit
do you have an age requirement when opening an account with your service?,1,age_limit
is it possible for me to set up separate accounts for my kids?,1,age_limit
i have exceeded the number of pin attempts,49,pin_blocked
i mistook my pin and now i am locked. can you unlock me?,49,pin_blocked
please help me unblock my pin which i put the wrong one too many times.,49,pin_blocked
help me unblock my account. i entered the pin wrong too many times.,49,pin_blocked
"i locked myself out of my account, how do i unblock my pin?",49,pin_blocked
my pin tries have run out. now what?,49,pin_blocked
can i reset my pin if it is blocked?,49,pin_blocked
"after inputting the wrong pin too many times, can you now help me unblock my pin?",49,pin_blocked
where do i find pin for my card?,49,pin_blocked
can someone help me unblock my pin?,49,pin_blocked
i attempted to enter my pin to many times.,49,pin_blocked
i forgot my pin and now it is blocked.,49,pin_blocked
can someone assist me with explaining how i can unblock my pin?,49,pin_blocked
"my pin needs unblocking, unblock it please?",49,pin_blocked
what do i have to do to get my pin unblocked?,49,pin_blocked
i tried my pin too many times and now my card won't work!,49,pin_blocked
i entered a wrong pin too many times. how can i fix this?,49,pin_blocked
how can i unblock my pin?,49,pin_blocked
when i was drunk i got my card stuck in your machine because i mis-typed my pin. what do i need to do to get it restored?,49,pin_blocked
i cannot try my pin anymore.,49,pin_blocked
what's the web address to unblock my pin?,49,pin_blocked
how do i make my pin work again?,49,pin_blocked
what steps do i take to unblock my pin?,49,pin_blocked
my pin was entered wrong and now i am blocked. please unblock.,49,pin_blocked
can i use app to unblock my card?,49,pin_blocked
i tried the wrong pin too many times.,49,pin_blocked
help me unblock my pin.,49,pin_blocked
can i unblock my pin in the app?,49,pin_blocked
how can i get my pin unblocked?,49,pin_blocked
i forgot my pin number.,49,pin_blocked
i tried entering my pin several times incorrectly. why isn't my pin working?,49,pin_blocked
i need my pin unlocked.,49,pin_blocked
i can't input my pin again.,49,pin_blocked
how do i take a block off my card?,49,pin_blocked
will you help me unblock my pin after putting in the wrong pin too many times?,49,pin_blocked
what do i do if i forgot my pin?,49,pin_blocked
what is the process for unlocking the pin?,49,pin_blocked
how do i go about unlocking a pin?,49,pin_blocked
"i enetered the wrong information, i need my account unblocked how do i do that?",49,pin_blocked
"my pin is locked, how do i unlock it?",49,pin_blocked
i entered in the wrong pin. please help me unlock my account.,49,pin_blocked
"if my pin number is rejected, how do i solve it?",49,pin_blocked
why was my pin blocked?,49,pin_blocked
i put the wrong pin too many times and now it is blocked. can you help me unblock it?,49,pin_blocked
where can i go to get my pin unblocked?,49,pin_blocked
what is the procedure of unblocking my pin?,49,pin_blocked
i accidentally exceeded my pin tries. please advise.,49,pin_blocked
"i logged in wrong and am blocked, how do i log in?",49,pin_blocked
"while i was drunk, i goofed my pin number and your machine ate my card. how can i get it back?",49,pin_blocked
can you unblock my blocked pin?,49,pin_blocked
how can i reset my darned pin number?,49,pin_blocked
"my pin is unlocked, what do i do?",49,pin_blocked
my account is locked because i used the wrong pin too many times. please help.p,49,pin_blocked
"my pin can't access my card, can you help?.",49,pin_blocked
"after putting in the wrong pin too many times, i was blocked. can you assist me in changing it?",49,pin_blocked
how do i unblock my pin?,49,pin_blocked
what happens if i forget my pin?,49,pin_blocked
i put the wrong pin too many times and now it is blocked. can you help me unblock it?,49,pin_blocked
i managed to drunken block my card :(( help!,49,pin_blocked
why is my pin blocked?,49,pin_blocked
i used my pin too many times.,49,pin_blocked
my pin has been blocked.,49,pin_blocked
"my card got blocked, how do i reset?",49,pin_blocked
"my pin number was incorrect, and i can't access it.",49,pin_blocked
is there a way to reset my pin?,49,pin_blocked
what do i do if i have exceeded all my pin tries?,49,pin_blocked
how do i get unblocked?,49,pin_blocked
"i blocked my card by mistake, how do i unblock it?",49,pin_blocked
what should i do if i exceed my pin tries?,49,pin_blocked
how come i got blocked for entering wrong pins?,49,pin_blocked
what should i do if i have used all of my pin tries?,49,pin_blocked
my pin isn't working.,49,pin_blocked
i forgot what my pin number is and now am blocked can you help me get in?,49,pin_blocked
where am i able to get my pin unblocked?,49,pin_blocked
i forgot my pin and am blocked now. can i reset it somewhere?,49,pin_blocked
i must have entered my pin wrong.,49,pin_blocked
i am locked out from entering my pin.,49,pin_blocked
what do i do to unblock my pin?,49,pin_blocked
i entered my pin wrong too many times.,49,pin_blocked
"i have used all my pin tries, what now?",49,pin_blocked
where do i go to unblock my pin?,49,pin_blocked
what if i type in the wrong pin too many times?,49,pin_blocked
what do i do if my pin was blocked?,49,pin_blocked
can i unblock my pin using the app?,49,pin_blocked
how many times can i enter a wrong pin before it is blocked?,49,pin_blocked
my pin was blocked.,49,pin_blocked
i accidentally put in the wrong pin too many times and now i need to unblock it. can you assist with this?,49,pin_blocked
i have exceeded all my pin tries,49,pin_blocked
how to unblock my pin?,49,pin_blocked
how many incorrect attempts cause card to be blocked?,49,pin_blocked
guide me on how to unblock my pin,49,pin_blocked
"would you please unblock my pin? i don't know why, but it's blocked.",49,pin_blocked
i have used all of my pin tries. what should i do now?,49,pin_blocked
is there a number to call to get my pin unblocked?,49,pin_blocked
"my pin seems to be blocked, help me access it?",49,pin_blocked
how do i unblock my card?,49,pin_blocked
i may have entered the pin wrong and the account is blocked. what do i have to do to get it unblocked.,49,pin_blocked
i cannot use my pin.,49,pin_blocked
"my pin got blocked, help.",49,pin_blocked
where do i unblock my pin?,49,pin_blocked
"i am blocked now because i entered the wrong pin, need help.",49,pin_blocked
"my pin has been blocked, what should i do?",49,pin_blocked
too many times i entered the incorrect pin. how can i get my account unblocked?,49,pin_blocked
my account is blocked because i entered the wrong pin too many times. help me unblock.,49,pin_blocked
i entered the wrong pin too many times and now i think it's blocked. what do i do?,49,pin_blocked
"i was blocked by using the wrong pin too many times, can you help me?",49,pin_blocked
"my pin is not working, can you help?",49,pin_blocked
how do i unlock my account after typing in the wrong pin too many times?,49,pin_blocked
i entered the pin incorrectly too many times and now it is blocked. can you help?,49,pin_blocked
can you unblock my pin because i put the wrong one too many times.,49,pin_blocked
i need a new pin number.,49,pin_blocked
can you unblock my account? i entered the pin wrong.,49,pin_blocked
i tried my pin too many times,49,pin_blocked
i punched in the wrong pin too many times and i'm locked out.,49,pin_blocked
i can't figure out how to unblock my pin number. can you help me?,49,pin_blocked
should i uninstall the app before i try it again?,23,contactless_not_working
how come when i tried to pay contactless at the bus it didnt work?,23,contactless_not_working
why is my contactless not working?,23,contactless_not_working
my contactless payments don't work.,23,contactless_not_working
how many days processing new card?,23,contactless_not_working
i'm confused. my contactless is suddenly not working anywhere that i try to use it. how do i fix it?,23,contactless_not_working
would reinstalling the app solve the problem?,23,contactless_not_working
i've tried using my contactless in several locations today and it's not working anywhere. it seemed fine before. how do i get it to work again?,23,contactless_not_working
what do i have to do to get the contactless to work?,23,contactless_not_working
the terminal i paid at wouldn't take my card. is something wrong?,23,contactless_not_working
why wasn't my contactless accepted at the metro?,23,contactless_not_working
can i make a contactless payments?,23,contactless_not_working
i can't get a contactless payment to work.,23,contactless_not_working
contactless payments need to be enabled for my card.,23,contactless_not_working
help me to set up contactless payments.,23,contactless_not_working
my contactless stopped working today for no good reason. it's not working no matter where i try to use it. can you please help me fix it?,23,contactless_not_working
i'm confused ass to why my contactless is not working.,23,contactless_not_working
i need help fixing my contactless. it's not working anywhere i go today.,23,contactless_not_working
the contactless payments are not working.,23,contactless_not_working
how to get new card?,23,contactless_not_working
how do i troubleshoot my contactless?,23,contactless_not_working
how can i fix my contactless?,23,contactless_not_working
any charges applicable for new card?,23,contactless_not_working
i have a contactless that's broken.,23,contactless_not_working
my contactless is non-functional.,23,contactless_not_working
how can i get new card?,23,contactless_not_working
my contactless stopped working today no matter where i try to use it. how do i get it to start working again?,23,contactless_not_working
how do i troubleshoot when contactless doesn't work?,23,contactless_not_working
how can i fix my card if the contactless function didn't work this morning?,23,contactless_not_working
"i was trying to use contactless earlier, but it didn't work.",23,contactless_not_working
why wouldn't my contactless work for the metro?,23,contactless_not_working
are my contactless settings correct? i tried to use it today but it wasn't working.,23,contactless_not_working
i am having problems with my contactless.,23,contactless_not_working
"i am having issues using contactless payments, could my card be damaged?",23,contactless_not_working
"what is the reason when i tried to pay contactless at the bus, it didnt work?",23,contactless_not_working
is there a top up fee for transfer?,56,top_up_by_bank_transfer_charge
will there be a charge for topping up by account with a sepa transfer?,56,top_up_by_bank_transfer_charge
what are the charges for receiving a sepa transfer?,56,top_up_by_bank_transfer_charge
is there a charge for sepa transfers?,56,top_up_by_bank_transfer_charge
will i be charged a fee for a sepa transfer?,56,top_up_by_bank_transfer_charge
what is the fee to top-up my account,56,top_up_by_bank_transfer_charge
will you guys charge me for topping up by transfer?,56,top_up_by_bank_transfer_charge
can you tell me the cost of a transfer?,56,top_up_by_bank_transfer_charge
do you receive swift transfers?,56,top_up_by_bank_transfer_charge
what is the charge for receiving a sepa transfer?,56,top_up_by_bank_transfer_charge
will i receive all the money sent to my account by sepa transfer?,56,top_up_by_bank_transfer_charge
am i going to see a charge for a sepa transfer?,56,top_up_by_bank_transfer_charge
can i do a swift transfer?,56,top_up_by_bank_transfer_charge
what would i be charged in receiving a sepa transfer?,56,top_up_by_bank_transfer_charge
how much is it to receive money?,56,top_up_by_bank_transfer_charge
is there a charge for using transfers for top ups?,56,top_up_by_bank_transfer_charge
"if someone sends me money, will i be charged?",56,top_up_by_bank_transfer_charge
do you accept swift transfers?,56,top_up_by_bank_transfer_charge
am i charged for receiving money?,56,top_up_by_bank_transfer_charge
will i be charged for topping up by transfer?,56,top_up_by_bank_transfer_charge
will i be charged any fee for receiving money?,56,top_up_by_bank_transfer_charge
are there fees for receiving a sepa transfer?,56,top_up_by_bank_transfer_charge
is there a fee to top up by bank transfers?,56,top_up_by_bank_transfer_charge
do you offer swift transfers?,56,top_up_by_bank_transfer_charge
will i be charged for a top off transfer?,56,top_up_by_bank_transfer_charge
will i be charged for receiving money?,56,top_up_by_bank_transfer_charge
to receive money are there charges?,56,top_up_by_bank_transfer_charge
will there be a charge when money is added to my account?,56,top_up_by_bank_transfer_charge
what are the fees associated with top up via transfer?,56,top_up_by_bank_transfer_charge
can i use swift transfers?,56,top_up_by_bank_transfer_charge
how much does a transfer cost?,56,top_up_by_bank_transfer_charge
is there a fee for a sepa transfer,56,top_up_by_bank_transfer_charge
why do you charge for transfers?,56,top_up_by_bank_transfer_charge
is there a fee to make a transfer?,56,top_up_by_bank_transfer_charge
what is the charge to make a transfer,56,top_up_by_bank_transfer_charge
"if i were to transfer, what would the cost be?",56,top_up_by_bank_transfer_charge
does it cost anything to transfer money for a top-up?,56,top_up_by_bank_transfer_charge
will i be fined for topping up by transfer?,56,top_up_by_bank_transfer_charge
what is the price of a transfer?,56,top_up_by_bank_transfer_charge
if i top-up by using a trasfer are there charges that applied?,56,top_up_by_bank_transfer_charge
do i get charged if i get money?,56,top_up_by_bank_transfer_charge
would i be able to use swift transfers?,56,top_up_by_bank_transfer_charge
are there any charges for receiving money?,56,top_up_by_bank_transfer_charge
how much will i be charged for making a transfer?,56,top_up_by_bank_transfer_charge
for topping-up is there a charge?,56,top_up_by_bank_transfer_charge
can i transfer money using the swift service?,56,top_up_by_bank_transfer_charge
is there a charge for transfers?,56,top_up_by_bank_transfer_charge
is there a fee for swift transfer,56,top_up_by_bank_transfer_charge
how much does it cost to top up by transfer?,56,top_up_by_bank_transfer_charge
what are the fees for using transfer to top off my account?,56,top_up_by_bank_transfer_charge
do you charge anything for topping up?,56,top_up_by_bank_transfer_charge
are swift transfers available at this bank?,56,top_up_by_bank_transfer_charge
"if i were to do a transfer, what is the rate for that?",56,top_up_by_bank_transfer_charge
how much do i need to pay for a transfer?,56,top_up_by_bank_transfer_charge
is there a charge for getting my money?,56,top_up_by_bank_transfer_charge
does this program take swift transfers?,56,top_up_by_bank_transfer_charge
what does it cost to receive a sepa transfer?,56,top_up_by_bank_transfer_charge
how much will it be in order to pay with a bank transfer using sepa?,56,top_up_by_bank_transfer_charge
will there be a fee if i receive a sepa transfer,56,top_up_by_bank_transfer_charge
am i charged if i make a top-up?,56,top_up_by_bank_transfer_charge
do you have a fee for receiving a sepa transfer?,56,top_up_by_bank_transfer_charge
what does a transfer cost?,56,top_up_by_bank_transfer_charge
am i able to do a swift transfer with you?,56,top_up_by_bank_transfer_charge
is a swift transfer acceptable?,56,top_up_by_bank_transfer_charge
will i be charged for adding money by transfer?,56,top_up_by_bank_transfer_charge
how much will it cost me for a sepa transfer?,56,top_up_by_bank_transfer_charge
how much would it cost me if i transfer?,56,top_up_by_bank_transfer_charge
what should i expect to be charged on a sepa transfer?,56,top_up_by_bank_transfer_charge
what is the cost of a transfer?,56,top_up_by_bank_transfer_charge
"i want to top up my account by a bank transfer, but will i be charged?",56,top_up_by_bank_transfer_charge
am i able to do a swift transfer?,56,top_up_by_bank_transfer_charge
are you aware of any charges for receiving money?,56,top_up_by_bank_transfer_charge
are swift transfers supported?,56,top_up_by_bank_transfer_charge
is there a charge for receiving money?,56,top_up_by_bank_transfer_charge
can i transfer using swift?,56,top_up_by_bank_transfer_charge
am i going to be charged for receiving money?,56,top_up_by_bank_transfer_charge
what are the additional charges for a swift transfer?,56,top_up_by_bank_transfer_charge
does it cost me anything to top up my account via bank transfer?,56,top_up_by_bank_transfer_charge
how much does it cost to make transfers?,56,top_up_by_bank_transfer_charge
how much would it cost me for a bank transfer to top up my account?,56,top_up_by_bank_transfer_charge
do you take swift transfers?,56,top_up_by_bank_transfer_charge
is there a fee for topping off by transfer?,56,top_up_by_bank_transfer_charge
will i be charged for receiving the money?,56,top_up_by_bank_transfer_charge
"for sepa transfers, what kind of charge will be applied?",56,top_up_by_bank_transfer_charge
are there topping up fees if i have to transfer?,56,top_up_by_bank_transfer_charge
am i going to be charged for topping up by transfer?,56,top_up_by_bank_transfer_charge
what is the handling fee for transfer?,56,top_up_by_bank_transfer_charge
does it cost me to add cash?,56,top_up_by_bank_transfer_charge
do i get charged if i am receiving money?,56,top_up_by_bank_transfer_charge
are you going to charge me to collect the money?,56,top_up_by_bank_transfer_charge
can i transfer from swift?,56,top_up_by_bank_transfer_charge
what is the fee for a transfer into my account,56,top_up_by_bank_transfer_charge
do i pay a fee for sepa transfers?,56,top_up_by_bank_transfer_charge
is there a cost to receive money?,56,top_up_by_bank_transfer_charge
"i'd like to make a sepa transfer to my account, but will i be charged?",56,top_up_by_bank_transfer_charge
can third party fees affect a transfer?,56,top_up_by_bank_transfer_charge
do you charge for transfers?,56,top_up_by_bank_transfer_charge
will i be charged for topping up my account using a bank transfer?,56,top_up_by_bank_transfer_charge
how much would i be charged for a transfer?,56,top_up_by_bank_transfer_charge
is there a top up fee?,56,top_up_by_bank_transfer_charge
are swift transfers an option?,56,top_up_by_bank_transfer_charge
how much does it cost to do a transfer?,56,top_up_by_bank_transfer_charge
"if i top up by transfer, am i going to be charged?",56,top_up_by_bank_transfer_charge
what are the charges for recieving sepa transfers?,56,top_up_by_bank_transfer_charge
are there any fees associated with receiving money?,56,top_up_by_bank_transfer_charge
how much does each transfer cost?,56,top_up_by_bank_transfer_charge
is there any fees associated with receiving money with this account?,56,top_up_by_bank_transfer_charge
will i be charged to top off my account?,56,top_up_by_bank_transfer_charge
what kind of fee is there to top-up my account?,56,top_up_by_bank_transfer_charge
do you process swift transfers?,56,top_up_by_bank_transfer_charge
i want to do a swift transfer,56,top_up_by_bank_transfer_charge
how long does a top-up take to go through?,47,pending_top_up
i am under the impression that my top up is still pending,47,pending_top_up
how long will it take for my money to be deposited?,47,pending_top_up
i put money on my card and i dont see it on the balance,47,pending_top_up
i have a top-up that's still pending and wanted to know about it.,47,pending_top_up
"it is still pending, i am still waiting. your system just shows my top-up as pending. what is happening?",47,pending_top_up
why is my top up not completing?,47,pending_top_up
what if my top up doesn't go through?,47,pending_top_up
"sort your top up out please! it's been pending since an hour already, can you please make this go through asap i really need the money",47,pending_top_up
says that my top-up is incomplete?,47,pending_top_up
it appears my top-up is still pending.,47,pending_top_up
my top up did not go through yet.,47,pending_top_up
seems like my top-up has not gone through,47,pending_top_up
how long will my top-up stay pending?,47,pending_top_up
i think my top up is still pending?,47,pending_top_up
"something is wrong with the top up! i'm a regular customer and use your service all the time, usually this works but now it just shows up as pending",47,pending_top_up
why isn't my top-up going through?,47,pending_top_up
i topped up but it isn't in my account,47,pending_top_up
when will my top-up happen?,47,pending_top_up
"my top up has been pending for an hour already, and i really need this to go through as soon as possible. can you help?",47,pending_top_up
what is the reason my top-up is still pending?,47,pending_top_up
how long does it take to reflect in my balance a top up,47,pending_top_up
my top-up is taking a while to process!,47,pending_top_up
my top up is incomplete.,47,pending_top_up
my top-up funds aren't available yet.,47,pending_top_up
why hasn't my top-up finished pending yet?,47,pending_top_up
where are my funds? i topped off my car but it didn't seem to complete.,47,pending_top_up
"i tried to top up, but the funds show up as pending. i thought it was instant?",47,pending_top_up
"i tried to top up, but it didn't finish.",47,pending_top_up
should my top-up be completed by now?,47,pending_top_up
my top up did not complete.,47,pending_top_up
why hasnt my top up gone through yet?? i thought it was suppose to be instant? am i wrong? why is it still pending?,47,pending_top_up
"i topped up and went to buy something, but it says that my funds are pending. is there a way to quicken this process?",47,pending_top_up
when will my top up be approved?,47,pending_top_up
my top-up didn't go through; it still says pending. what's up with that?,47,pending_top_up
i can't find the money i just added to my account.,47,pending_top_up
what does it mean if my top-up has not gone through?,47,pending_top_up
"my top up hasn't gone through yet, why?",47,pending_top_up
i've been waiting for a top up to come through for over an hour and i need the funds now.,47,pending_top_up
"hello, i am a new customer, and just tried topping up for the first time. according to your information, the transaction should be instant - why does it still show as pending?",47,pending_top_up
i attempted to top up my account but it's been frozen in a pending state for well over an hour now! is this normal? i'm a new customer and this is my first time doing this. i assumed it would be done quicker than this.,47,pending_top_up
my account is new why can i not top up,47,pending_top_up
"help, i don't see my money i just added.",47,pending_top_up
what happened to my top-up? it's not reflected.,47,pending_top_up
"i'm waiting on a top-up, its still pending",47,pending_top_up
i'm a new customer and tried topping up today for the first time. it's still pending and doesn't seem to be working. i need to get this fixed.,47,pending_top_up
"needed gas, been delayed for half an hour.please fix it!",47,pending_top_up
yesterday i topped up my card. why didn't it complete as it still pending?,47,pending_top_up
tell my why my top-up is pending.,47,pending_top_up
how long should i wait for top up go go through ?,47,pending_top_up
top-up is loaded into the card and no update.,47,pending_top_up
my top-up seems to be pending for a long time?,47,pending_top_up
"i already paid to top-up but the funds aren't available yet, where are they?",47,pending_top_up
what do i do if my top-up has not gone through?,47,pending_top_up
my top-up hasn't gone through,47,pending_top_up
is my top up not working?,47,pending_top_up
my top up is pending still,47,pending_top_up
why has my top up not gone through yet?,47,pending_top_up
"hi, i tried topping up for the first time today (i'm a new customer), and the transaction has shown as pending for the last half an hour. can you fix it?",47,pending_top_up
my top up says it is still pending,47,pending_top_up
i topped up about half an hour ago and the charge is still pending. i'm a new customer and today is my first time doing this. can you fix it? it doesn't seem to be working.,47,pending_top_up
how long does it take for my top up to clear?,47,pending_top_up
how long should i expect to wait when i add money,47,pending_top_up
i'm still waiting for the top-up!,47,pending_top_up
is there a problem with the top up system? my transaction hasn't gone through properly,47,pending_top_up
how long will my top-up be pending?,47,pending_top_up
i believe my top up is still pending,47,pending_top_up
why hasn't my top up gone through?,47,pending_top_up
why is my top up for my new account not instant,47,pending_top_up
my money hasn't been deposited yet. when will it be?,47,pending_top_up
i'm still waiting for my top-up to go through,47,pending_top_up
how long after a failed topup will funds refurn to account,47,pending_top_up
my top is still pending.,47,pending_top_up
my top-up hasn't happened yet.,47,pending_top_up
has my top up gone through?,47,pending_top_up
how long does it take for a top-up?,47,pending_top_up
i used my card to top up but it's saying it is still pending. what does this mean?,47,pending_top_up
when will my top-up go through?,47,pending_top_up
how long does it take for a top up to go through,47,pending_top_up
i have a pending top-up,47,pending_top_up
why is the top-up i made still pending.,47,pending_top_up
my top-up is still pending,47,pending_top_up
my top up is still pending,47,pending_top_up
my top-up is taking a very long time to complete.,47,pending_top_up
i do not think the pop up went through yet.,47,pending_top_up
how long are my top ups pending,47,pending_top_up
did i do something incorrectly? where is my top-up?,47,pending_top_up
why hasn't my top-up gone through?,47,pending_top_up
should my top up still be pending?,47,pending_top_up
top up is still pending,47,pending_top_up
i have been waiting for my top-up to complete and it still hasn't gone through.,47,pending_top_up
im trying to top up my card but it's still pending and it's been an hour. is there any way to make it go through faster? do i not have enough?,47,pending_top_up
please explain why my top-up hasn't been processed yet?,47,pending_top_up
why can't i see my funds after i topped up?,47,pending_top_up
my top up hasn't gone through,47,pending_top_up
i'm pretty sure my top up is still pending.,47,pending_top_up
when will my top-up be completed?,47,pending_top_up
"my top up keeps showing pending? how long will things be like this? days, weeks, months? i need the money quite urgently for an important coffee purchase, can you please let me know when top up will work?",47,pending_top_up
"i think something is wrong with your top up. i've been waiting a little over an hour for this to go through, can you send it through for me?",47,pending_top_up
how long do top-ups take to go through,47,pending_top_up
i tried topping up for the first time today since i am a new customer. it doesn't appear that it's working. it has been pending for at least half an hour. please take care of this.,47,pending_top_up
"how long is a top up supposed to be pending, because an hour is too long! can you fix this to go through?",47,pending_top_up
there is a top up that has been pending for an hour and i don't know why. i was expecting it immediately and need it now!,47,pending_top_up
can you tell me what is wrong ? i top-up with you all the time but this time it just shows my top-up as pending. what is happening?,47,pending_top_up
my top-up appears to be pending.,47,pending_top_up
is there a reason that my top-up is still pending?,47,pending_top_up
why is top up pending,47,pending_top_up
"i topped-up my account, but i don't think it went through.",47,pending_top_up
the top-up is broken.,47,pending_top_up
"is there something wrong with my top up i did an hour ago? it's still pending. i need that money, i cant afford to wait or have it come back to me.",47,pending_top_up
why is my top-up pending?,47,pending_top_up
"how come my top-up didn't go through instantly, like it usually does?",47,pending_top_up
it's been some time since refilled the top-up.,47,pending_top_up
i added money to the card but the transaction didn't go through,47,pending_top_up
how long do i need to wait til my top up isn't pending?,47,pending_top_up
top up not completed,47,pending_top_up
it appears my top-up has not gone through.,47,pending_top_up
"even though i added money ey to the card, i couldn't use it",47,pending_top_up
how long does it take for a top up to be approved?,47,pending_top_up
how do i make my top up complete?,47,pending_top_up
what is taking so long with my top up?,47,pending_top_up
when will my top up be applied?,47,pending_top_up
can you look into why my most recent top-up is showing as pending? i thought it was supposed to be instantaneous.,47,pending_top_up
i just made a top-up but it shows as pending! i use your service all the time and have never had a problem before. why does it keep showing up as pending?,47,pending_top_up
how long does my top up pending last?,47,pending_top_up
"i topped up last night but don't have any funds, why not?",47,pending_top_up
how long should it take for my top-up to finish? i've been waiting a while.,47,pending_top_up
is there a reason my top-up has not gone through?,47,pending_top_up
problem with my top up going through,47,pending_top_up
how do i know if my top-up went through?,47,pending_top_up
can you please sort out your top up? i need this to go through asap because i really need the money. it's already been pending for an hour.,47,pending_top_up
can you tell me why my pop-up is still pending?,47,pending_top_up
"new customer and filling gas for the first time today, not working,",47,pending_top_up
what's taking my top-up so long?,47,pending_top_up
what is wrong with my top-up?,47,pending_top_up
when will my top up process?,47,pending_top_up
can you explain to me why a top-up would still be pending?,47,pending_top_up
how long will it take for my top up to work? it's still pending,47,pending_top_up
isn't my top-up supposed to mean its complete?,47,pending_top_up
what is the reason that my top-up is still pending?,47,pending_top_up
when will my top up go through?,47,pending_top_up
please sort your top up! my top up has been pending for an hour already. can you please make it go through as soon as possible. i really need the money.,47,pending_top_up
my top-up has not posted.,47,pending_top_up
i made a top up yesterday but it's still pending.,47,pending_top_up
"hello, i'm a brand new customer and tried topping up for the first time today. it has been pending for half an hour and doesn't seem to be working. please resolve this.",47,pending_top_up
i have a new card and i can't add money to it. i tried about 30 minutes ago and it is still pending. what do i do?,47,pending_top_up
i'm not certain my top-up went through yet.,47,pending_top_up
i've been waiting for over an hour for a top up to go through. how long is this supposed to take? i really need this money.,47,pending_top_up
where to check top ups pending?,47,pending_top_up
cancel a transaction,8,cancel_transfer
am i able to cancel a transfer i just made,8,cancel_transfer
"i needed to make a payment on my account, but i typed in the incorrect number. the app won't allow me to cancel this transaction. i need it cancelled asap!!",8,cancel_transfer
i made a mistake this morning when i did a transfer. how do i reverse it?,8,cancel_transfer
can i cancel a transaction?,8,cancel_transfer
"hi, i sent a payment to the wrong account number - can you cancel it as soon as possible?",8,cancel_transfer
how do i revert a transaction?,8,cancel_transfer
i just realized i made the wrong transaction yesterday. would you please make it correct?i need it by tomorrow please.,8,cancel_transfer
how do i cancel a charge?,8,cancel_transfer
"i didn't want to make a transaction, i want to revert it",8,cancel_transfer
is there a way to undo a transaction?,8,cancel_transfer
"i accidentally made a payment from the wrong account yesterday. it's my rent payment, and it's very large, so the account i paid from won't be able to cover the amount. it's really important that the payment be made from the right account?",8,cancel_transfer
i would like help to revert a transaction i did this morning,8,cancel_transfer
please help revert my transaction from this morning.,8,cancel_transfer
is there any way to cancel my transfer,8,cancel_transfer
i messed up a transfer and need to reverse it.,8,cancel_transfer
"please cancel my most recent transfer, it was a mistake. this is an emergency. it needs to be canceled before it goes through.",8,cancel_transfer
i made a mistake and performed a transaction on the wrong account!,8,cancel_transfer
i want to revert a transaction i did this morning,8,cancel_transfer
i need to change a transfer.,8,cancel_transfer
how do i cancel a transaction?,8,cancel_transfer
i need to cancel a transaction please!,8,cancel_transfer
i want to revert a transaction i did,8,cancel_transfer
"could i please cancel my transfer, i paid it into the wrong account. i need to pay it into the right account by tomorrow.",8,cancel_transfer
i need a transfer cancelled.,8,cancel_transfer
i did a transaction this morning and now i want to cancel it.,8,cancel_transfer
a transfer has to be cancelled.,8,cancel_transfer
is it possible to cancel a transaction?,8,cancel_transfer
i messed up and made a transaction using the wrong account.,8,cancel_transfer
one of my transactions needs to be canceled.,8,cancel_transfer
i need to stop a transaction that i made.,8,cancel_transfer
i need to cancel a transfer i made.,8,cancel_transfer
"my transfer was wrong, are you able to stop it before it goes through please?",8,cancel_transfer
i used the wrong account.,8,cancel_transfer
i've made a horrible mistake! i transferred money to the wrong account by accident! i entered one of the digits wrong. i need this cancelled immediately please.,8,cancel_transfer
what are the steps i need to take to cancel a transaction?,8,cancel_transfer
i would like to cancel a transfer...is this possible?,8,cancel_transfer
i want to cancel the transaction i made earlier,8,cancel_transfer
i submitted a transaction but it was for the incorrect account.,8,cancel_transfer
"i stupidly initiated a rent payment from the wrong account yesterday. it can't be paid from that account, but it really needs to get paid on time. am i able to move the payment to the right account?",8,cancel_transfer
can you help me to quickly cancel a transaction i accidentally did to the wrong account?,8,cancel_transfer
"i don't think the transaction has gone through, so can i cancel a transfer?",8,cancel_transfer
i wanna revert a transaction i did this morning.,8,cancel_transfer
i did a transaction to a wrong account!,8,cancel_transfer
please help me cancel a transaction.,8,cancel_transfer
i entered a typo when i was transferring money and now i've sent it to an incorrect account. this is so bad! i need it cancelled now.,8,cancel_transfer
how fast can you fix an error in payment? i made a payment in the wrong account yesterday and it needs to be adjusted by tomorrow for my rent.,8,cancel_transfer
please cancel my last transaction.,8,cancel_transfer
how to cancel a transaction,8,cancel_transfer
i need to cancel a transfer,8,cancel_transfer
help me cancel a transfer.,8,cancel_transfer
"who do i talk to, to cancel a transfer?",8,cancel_transfer
help! i need to cancel a transaction.,8,cancel_transfer
i made a mistake and need to cancel a transfer.,8,cancel_transfer
if i make a mistake can i cancel the transaction?,8,cancel_transfer
i need to cancel a transaction.,8,cancel_transfer
i don't need to transfer anymore and i want to cancel it.,8,cancel_transfer
how do i cancel a transfer?,8,cancel_transfer
"i made a mistake on the last transfer i made, who must i speak with to cancel?",8,cancel_transfer
who do i call to cancel a transfer?,8,cancel_transfer
it is extremely important that i cancel the transfer i made yesterday and put the money into a different account. is this possible?,8,cancel_transfer
i made a transaction to the wrong account!,8,cancel_transfer
is there any way to cancel a recent transfer? i did not mean to make it and need to make sure it does not go through.,8,cancel_transfer
is there a way to revert a transaction?,8,cancel_transfer
i have a transaction and would like to know if i it's cancelable?,8,cancel_transfer
i accidentally made a payment to a wrong account. what should i do?,8,cancel_transfer
how can i cancel my transfer?,8,cancel_transfer
i just realized i made the wrong transaction yesterday. would you please make it correct?i need it by tomorrow.,8,cancel_transfer
am i able to stop a transfer?,8,cancel_transfer
"i made a transaction, but i made it to an account i didn't mean to make it to.",8,cancel_transfer
stop the transaction,8,cancel_transfer
i need to reverse a transaction,8,cancel_transfer
i just realised i made the wrong payment yesterday. can you please change it to the right account? it's my rent payment and really really needs to be in the right account by tomorrow,8,cancel_transfer
"i've just made a money transfer to the wrong account, i need to stop the money from being moved as it may be going to someone i don't know. please can you help?",8,cancel_transfer
please help! the app won't let me cancel a money transfer. i accidently sent money to an account that wasn't mine. i need this cancelled immediately.,8,cancel_transfer
help me cancel a transaction.,8,cancel_transfer
"i already made a transfer and want to cancel it, how do i do that?",8,cancel_transfer
"hi , i just came to know i made the wrong transaction yesterday. would you please make it correct?i need it by tomorrow.",8,cancel_transfer
i sent a payment to the wrong account number - can that transaction be reversed? i am worried about accidentally giving my money away.,8,cancel_transfer
i want to reverse a transaction i did this morning,8,cancel_transfer
"i need you to stop the transfer i just started as soon as possible, i just realized it's not correct!",8,cancel_transfer
i would like to cancel my previous transaction,8,cancel_transfer
i need urgent help. i realize i sent my payment to the wrong account number. i made a typo. please cancel the transfer now. there isn't an option from the app.,8,cancel_transfer
"i made a mistake and did a transaction to a wrong account, can i cancel?",8,cancel_transfer
"hi, i made a transfer yesterday that i need to reverse. i need to put the money in a different account.",8,cancel_transfer
i need urgent help. i realize i sent my payment to the wrong account number. i made a typo. please cancel the transfer immediately. i cannot do anything from the app.,8,cancel_transfer
i want to cancel a transaction.,8,cancel_transfer
"i made a rent payment from the wrong account yesterday. it absolutely has to go through tomorrow, so can you please reroute the payment to the right account?",8,cancel_transfer
"i no longer want to transfer funds, can we cancel that transaction?",8,cancel_transfer
"i made a mistake when sending a payment, sending it to the wrong account number (with a typo) - can you please cancel the transaction?",8,cancel_transfer
i need to cancel my recent transfer as soon as possible. i made an error there. please help before it goes through.,8,cancel_transfer
i am trying to revert a transcation i did this morning,8,cancel_transfer
a payment i made is for a wrong amount can you help me correct the mistake.,8,cancel_transfer
i inadvertently completed a transaction on a wrong account.,8,cancel_transfer
i used the wrong account number!,8,cancel_transfer
how can i cancel a transfer i made,8,cancel_transfer
"i made a mistake of transferring, can i cancel my previous transfer?",8,cancel_transfer
"i made a mistake when making my last transfer, please cancel before it goes thru.",8,cancel_transfer
can i stop a transaction?,8,cancel_transfer
i wish to cancel a transfer,8,cancel_transfer
i want to take back my transaction,8,cancel_transfer
is it possible for a transaction to be cancelled?,8,cancel_transfer
"hey i need help urgently. i just realised i sent my payment to the wrong account number, there is a typo! please cancel it immediately, i can't do it anymore from the app",8,cancel_transfer
is it possible to cancel transactions?,8,cancel_transfer
help! i made a transfer in error and need to cancel it before it's complete!,8,cancel_transfer
i made a terrible mistake when typing in my account number. i accidently sent money to the wrong account. i noticed the app won't allow me to void the transaction. can someone help me with this immediately?,8,cancel_transfer
is it possible to cancel my transfer?,8,cancel_transfer
how do i fix a transaction to the wrong account?,8,cancel_transfer
i goofed up and used the wrong account. please help.,8,cancel_transfer
i want to cancel a transfer i just made.,8,cancel_transfer
cancel transaction,8,cancel_transfer
"could you refund my transaction, i paid it into the wrong account. i need to be able to pay it into the right account by tomorrow.",8,cancel_transfer
my transaction is on the wrong account.,8,cancel_transfer
"i paid my rent into the wrong account, could you please pay it into the right account, it needs to be done by tomorrow.",8,cancel_transfer
how do i go about cancelling a transaction?,8,cancel_transfer
"i have arranged a transfer, but no longer need to send it. how do i stop the transfer?",8,cancel_transfer
i would like to cancel a transfer,8,cancel_transfer
"please help me, there is a transaction in the incorrect account.",8,cancel_transfer
how can i revert a transaction from this morning?,8,cancel_transfer
how do i cancel a recent transfer?,8,cancel_transfer
please can you block the transaction i just sent from my account? it was a payment but i accidently typed in the wrong details and think it might have gone to the wrong place.,8,cancel_transfer
i made a transaction this morning but i need to revert it now.,8,cancel_transfer
i made the incorrect payment for my rent yesterday and this needs to be fixed by no later than tomorrow. how can you help?,8,cancel_transfer
i recently made a transfer but i need to cancel it as soon as possible. please let me know when this happens.,8,cancel_transfer
i made a transfer into my account and now i need to cancel it,8,cancel_transfer
"cancel my transfer, please.",8,cancel_transfer
i need to cancel a transaction immediately.,8,cancel_transfer
please help me! a payment i made had an error on the account number and i can't cancel on my side. can you cancel it?,8,cancel_transfer
i need to cancel my recent transfer quickly since i made a mistake. please help before it goes through.,8,cancel_transfer
can i cancel a transfer i made,8,cancel_transfer
where do i go to cancel a transaction?,8,cancel_transfer
how can i cancel a transaction to a wrong account?,8,cancel_transfer
there's been a transaction to the wrong account.,8,cancel_transfer
please cancel the transfer i just made. i put in the wrong account number and can't seem to stop it on the app.,8,cancel_transfer
i want to revert this mornings transaction.,8,cancel_transfer
"i didn't mean to do the transfer, is there any way to cancel it?",8,cancel_transfer
i need immediate assistance in canceling a transfer which was a mistake. please help me quickly so this does not go through.,8,cancel_transfer
cancelling a transaction,8,cancel_transfer
the wrong account was used during a transaction.,8,cancel_transfer
i just initiated a transfer but i'd like to cancel it.,8,cancel_transfer
my morning transaction needs to be canceled.,8,cancel_transfer
my transaction from earlier needs to be reversed.,8,cancel_transfer
i recently made a transfer that i would like to cancel,8,cancel_transfer
"yesterday, i made an incorrect payment to the wrong account for my rent payment. i need this addressed as soon as possible and the funds transferred to the correct account by no later than tomorrow.",8,cancel_transfer
what do i need to do to cancel a transaction?,8,cancel_transfer
how can i cancel this transaction?,8,cancel_transfer
help please! my rent payment is coming out tomorrow and i made a payment mistake yesterday! can you put in in the correct account?,8,cancel_transfer
i need help right now. i realize i sent my payment to the wrong account number after making a typo. please cancel the transfer now since i can't do it from the app.,8,cancel_transfer
i need help as fast as possible! i made a mistake on my most recent transfer; can you please stop it before it goes through?,8,cancel_transfer
i want to cancel a transaction from this morning.,8,cancel_transfer
a transfer has been made in my account that i need to cancel. this was a mistake on my part and i hope we can get this resolved quickly.,8,cancel_transfer
i need to cancel my recent transfer. i made a mistake. please help quickly before the transfer goes through.,8,cancel_transfer
i'm really upset because i made a typo during a transfer and now i've sent money to the wrong account. i can't fix this with the app. please help me immediately!,8,cancel_transfer
there was a transaction this morning that i'd like to reverse.,8,cancel_transfer
what do i have to do to cancel a transfer?,8,cancel_transfer
"i wanted to transfer money to another account, but now i don't have to so i'd like to cancel said transfer. how can i do that?",8,cancel_transfer
please cancel the transaction,8,cancel_transfer
what is the max amount of top-ups?,60,top_up_limits
are top-ups unlimited?,60,top_up_limits
can i increase my top-up maximum?,60,top_up_limits
can i top-up any amount?,60,top_up_limits
what's the limit to how much i can top up?,60,top_up_limits
would i be able to top up as much as i can?,60,top_up_limits
do i have a limit to the number of top-ups per day?,60,top_up_limits
need to know if there is a maximum i can top up,60,top_up_limits
how many top-ups am i allowed to do?,60,top_up_limits
how much is ok for me to top up with?,60,top_up_limits
what is the maximum i can top up?,60,top_up_limits
what is the most money i can top up?,60,top_up_limits
are there any top-up limits?,60,top_up_limits
is there a limit to the top-ups someone can do?,60,top_up_limits
what is the greatest number of times that i can top-up?,60,top_up_limits
tell me if there is a limit to top-up.,60,top_up_limits
is there a top-up limit that i have to stay under during a given period of time?,60,top_up_limits
how much am i allowed to top-up?,60,top_up_limits
is there a limit on how much i can top up?,60,top_up_limits
is there a limit to how much i can top-up?,60,top_up_limits
is there a limit for the amount i can top up?,60,top_up_limits
what is the limit for top-ups?,60,top_up_limits
how much can i top up in a day?,60,top_up_limits
do top-ups have limits?,60,top_up_limits
is there a limit to how much i can top up?,60,top_up_limits
please tell me the limit to topping-up.,60,top_up_limits
do top-up limits exist?,60,top_up_limits
i would like to know how much i can top-up.,60,top_up_limits
whats the limit on my top up,60,top_up_limits
are there any top-up limits that i must follow?,60,top_up_limits
can i top-up any amount i wish on any given day?,60,top_up_limits
is topping up unlimited?,60,top_up_limits
what is the highest amount of top ups i'm allowed?,60,top_up_limits
is there a limit for top up?,60,top_up_limits
can i set my own top-up limit?,60,top_up_limits
what are the rules for a top-up?,60,top_up_limits
how often can i top up?,60,top_up_limits
what is the highest amount i can top-up?,60,top_up_limits
what is the most that i can top-up to a card?,60,top_up_limits
what limits are the to top-ups?,60,top_up_limits
how many times can i make a top-up?,60,top_up_limits
whats the max i can top up,60,top_up_limits
what is the maximum top up?,60,top_up_limits
what is the top-up limit for my card?,60,top_up_limits
tell me if there is a top-up limit.,60,top_up_limits
what number of times can i top-up?,60,top_up_limits
is there a limit to top up,60,top_up_limits
what's the maximum amount i can top up my card with please?,60,top_up_limits
how can i information on my limit for top-ups?,60,top_up_limits
it seems i need to get information on limits for top-ups.,60,top_up_limits
are there any top-up limits involved?,60,top_up_limits
what is my top-up limit?,60,top_up_limits
are there limits with top-up?,60,top_up_limits
what is the max top-up?,60,top_up_limits
what is your maximum top up limit per day?,60,top_up_limits
"i need to add a serious amount of cash to my card, how do i do that?",60,top_up_limits
tell me about the limit for top ups.,60,top_up_limits
is there a limit to my top-up?,60,top_up_limits
is there a topping up limit?,60,top_up_limits
can i create my own top-up limit?,60,top_up_limits
can i top up?,60,top_up_limits
how much could i top up?,60,top_up_limits
how many top-ups can be approved?,60,top_up_limits
what is the top-up limit?,60,top_up_limits
do you limit my top-offs?,60,top_up_limits
is the top-up amount unlimited?,60,top_up_limits
how many top-ups can i use?,60,top_up_limits
is there a maximum for top-ups?,60,top_up_limits
will you set a limit to my top-up?,60,top_up_limits
is there a top-up limit?,60,top_up_limits
how often am i able to top-up?,60,top_up_limits
can someone please tell me how much i can top-up?,60,top_up_limits
what is the maximum for top-ups?,60,top_up_limits
do you have any top-up limits?,60,top_up_limits
do top-ups have a limit?,60,top_up_limits
can i top up any amount?,60,top_up_limits
can i use as many top-ups as i want?,60,top_up_limits
do i need to use a limit on top-ups?,60,top_up_limits
what amount can i top-up?,60,top_up_limits
can you tell me the limit for top ups?,60,top_up_limits
i need someone to assist me with explaining how much i can top-up.,60,top_up_limits
what is the most i can top-up?,60,top_up_limits
is there a limit for top ups?,60,top_up_limits
what is the max i can top up?,60,top_up_limits
how often can i top up my account?,60,top_up_limits
what's the amount that i can top-up?,60,top_up_limits
do you limit my top-ups?,60,top_up_limits
is there a limit on top ups,60,top_up_limits
what is the top-up limit on my cards?,60,top_up_limits
what's my limit for topping up?,60,top_up_limits
what are limits to top up,60,top_up_limits
is there any amount in which i would get cut off from topping up?,60,top_up_limits
how much is the limit for top-ups?,60,top_up_limits
how much can i top up on my card?,60,top_up_limits
limits on top ups,60,top_up_limits
what is the daily limit on my card?,60,top_up_limits
what's the top-up limit?,60,top_up_limits
why did i only receive a partial amount of what i tried to withdraw?,75,wrong_amount_of_cash_received
my atm transaction was wrong,75,wrong_amount_of_cash_received
why did i only get 20.00,75,wrong_amount_of_cash_received
why is my cash request and the amount i received different?,75,wrong_amount_of_cash_received
"i tried to withdraw $100, all it gave me was $20.",75,wrong_amount_of_cash_received
the atm didn't give me enough money.,75,wrong_amount_of_cash_received
when i went to withdraw cash today the atm gave me the wrong amount of cash. the app is showing a larger amount.,75,wrong_amount_of_cash_received
i didn't get the all the cash i wanted from the atm,75,wrong_amount_of_cash_received
i received $20 but i entered $100,75,wrong_amount_of_cash_received
"hi, i used an atm today to take money out of my account, but the amount it gave me is not the amount i requested. what should i do?",75,wrong_amount_of_cash_received
did a wd earlier at an atm. the amount showing in the app is more than i got though.,75,wrong_amount_of_cash_received
i didn't get the correct amount of money from the atm machine,75,wrong_amount_of_cash_received
some cash was missing at atm.,75,wrong_amount_of_cash_received
i didn't get all the cash i asked for,75,wrong_amount_of_cash_received
i tried to withdraw $100 but only got $20. what happened?,75,wrong_amount_of_cash_received
how come when i asked for 100 it only gave me 20.00 in the app,75,wrong_amount_of_cash_received
asked for $100 but only got $20. why would this happen?,75,wrong_amount_of_cash_received
i wanted to withdraw $100 from the atm but i only got $20,75,wrong_amount_of_cash_received
i got less money than i asked for.,75,wrong_amount_of_cash_received
"hi, please help me to request cash back. as i have been withdrawn money from atm, but i got wrong amount. in application its showing the amount i have been charged through.",75,wrong_amount_of_cash_received
the cash i wanted wasn't there.,75,wrong_amount_of_cash_received
i requested a higher amount for my cash withdrawal,75,wrong_amount_of_cash_received
the amount of cash i received did not match the amount i requested,75,wrong_amount_of_cash_received
the atm didn't give me the full requested amount,75,wrong_amount_of_cash_received
the amount of cash i received was not the full amount,75,wrong_amount_of_cash_received
how can i request cash back? the atm just gave me the wrong amount that i've been charged though...,75,wrong_amount_of_cash_received
i was only given $20 after trying to withdraw $100,75,wrong_amount_of_cash_received
i received less cash than the amount i specified in the atm.,75,wrong_amount_of_cash_received
i went tot the atm earlier today and didn't realize this till now but i did not get all the money i requested. i believe my account was charged for 100 but i only got 80. is there any way we can solve this problem?,75,wrong_amount_of_cash_received
i got less cash than what i specified at the atm.,75,wrong_amount_of_cash_received
why did i not get the amount of money i requested?,75,wrong_amount_of_cash_received
i'm at the atm right now and it only allowed me to withdraw 10 pounds instead of my requested 30. what's going on? how can i fix this?,75,wrong_amount_of_cash_received
i got $20 when i should've gotten $100,75,wrong_amount_of_cash_received
how can i request cash back? the atm gave me the wrong amount that i've been charged though...,75,wrong_amount_of_cash_received
i didn't receive the amount of cash i requested for the atm.,75,wrong_amount_of_cash_received
my cash balance less than what i thought,75,wrong_amount_of_cash_received
it didn't give me my cash,75,wrong_amount_of_cash_received
it kept my cash,75,wrong_amount_of_cash_received
i only got $20 of the $100 that i attempted to withdraw.,75,wrong_amount_of_cash_received
"hi, i draw out some money from the atm today. the atm has given me wrong amount and the application is displaying more amount than i withdraw.",75,wrong_amount_of_cash_received
i tried taking out 30 pounds from the atm just now and it only gave me 10. why would it do that? i need the 30 pounds now!,75,wrong_amount_of_cash_received
"help! i tried to get cash and it gave me some, but not the right amount!",75,wrong_amount_of_cash_received
"i am calling because the atm didn't give me the right amount of cash, but my app shows the actual amount i wanted to withdraw. what should i do to get my money back?",75,wrong_amount_of_cash_received
why didn't i receive the right amount of cash?,75,wrong_amount_of_cash_received
why didn't i receive the right amount of cash at the atm?,75,wrong_amount_of_cash_received
i received the wrong amount of cash back,75,wrong_amount_of_cash_received
why did i only get $20 now the full amount i wanted?,75,wrong_amount_of_cash_received
the amount of cash i selected to withdraw is different than what i received.,75,wrong_amount_of_cash_received
what do i need to do to get cash back? the atm gave me the wrong amount that i requested but the app is showing the amount to be correct.,75,wrong_amount_of_cash_received
what do i need to do to request cash back? the atm actually just gave me the wrong amount. the app i actually chose the right amount.,75,wrong_amount_of_cash_received
i was just giving the wrong amount by the atm. how do i request cash back at this point? the app is showing the amount that i actually requested even though that's not what i got.,75,wrong_amount_of_cash_received
"i normally don't use atms, but i was in a rush today and had to withdraw some cash. the atm gave me the wrong amount of money and now my app is not showing the same amount as it should. what do i do?",75,wrong_amount_of_cash_received
i received incorrect amount of cash from an atm today. it was more than i wanted. what do i do now?,75,wrong_amount_of_cash_received
atm is broken. it did not give me the full amount (30 pounds.) i'm standing here with only 10 pounds and it's telling me it gave me 30 pounds. i need assistance now!,75,wrong_amount_of_cash_received
why didn't the atm give me all my money,75,wrong_amount_of_cash_received
i did not get the right amount of cash from the atm.,75,wrong_amount_of_cash_received
why did i get less from the atm?,75,wrong_amount_of_cash_received
the atm only gave me 10 pounds when i withdrew 30. what do i do?,75,wrong_amount_of_cash_received
machines make mistakes too! the atm gave me the wrong amount of money. too much!,75,wrong_amount_of_cash_received
i could only take the amount of money that was available to me which was less then i expected.,75,wrong_amount_of_cash_received
i was given less cash then i wanted.,75,wrong_amount_of_cash_received
"hello, i didn't receive the right amount on my atm transaction, the app shows the correct amount how can we fix this",75,wrong_amount_of_cash_received
i did not receive my full withdrawal amount,75,wrong_amount_of_cash_received
i received a different amount of cash than what i entered.,75,wrong_amount_of_cash_received
"i only received $20, but i requested $100.",75,wrong_amount_of_cash_received
"help, your app is showing a larger wd than i actually did earlier at an atm.",75,wrong_amount_of_cash_received
"i think something went wrong, i didn't get the right amount.",75,wrong_amount_of_cash_received
what do i do if i got the wrong amount at the atm?,75,wrong_amount_of_cash_received
i did not receive the right amount of cash i requested,75,wrong_amount_of_cash_received
i attempted to withdraw some money from an atm this morning and received the wrong amount. your app says i have enough money available in the account. can someone tell me what's wrong?,75,wrong_amount_of_cash_received
what happens if the atm doesn't give the right amount of money?,75,wrong_amount_of_cash_received
i asked for more cash than what was received,75,wrong_amount_of_cash_received
why can't i take $100 out,75,wrong_amount_of_cash_received
i requested $100 but only got $20,75,wrong_amount_of_cash_received
"i took out cash from the atm, but something must have went wrong, my account shows the correct amount of cash i took out, but the atm didn't give me that amount. how do i get my money back?",75,wrong_amount_of_cash_received
i tried withdrawing but my cash is not showing up?,75,wrong_amount_of_cash_received
i was not able to receive the correct amount of cash.,75,wrong_amount_of_cash_received
i didn't receive the correct amount of cash,75,wrong_amount_of_cash_received
i did not get enough cash,75,wrong_amount_of_cash_received
"i tried to withdraw some money from an atm this morning but wasn't able to get the amount of cash i needed. the amount in the app says what i was trying to withdraw was deducted, but i don't have any money. what do i do about this?",75,wrong_amount_of_cash_received
the atm is showing it gave me the money i requested but i didn't get that amount.,75,wrong_amount_of_cash_received
the correct amount of cash was not received.,75,wrong_amount_of_cash_received
i am so angry right now! i went to the atm and did not get the correct amount of money i chose to withdraw. how could this happen? i need my money and want to know how i can get it asap!,75,wrong_amount_of_cash_received
i was given the wrong amount of cash,75,wrong_amount_of_cash_received
the atm didn't give me all my cash,75,wrong_amount_of_cash_received
"why did i not get all the money that i asked for? i asked for all the cash in my my account, but i only got about half. why is that??",75,wrong_amount_of_cash_received
i did not ask for the amount of cash that i received.,75,wrong_amount_of_cash_received
got only $20 when i tried to withdraw $100.,75,wrong_amount_of_cash_received
the app is showing that i received alot more money than i actually received from the atm. this occurred earlier today.,75,wrong_amount_of_cash_received
the atm gave me less cash than requested,75,wrong_amount_of_cash_received
why didn't i receive all the cash i requested?,75,wrong_amount_of_cash_received
i tried to withdraw 40 pounds but only 20 came out. did you steal my money?,75,wrong_amount_of_cash_received
yikes! i didn't get the amount of money that i requested. what do i do now?,75,wrong_amount_of_cash_received
how can i request cash back? the atm just gave me a different amount than what i've been charged though...,75,wrong_amount_of_cash_received
i selected to withdrawal 30 pounds but only received 10. i'm still standing in front of the atm. the app shows i took out 30 pounds also. how do i fix this?,75,wrong_amount_of_cash_received
my cash received does not match what has been requested,75,wrong_amount_of_cash_received
i was not given the amount of cash i withdrew,75,wrong_amount_of_cash_received
i was not distributed all of cash that i requested,75,wrong_amount_of_cash_received
the machine gave me the wrong amount of cash.,75,wrong_amount_of_cash_received
"i asked for a certain amount of money from the atm, but it gave me a different amount. less than what i asked for.",75,wrong_amount_of_cash_received
"i asked for $40 and i only received $20, what happened?",75,wrong_amount_of_cash_received
why didn't i get the amount i requested at the atm?,75,wrong_amount_of_cash_received
the atm didn't give me enough money! i asked for more than it gave. what do i do?,75,wrong_amount_of_cash_received
i received the wrong amount of cash.,75,wrong_amount_of_cash_received
i haven't received my cash yet.,75,wrong_amount_of_cash_received
i did not get all the cash at atm.,75,wrong_amount_of_cash_received
"if the atm only gave me 10 pounds instead of the 30 i requested, what do i do?",75,wrong_amount_of_cash_received
earlier today i took money out the atm. after checking the app the amount is so much higher than the amount i received.,75,wrong_amount_of_cash_received
why did i get less cash than what i asked in the atm?,75,wrong_amount_of_cash_received
my cash withdrawal was short.,75,wrong_amount_of_cash_received
i was not distributed the correct amount of cash that i asked for,75,wrong_amount_of_cash_received
the atm shows a withdraw of the amount of money i requested but i didn't revieve that amount in cash.,75,wrong_amount_of_cash_received
"when i went to $100, all the machine would give me was $20.",75,wrong_amount_of_cash_received
what happens if the atm gives me the wrong amount of money?,75,wrong_amount_of_cash_received
i did not get any money but still was charged,75,wrong_amount_of_cash_received
you shorted me money when i tried to make a withdrawal.,75,wrong_amount_of_cash_received
i asked for 100 only got 80,75,wrong_amount_of_cash_received
"i got some cash at an atm earlier, but now app is showing that i withdrew more than i did. help!",75,wrong_amount_of_cash_received
cash withdrawal was incorrect at atm.,75,wrong_amount_of_cash_received
"i withdrew money from an atm today, and now my account is showing a different amount than what i withdrew. i checked the amount the atm gave me, and it looks like it gave me the wrong amount of money. what is the best thin for me to do to get this fixed?",75,wrong_amount_of_cash_received
why did the atm give me less money than what i requested?,75,wrong_amount_of_cash_received
i did not receive the right amount of cash.,75,wrong_amount_of_cash_received
how can we correct a mistake on an atm transaction? the app shows what i should have gotten.,75,wrong_amount_of_cash_received
why did i not get the amount i specified at the atm?,75,wrong_amount_of_cash_received
the atm didn't give me what i asked for but my balance says it did,75,wrong_amount_of_cash_received
i got less cash than what i specified for through the atm.,75,wrong_amount_of_cash_received
what happened! i asked for 30 pounds at your atm and only go 10. the machine lied about it too. it said i received the full 30 pounds. someone better help me asap on this.,75,wrong_amount_of_cash_received
a wrong amount of cash we sent to me.,75,wrong_amount_of_cash_received
"i took out money, and didn't get all of it.",75,wrong_amount_of_cash_received
how can i get cash back? the atm just gave me the wrong amount that i've been actually charged though...,75,wrong_amount_of_cash_received
"please help me with the amount that i have withdrawn from the atm today, the atm has given me wrong sum of amount, and i could see that the app is displaying the greater amount than taken out.",75,wrong_amount_of_cash_received
i withdrew $100 but only received $20,75,wrong_amount_of_cash_received
i requested money from the atm and it didn't give me as much as i requested.,75,wrong_amount_of_cash_received
"hey i am standing in front of an atm here, it only gave me 10 pounds even though i wanted to withdraw 30! seems like the app has 30 pounds, what do i do??",75,wrong_amount_of_cash_received
$20 came out instead of $100,75,wrong_amount_of_cash_received
how can i fix this? the atm gave me more cash than i'd asked for.,75,wrong_amount_of_cash_received
i could not get the cash i wanted,75,wrong_amount_of_cash_received
i wanted to take out $100 but i only got $20.,75,wrong_amount_of_cash_received
"help, the atm didn't give me all the money i requested",75,wrong_amount_of_cash_received
the cash i asked for still hasn't been received,75,wrong_amount_of_cash_received
i wanted $100 but only got $20,75,wrong_amount_of_cash_received
the atm didn't give me the amount i asked for,75,wrong_amount_of_cash_received
where'd the rest of my cash go from the atm,75,wrong_amount_of_cash_received
i got less cash at the atm than i asked for. why?,75,wrong_amount_of_cash_received
there was a limited amount of money available at the time of my transaction.,75,wrong_amount_of_cash_received
my cash withdrawal was not entirely complete,75,wrong_amount_of_cash_received
the atm didn'y give me all the cash,75,wrong_amount_of_cash_received
the atm is messed up. it gave me less than i wanted.,75,wrong_amount_of_cash_received
i received the wrong amount of cash from the atm. can you help?,75,wrong_amount_of_cash_received
atm only gave me $20 instead of $100,75,wrong_amount_of_cash_received
i was only given $20 when i tried to get $100,75,wrong_amount_of_cash_received
i needed $100 but all it gave me was $20.,75,wrong_amount_of_cash_received
i tried pulling out money at the atm and it gave me an incorrect amount back.,75,wrong_amount_of_cash_received
why did i only get $20 when i asked for $100?,75,wrong_amount_of_cash_received
the amount of cash i have received is not correct.,75,wrong_amount_of_cash_received
how can i get my money that i didn't get from the atm?,75,wrong_amount_of_cash_received
"hi, today i have withdrawn cash from atm but i got wrong amount and in the app it is showing much more amount than that.",75,wrong_amount_of_cash_received
i didn't get all the money i asked for,75,wrong_amount_of_cash_received
the atm did not give me as much cash as i requested.,75,wrong_amount_of_cash_received
how can i request cash back? the atm just gave me a different amount than what i've been actually charged though...,75,wrong_amount_of_cash_received
why is my withdrawal wrong? i took out $100 but only received $20.,75,wrong_amount_of_cash_received
i asked for cash but i did not receive all the funds,75,wrong_amount_of_cash_received
the atm i'm standing in front of only gave me 10 pounds rather than the 30 pounds i wanted. the app shows i took out 30 pounds also. what do i need to do to fix this?,75,wrong_amount_of_cash_received
i only got some of the cash i requested from the atm,75,wrong_amount_of_cash_received
"i am at the atm and tried to withdraw 30 pounds and it only gave me 10 pounds, what do i do?",75,wrong_amount_of_cash_received
i got the incorrect amount of money given to me from my account,75,wrong_amount_of_cash_received
i did not receive the correct amount of cash.,75,wrong_amount_of_cash_received
i did not receive all of my cash back,75,wrong_amount_of_cash_received
i got some cash but it wasn't the right amount.,75,wrong_amount_of_cash_received
can you explain why the atm is giving me less money than what i asked for?,75,wrong_amount_of_cash_received
i tried to withdraw 50 pounds but it only gave me 30. where is the rest of my money?,75,wrong_amount_of_cash_received
i visited the atm but got less money than what i requested. why?,75,wrong_amount_of_cash_received
i couldn't get the money i needed.,75,wrong_amount_of_cash_received
who should i contact if the amount of my withdrawal doesn't correspond to the amount that i tried to take out of my account?,75,wrong_amount_of_cash_received
i made an atm withdraw it didn't give me the amount i asked for but is showing a withdraw for that amount.,75,wrong_amount_of_cash_received
so i just went to the atm to get some cash. i input that i needed 100 pounds but i only got 80. i have the receipt and i am in need of the extra money. how do i go about obtaining the missing amount?,75,wrong_amount_of_cash_received
the amount of money i pushed at the atm machine did not come out of the machine.,75,wrong_amount_of_cash_received
"i got less than what i asked for in the atm, why?",75,wrong_amount_of_cash_received
"i'm stuck here at your broken atm and i don't know what to do next. asked for 30 pounds, got 10. atm said i got 30. something very wrong here and i want my money now!",75,wrong_amount_of_cash_received
the machine only paid me a hundred when i wanted 20,75,wrong_amount_of_cash_received
there was a fee charged when i paid with my card.,15,card_payment_fee_charged
i received a fee i should not have.,15,card_payment_fee_charged
why am i being a charged for using my card?,15,card_payment_fee_charged
tell me why there is a fee for a card payment.,15,card_payment_fee_charged
i don't understand why i'm being charged for using my card.,15,card_payment_fee_charged
i paid with my card so so why was i charged a transaction fee?,15,card_payment_fee_charged
"i shouldn't have been charged but i see a fee, why?",15,card_payment_fee_charged
"i made a payment with my card and was charged a fee, why would you do that",15,card_payment_fee_charged
a fee came along with me paying with card,15,card_payment_fee_charged
i had to pay a fee when buying items with my card.,15,card_payment_fee_charged
why is there a fee when i thought there would be no fees?,15,card_payment_fee_charged
why are there fees for using a card?,15,card_payment_fee_charged
i had to pay money for paying with my card.,15,card_payment_fee_charged
"i'm going on holiday to france for 6 weeks with my family and the cat, fluffy. i just purchased €10,000 from a currency exchange to ensure we don't run short but there appears to be a fee. what is this for?",15,card_payment_fee_charged
what are the reasons to be charged a fee on card payments?,15,card_payment_fee_charged
i paid with card and was charged a fee that shouldn't be there!,15,card_payment_fee_charged
why was i charged an extra fee when paying with card?,15,card_payment_fee_charged
i noticed a new fee on my account. i didn't know there were fees for these payments. what is the policy?,15,card_payment_fee_charged
i don't understand why i was charged an additional fee for this service. can you clarify?,15,card_payment_fee_charged
why is there a fee for using my card?,15,card_payment_fee_charged
why was my transaction charged an extra fee when paying with my card?,15,card_payment_fee_charged
"where can i find out the fee structure for my account? i have been charged fees for some transactions, but not for other ones. i can't find a pattern in these fees.",15,card_payment_fee_charged
"on a card payment, why is there a fee?",15,card_payment_fee_charged
why did i get charged a fee for my card payment?,15,card_payment_fee_charged
why are you charging me fees for using my card?,15,card_payment_fee_charged
what is the extra fee that showed up on my card?,15,card_payment_fee_charged
why was i charged a fee for using my card,15,card_payment_fee_charged
let me know when i get charged extra for payments. i saw on the app a fee i wasn't forewarned about.,15,card_payment_fee_charged
i was charged a fee for using my card. can i check that in any way? it seems like there are occasions that i am charge for fees. can you elaborate this?,15,card_payment_fee_charged
i got charged a service fee on my account. can it be waived since i didn't know about it before?,15,card_payment_fee_charged
i think a fee was applied for paying with a card.,15,card_payment_fee_charged
i'm being charged for using my card!,15,card_payment_fee_charged
i bought something with my card and i was charged a fee,15,card_payment_fee_charged
i received an extra charge for using the card. why?,15,card_payment_fee_charged
can you explain why my payment was charged a fee?,15,card_payment_fee_charged
is there a fee for paying by card?,15,card_payment_fee_charged
who charged me a fee for paying by card?,15,card_payment_fee_charged
i have a fee showing from last time i used my card.,15,card_payment_fee_charged
why is this fee being charged to me after using my card?,15,card_payment_fee_charged
"why wasn't it obvious that you charge for payments? if you put the fees in an easy to read format, this could have been avoided.",15,card_payment_fee_charged
why am i being charged fees on some transactions but not on others? what am i missing here? i cannot find where to see the fee structure on my account. help!,15,card_payment_fee_charged
i payed with the card and there was an extra fee?,15,card_payment_fee_charged
is it normal to be charged an extra fee when paying with my card?,15,card_payment_fee_charged
why was there a fee for paying by card?,15,card_payment_fee_charged
how did the extra charge on my card come in effect?,15,card_payment_fee_charged
please tell me why i was charged additionally when i used the card.,15,card_payment_fee_charged
i made a purchase with my card and i was charged a fee for using it,15,card_payment_fee_charged
i was made to pay a fee for making a transaction with card.,15,card_payment_fee_charged
"why, when paying with the card, was i charged an extra fee?",15,card_payment_fee_charged
i have never been charged a card payment fee before. why did this change?,15,card_payment_fee_charged
what can i pay with out fees,15,card_payment_fee_charged
why and i being charged this fee?,15,card_payment_fee_charged
why was i charged a fee? i thought shopping was free?,15,card_payment_fee_charged
there was an extra charge when i used my card,15,card_payment_fee_charged
what is this fee for card payment?,15,card_payment_fee_charged
i saw a fee on my app from one of my payments and i wasn't sure where it came from. is there a way you can tell me when there's an additional fee for my payments?,15,card_payment_fee_charged
why was i charged for payments? you didn't warn me about additional fees.,15,card_payment_fee_charged
"i have used my card online before and wasn't charged, why am i charged now",15,card_payment_fee_charged
"i paid with my card and got charged an extra fee, what's up with that?",15,card_payment_fee_charged
i used my card and there was a fee,15,card_payment_fee_charged
"i am tired of getting charged fees, and i have no idea why, please let me know what/when you charge fees for.",15,card_payment_fee_charged
why am i getting a fee on a card payment?,15,card_payment_fee_charged
"hi, i am new to this. are there any additional fees or charges that i should be aware of? i was looking through the app and i thought i saw something in regards to fee-free allowances.",15,card_payment_fee_charged
i noticed that i got charged extra for using the card.,15,card_payment_fee_charged
i paid with a card and there is an extra charge. why?,15,card_payment_fee_charged
can you explain why i am now getting charged a fee for using my card?,15,card_payment_fee_charged
"there are multiple instances where you added a fee to the payment, as well as some where you didn't. do you have an outline of when a fee will be added?",15,card_payment_fee_charged
i have been charged a fee that i didn't know about. why have you charged me extra for card payments?,15,card_payment_fee_charged
i got a fee when paying with my card,15,card_payment_fee_charged
why is there a fee for a payment on my card?,15,card_payment_fee_charged
"when using my card i was charged a fee for doing so, why?",15,card_payment_fee_charged
what was i charged a fee for card payment?,15,card_payment_fee_charged
what is this extra fee?,15,card_payment_fee_charged
why did i have to pay extra because i paid with my card?,15,card_payment_fee_charged
i want to see what this fee is on my card payment.,15,card_payment_fee_charged
let me know when you charge extra for payments please. i just checked the app earlier when i saw that there was an additional fee on one of the payments that i wasn't warned about before.,15,card_payment_fee_charged
how do i avoid charges in the future,15,card_payment_fee_charged
an extra fee has been added to my card payment is this correct?,15,card_payment_fee_charged
why was there an extra charge because i used my card to pay?,15,card_payment_fee_charged
why do i have to pay extra for using my card?,15,card_payment_fee_charged
"unbeknownst to me, there was an additional charge on my prior transaction. a notification of sorts should be required and explained before future payments are made.",15,card_payment_fee_charged
i paid with my card and was charged extra,15,card_payment_fee_charged
my account was charged a fee. when did you start charging extra for card payments?,15,card_payment_fee_charged
explain the extra fee on my card when paying.,15,card_payment_fee_charged
i was charged and shouldn't have been charged when using my card!,15,card_payment_fee_charged
i have a fee and i don't know why,15,card_payment_fee_charged
i was mistakenly charged a fee for using my card.,15,card_payment_fee_charged
tell me why i was charged more with my card?,15,card_payment_fee_charged
"my card is showing a fee from when i used it, but i thought this card was supposed to be fee free?",15,card_payment_fee_charged
there was an extra fee when i paid with the card.,15,card_payment_fee_charged
i think i was wrongly charged in a recent transaction when i used my card.,15,card_payment_fee_charged
"i have been charged a fee, i didn't know about this fee before! when do you charge extra for card payments?",15,card_payment_fee_charged
i was spending cash with my card and got a fee.,15,card_payment_fee_charged
what are these fees i am paying?,15,card_payment_fee_charged
why have i been charged a fee for card payment?,15,card_payment_fee_charged
how come i was charged an extra fee when paying with the card?,15,card_payment_fee_charged
why is there a charged fee for debit or credit card payment?,15,card_payment_fee_charged
am i getting charged for making a payment?,15,card_payment_fee_charged
why do some of my payments have fees? i don't understand.,15,card_payment_fee_charged
why did i have to pay an additional amount when using my card to pay?,15,card_payment_fee_charged
i paid with my card and i was charged a fee,15,card_payment_fee_charged
there was a charge applied when i used my card.,15,card_payment_fee_charged
i was charged a hidden fee when i paid with card.,15,card_payment_fee_charged
why does it cost more to pay with my card?,15,card_payment_fee_charged
is there a place to check for fee for payments? i feel like i'm getting charged too much at times.,15,card_payment_fee_charged
i need to be made aware when i am being charged an extra amount for payments please. i looked over the app earlier and noticed an additional feel related to one of the payments. i was not warned about this before.,15,card_payment_fee_charged
why was i charged extra when paying with card?,15,card_payment_fee_charged
why am i charged a fee when using my debit or credit card?,15,card_payment_fee_charged
"i am getting charged fees on some payments. please help me understand, where are these fees disclosed?",15,card_payment_fee_charged
why was the price higher when i paid with my card?,15,card_payment_fee_charged
i just made an order and noticed an extra fee. why have you charged me this without informing me?,15,card_payment_fee_charged
i didn't know i was going to get charged to use my card.,15,card_payment_fee_charged
i have been charged an extra fee when buying from your store. why is this?,15,card_payment_fee_charged
what is this extra fee that i got when i used my card to pay?,15,card_payment_fee_charged
was i charged extra for using my card?,15,card_payment_fee_charged
let me know when applying extra charges for payments. i just checked the app and saw a fee that i wasn't warned about.,15,card_payment_fee_charged
why was i charged an additional fee when paying with card?,15,card_payment_fee_charged
why did i get charged extra?,15,card_payment_fee_charged
i paid with card and i was charged a fee,15,card_payment_fee_charged
i made a purchase but never expected to see a fee charged for the transaction.,15,card_payment_fee_charged
i was charged for using my card?,15,card_payment_fee_charged
my card was charged more than expected.,15,card_payment_fee_charged
where can i check to see if there will be a fee added to my payment? are there specific instances that will result in a fee added?,15,card_payment_fee_charged
why have i been charged a fee for using my card?,15,card_payment_fee_charged
why was i charged extra using my card?,15,card_payment_fee_charged
how was i charged extra when i used my card to pay?,15,card_payment_fee_charged
when do i get charged a fee for using the card?,15,card_payment_fee_charged
"i see i was charged extra when i used the card. i am not sure why, please tell me why.",15,card_payment_fee_charged
why was i charged a fee for my card payment?,15,card_payment_fee_charged
why was i charged an extra fee when using the card?,15,card_payment_fee_charged
let me know when you charge for payments. i just checked the app and saw a fee that i wasn't warned about.,15,card_payment_fee_charged
what is the charge for paying with my card?,15,card_payment_fee_charged
i paid with my card and ended up being charged a fee.,15,card_payment_fee_charged
why is there a fee on a card payment?,15,card_payment_fee_charged
i was unaware of the additional charge that was added onto my previous payment. a notification of extra charges would be appreciated in the future.,15,card_payment_fee_charged
i don't think i should have been charged a fee to use my card.,15,card_payment_fee_charged
a fee that shouldn't be there is there after using my card!,15,card_payment_fee_charged
"how do i see what fees i am supposed to be charged on my account? i've noticed fees on some transactions, but not on others. this is very confusing and i cannot find a pattern to what i am being charged?",15,card_payment_fee_charged
why am i getting charged more for using my card?,15,card_payment_fee_charged
i see a fee that i think was charged because i paid by card.,15,card_payment_fee_charged
what are the fees imposed when i make a transaction?,15,card_payment_fee_charged
what was the extra charge for using my card?,15,card_payment_fee_charged
why was a fee added to my bill when i used my card?,15,card_payment_fee_charged
please tell my why i was charged a fee for using my card?,15,card_payment_fee_charged
how can i check how much free spending i have left? i have some big purchases coming up and want to know where i can look for any info.,15,card_payment_fee_charged
i was charged a fee when buying stuff with my card.,15,card_payment_fee_charged
i was charged an additional amount of money for making a purchase with my card,15,card_payment_fee_charged
what is the fee charged for using my card?,15,card_payment_fee_charged
i just saw a fee on my account. when do these get charged?,15,card_payment_fee_charged
is it normal to get charged extra when i use my card?,15,card_payment_fee_charged
this fee shouldn't be there after i paid with a card.,15,card_payment_fee_charged
why am i charged an extra fee on my card?,15,card_payment_fee_charged
why did i get charged more for using my card?,15,card_payment_fee_charged
i recently bought an item using my card and i was charged an extra fee why is this?,15,card_payment_fee_charged
i am angry that i got charged for using my card.,15,card_payment_fee_charged
i wanted to know why i got an additional fee when i use my card.,15,card_payment_fee_charged
"is there a fee for making a payment? if so, let me know why.",15,card_payment_fee_charged
please tell me why i would have to pay a fee for a recent payment. thanks.,15,card_payment_fee_charged
why was i charged a fee for debit or credit card payment?,15,card_payment_fee_charged
why was an extra charge added when i used my card?,15,card_payment_fee_charged
why have i been charged a small fee to use my card?,15,card_payment_fee_charged
i was charged an extra fee for a card payment. i was unaware of these fees beforehand.,15,card_payment_fee_charged
why is there a fee associated with card use?,15,card_payment_fee_charged
what is this fee showing up in my account for?,15,card_payment_fee_charged
i got charged for with a fee for paying with my card.,15,card_payment_fee_charged
why am i being charged a fee on a card payment?,15,card_payment_fee_charged
is there a way to get around fees,15,card_payment_fee_charged
i noticed an extra fee when i paid with my card.,15,card_payment_fee_charged
you advertise no fee when paying with a card then my statement shows a fee.,15,card_payment_fee_charged
"there was an extra fee when i paid with my card, why was i charged this extra fee?",15,card_payment_fee_charged
why was there an additional fee on the payment i just made? i don't usually have additional fees applied to my payments.,15,card_payment_fee_charged
what is this extra charge with my purchase?,15,card_payment_fee_charged
hello! i randomly got charged an extra fee today as i was shopping online and i have no idea why! are there extra fees for card payments? or am i missing something here?,15,card_payment_fee_charged
please explain the extra fee when i paid with the card.,15,card_payment_fee_charged
when do you charge fees on accounts? i just saw a charge on my statement.,15,card_payment_fee_charged
after i used my card i saw i was charged a fee for using it,15,card_payment_fee_charged
is there an allowance on cards?,15,card_payment_fee_charged
why am i being charged a hidden fee?,15,card_payment_fee_charged
can you explain why i was charged extra when i used the card?,15,card_payment_fee_charged
why did i get charged a fee on my card?,15,card_payment_fee_charged
do you have charges now when you pay with a card?,15,card_payment_fee_charged
what is the extra fee that was added when i used the card?,15,card_payment_fee_charged
why am i charged a fee for using my card on some purchases?,15,card_payment_fee_charged
why am i being charged a fee for using my card? if there is some print out of places that charge me can you please send me that?,15,card_payment_fee_charged
how can i tell if there will be a fee added to my payment or not?,15,card_payment_fee_charged
you promised no fees but now i've got one. what the hell!?,15,card_payment_fee_charged
how do i know which payments i make will have additional fees? where can i find this information online?,15,card_payment_fee_charged
i am worried that too much time has gone by for a transfer to be completed.,66,transfer_not_received_by_recipient
what is the time frame that it usually takes for a transfer to come through? i have a friend needing it immediately but it has yet to come through.,66,transfer_not_received_by_recipient
my money transaction can't be seen by the person i sent it to,66,transfer_not_received_by_recipient
"how long does it typically take a transfer to go through? i sent some money to a friend earlier today, and she really needs it. it still is a pending transfer, even though i sent it a few hours ago.",66,transfer_not_received_by_recipient
"i have done a transfer within the country the day before yesterday, but it's still not there yet. can you please check what's going on with that, the account number definitely is the right one, i've checked that already.",66,transfer_not_received_by_recipient
"i have done a transfer within the country the day before yesterday, but it's still not there yet. can you please check what's going on with that, the account number is the right one, i've checked that several times already.",66,transfer_not_received_by_recipient
my money transaction hasn't arrived.,66,transfer_not_received_by_recipient
i sent money to a person and they haven't received the payment yet.,66,transfer_not_received_by_recipient
i do not know where the transaction is.,66,transfer_not_received_by_recipient
i transferred money but the recipient does not see the funds in their account?,66,transfer_not_received_by_recipient
why hasn't a transaction to a friend cleared yet?,66,transfer_not_received_by_recipient
the app isn't showing my transactions,66,transfer_not_received_by_recipient
why isn't the recipient seeing the transaction? i just sent the money.,66,transfer_not_received_by_recipient
i transferred money and it didn't get there.,66,transfer_not_received_by_recipient
is there a reason why a recipient might not see my money transaction,66,transfer_not_received_by_recipient
i don't see the transaction i made to a friend on my account.,66,transfer_not_received_by_recipient
why has a transaction to a friend been delayed?,66,transfer_not_received_by_recipient
"a transaction i did to my friend hasn't arrived yet, why?",66,transfer_not_received_by_recipient
where is my last money transaction,66,transfer_not_received_by_recipient
i am having an issue with an in country transfer i did a few days ago. it has yet to appear in my account. i have checked to be sure that all account information is correct multiple times. what is taking the transfer so long?,66,transfer_not_received_by_recipient
i made a transfer the day before yesterday within this country. it is still not showing up at all. i have double-checked and the account number is certainly right. i've actually type this multiple times. can you look into what is going on here?,66,transfer_not_received_by_recipient
how much time do transfers typically take? i sent money to a friend who needs it urgently. it's been hours and has not gone through.,66,transfer_not_received_by_recipient
a transaction to a friend still hasn't shown up.,66,transfer_not_received_by_recipient
i sent money and the recipient has not received their money after two weeks.,66,transfer_not_received_by_recipient
how long will it take for my transfer to arrive?,66,transfer_not_received_by_recipient
why did the funds not transfer to another recipient?,66,transfer_not_received_by_recipient
i sent a payment but it isn't showing up in the app,66,transfer_not_received_by_recipient
i tried to transfer some money and it hasn't done it yet - what's going on?,66,transfer_not_received_by_recipient
i made a transfer and they haven't received the money i sent them.,66,transfer_not_received_by_recipient
"how long does it take to transfer money, my retailer is waiting",66,transfer_not_received_by_recipient
"i sent money to someone but they haven't gotten it, what's going on?",66,transfer_not_received_by_recipient
"how long does it take for transfers to process? i sent funds to a friend, and she says that she has not yet received anything.",66,transfer_not_received_by_recipient
why hasn't the transaction i did to my friend arrive yet?,66,transfer_not_received_by_recipient
i sent money about 5 days ago and the recipient has not received the money yet.,66,transfer_not_received_by_recipient
i am just waiting on the completion of the transaction.,66,transfer_not_received_by_recipient
my cash transaction isn't showing on my account,66,transfer_not_received_by_recipient
why hasn't my transaction arrived?,66,transfer_not_received_by_recipient
when are you going to transfer the money?,66,transfer_not_received_by_recipient
"i have moved to a new house and set up a rent payment to my landlord, it was supposed to be in her account a few days ago but it hasn't arrived. i definitely sent it to the right place, can you confirm where the money is?",66,transfer_not_received_by_recipient
i need to check status as my friend hasn't got money i sent.,66,transfer_not_received_by_recipient
how long do transfers typically take? is there a way of speeding the process up? my friend needs the money i sent her desperately.,66,transfer_not_received_by_recipient
wheres my money receipt,66,transfer_not_received_by_recipient
money is not in recipients account.,66,transfer_not_received_by_recipient
how long does it take for money to transfer? i sent some to a friend and it hasn't gone through yet.,66,transfer_not_received_by_recipient
why hasn't the transaction i did to my friend arrived yet?,66,transfer_not_received_by_recipient
"how much time do transfers take? i sent money to a friend who needs it fast. it's been hours, and the money has not gone through.",66,transfer_not_received_by_recipient
"how long should a transfer normally take to process completely? i have a friend that needs it right away, but it's already been 2 hours and she hasn't received it.",66,transfer_not_received_by_recipient
my friend says he hasn't received my transaction,66,transfer_not_received_by_recipient
what is the length of a transaction completion?,66,transfer_not_received_by_recipient
i transferred some cash and it has not arrived yet.,66,transfer_not_received_by_recipient
i need to transfer some money to a friend who is in urgent need of some fast cash. how long will it take before she can use that money?,66,transfer_not_received_by_recipient
two days ago i did a transfer to another account within the country. it doesn't appear the transfer went through. i have verified the account number several times. could you please check on this for me?,66,transfer_not_received_by_recipient
where did the money transfer go?,66,transfer_not_received_by_recipient
when will the transaction be done?,66,transfer_not_received_by_recipient
i transferred some money to my mom 2 days ago and she has not received it. i double checked the information and it looks right. can you help me?,66,transfer_not_received_by_recipient
why is it taking so long for a transfer to complete!,66,transfer_not_received_by_recipient
why is my transfer taking so long to complete?,66,transfer_not_received_by_recipient
i am just waiting for the transaction to be completed.,66,transfer_not_received_by_recipient
how long do i have to wait for my transaction to be completed?,66,transfer_not_received_by_recipient
i did a money transaction and the recipient doesn't see it,66,transfer_not_received_by_recipient
why hasn't my friend received the money i sent them yet?,66,transfer_not_received_by_recipient
i sent money for my rent to my landlord but she is claiming it hasn't arrived in her account can you trace the transfer i made to make sure it arrived so i can provide proof i sent it and that it has been deposited?,66,transfer_not_received_by_recipient
why didn't my friend's transaction arrive yet?,66,transfer_not_received_by_recipient
still waiting for transfer to be completed.,66,transfer_not_received_by_recipient
i transferred some money but it is not here yet,66,transfer_not_received_by_recipient
what do i do if i completed a money transfer but the recipient hasn't received it?,66,transfer_not_received_by_recipient
"i have done a transfer within the country a couple days ago, but it's still not there yet. can you please check what's going on with that, the account number definitely is the right one, i've checked that several times already.",66,transfer_not_received_by_recipient
i'm still waiting for my transaction.,66,transfer_not_received_by_recipient
why hasn't a transaction i did to my friend arrived yet?,66,transfer_not_received_by_recipient
i set up a payment to a new payee and sent some money but the person i'm sending it to has not received it. can you check where the money is?,66,transfer_not_received_by_recipient
my new landlord says he hasn't received the rent payment that i transferred a couple days ago. i've already checked the account numbers and they are correct. can you tell me what's going on with this transaction that the transfer isn't showing up on my landlord's end?,66,transfer_not_received_by_recipient
"i can't see if the transfer i did a couple days ago is in my account yet. i double checked my info before sending, too. can you check this?",66,transfer_not_received_by_recipient
my transfer has not arrived.,66,transfer_not_received_by_recipient
how long does it take for the transfer to go through?,66,transfer_not_received_by_recipient
what happens when i money transaction doesn't show up on the receiving side?,66,transfer_not_received_by_recipient
"i'm trying to make a payment to my new landlord. even though the payment was sent a few days ago, it isn't clearing on their side. can you verify that payment has been made?",66,transfer_not_received_by_recipient
"i've waited 2 days for a transfer to reach a retailers account, am i going to have to wait longer.",66,transfer_not_received_by_recipient
my friend has not got the money i sent last week.,66,transfer_not_received_by_recipient
why can't the person i sent the money transfer to see it?,66,transfer_not_received_by_recipient
the money has not yet been placed in recipients account.,66,transfer_not_received_by_recipient
i'm getting concerned here. i sent a friend some money and she isn't seeing it. what's going on?,66,transfer_not_received_by_recipient
i completed i transfer the day before yesterday in this country. the transfer still is not complete. i've checked on the account number multiple times to make sure that it is the right one. can you check to see what's going on with this?,66,transfer_not_received_by_recipient
"i made a transfer for my rent payment about 2 days ago, but my landlord hasn't received it yet. it shows as done on my side, and i've double check all account numbers and they are correct. can you verify that the transaction was actually made?",66,transfer_not_received_by_recipient
why hasn't arrived yet a transaction i did to my friend?,66,transfer_not_received_by_recipient
i'm waiting for my transaction to complete.,66,transfer_not_received_by_recipient
why hasn't my friend received the transaction?,66,transfer_not_received_by_recipient
i transferred money and it hasn't come yet,66,transfer_not_received_by_recipient
why hasn't my son received the transfer i sent to him earlier?,66,transfer_not_received_by_recipient
how long do money transfers take? my friend really needs the money i sent a couple of hours ago but it's not there yet.,66,transfer_not_received_by_recipient
why hasn't the money transfer arrived yet?,66,transfer_not_received_by_recipient
i have not received the completed transaction.,66,transfer_not_received_by_recipient
how long does it take for a transfer to arrive,66,transfer_not_received_by_recipient
how come my money hasn't shown up yet?,66,transfer_not_received_by_recipient
"hello, a few days ago i transferred my rent check to my landlord, however, he is saying that it has not gone though. on my end everything looks fine and i double checked the account number. is there anything else that could be holding up the check?",66,transfer_not_received_by_recipient
why can't the recepient of my money transaction see it?,66,transfer_not_received_by_recipient
the recipient doesn't see the money transaction i made,66,transfer_not_received_by_recipient
how long will my transaction take?,66,transfer_not_received_by_recipient
how long should it take for a transfer to go through? i have been waiting a while.,66,transfer_not_received_by_recipient
"i accidentally entered in my retailers information, what should i do next",66,transfer_not_received_by_recipient
i transferred some cash and it didn't arrive,66,transfer_not_received_by_recipient
where has my transferred money gone?,66,transfer_not_received_by_recipient
i tried doing an in country transfer earlier this week. i thought it would be there by now but i still don't see the money. can you check the status on my transfer?,66,transfer_not_received_by_recipient
is there a reason a payment is showing complete on my side but the person who is receiving it has not gotten it?,66,transfer_not_received_by_recipient
i've checked multiple times to make sure the account number listed is the right one after attempting to make a transfer within the country the day before yesterday. the transfer is still not available so can you please find out what is going on?,66,transfer_not_received_by_recipient
i transferred some money but it hasn't arrived.,66,transfer_not_received_by_recipient
why is my transaction taking so long to complete?,66,transfer_not_received_by_recipient
my transfer isn't in,66,transfer_not_received_by_recipient
i sent money to my family last friday but they don't have it.,66,transfer_not_received_by_recipient
when will i get my money? it's been too long.,66,transfer_not_received_by_recipient
why didn't my transfer get to the recipient?,66,transfer_not_received_by_recipient
i haven't received money from a transfer?,66,transfer_not_received_by_recipient
"i transferred a payment a couple days ago and it shows done, but it has not been received. could you please help me?",66,transfer_not_received_by_recipient
i payed my rent to my landlord a few days ago and he is saying the it never went though. everything looks good to me and i even double checked the account number. i don't know what could be causing the confusion. can you help me please?,66,transfer_not_received_by_recipient
my transaction has not been received. when are you going to process it?,66,transfer_not_received_by_recipient
"hi, i sent my landlord my rent money a few days ago and while everything seems good on my end he says that he never got the money. i double checked the account number and it's correct. can you help me figure this out?",66,transfer_not_received_by_recipient
my cash transaction isn't showing on my receipt,66,transfer_not_received_by_recipient
my transfer hasn't arrived,66,transfer_not_received_by_recipient
i did a money transaction and dont have a receipt,66,transfer_not_received_by_recipient
i have a friend who needs money as soon as possibly. if i were to transfer it how long will it take to get to her?,66,transfer_not_received_by_recipient
why hasn't my friend's transaction arrive yet?,66,transfer_not_received_by_recipient
hi - i have made a transaction to my new landlord but unfortunately it shows on my end but not on the landlord's end. the numbers are correct. can you confirm when that will go through?,66,transfer_not_received_by_recipient
i sent money to someone but they haven't gotten it yet,66,transfer_not_received_by_recipient
how long will it take to receive my money from my transfer transaction?,66,transfer_not_received_by_recipient
my transfer didn't arrive to the recipient,66,transfer_not_received_by_recipient
recipient has not received the money,66,transfer_not_received_by_recipient
the recipient can not locate funds.,66,transfer_not_received_by_recipient
why has my transfer not arrived yet?,66,transfer_not_received_by_recipient
my new landlord is a lier and is trying to rip me off by saying i've not paid my rent when i have paid my rent. what is going on? they say the money hasn't got to them but i see it going out of my account. can you check that the money went to the right place?,66,transfer_not_received_by_recipient
i made a transfer to my friend earlier and she hasn't received it yet. what's the hold up?,66,transfer_not_received_by_recipient
"|i moved out of my old house two weeks ago and cancelled my direct debit to my old landlord, this direct debit was working fine. now i've moved in to a new place and set up a transfer to a new landlord but it's not reached her yet, can you check it please?",66,transfer_not_received_by_recipient
why is the transaction to my friend still pending?,66,transfer_not_received_by_recipient
"the day before yesterday, i performed a transfer within the country. it still has not completed. can you check on that? the account number is definitely correct, as i've checked.",66,transfer_not_received_by_recipient
"i have checked the account information several times to be sure that it is correct, but the in country transfer i did a few days ago still has not appeared! what is the hold up?",66,transfer_not_received_by_recipient
"i performed a transfer within the country the day before yesterday, but it has not gone through? can you check on that? the account number is definitely correct, as i've checked.",66,transfer_not_received_by_recipient
the day before yesterday i transferred funds to another account within the country. the funds have not yet arrived. i double and triple checked the account number and it was correct. why hasn't the transfer been completed yet?,66,transfer_not_received_by_recipient
why doesn't the person i sent money to see that transfer yet?,66,transfer_not_received_by_recipient
"how long does it take for transfers to be approved? i sent funds to my girlfriend, and she says that she has not seen any approved funds in her account.",66,transfer_not_received_by_recipient
how long will it be before the person i sent money to is able to see it?,66,transfer_not_received_by_recipient
i'm still awaiting for the completion of the transaction.,66,transfer_not_received_by_recipient
what is the time for a transfer?,66,transfer_not_received_by_recipient
i dont see my reciept,66,transfer_not_received_by_recipient
why hasn't my transaction been completed?,66,transfer_not_received_by_recipient
i sent some money and the account hasn't recived the transfer i made.,66,transfer_not_received_by_recipient
i'm still expecting the transaction to be finished,66,transfer_not_received_by_recipient
i transferred some money to a friend of mine who urgently needs some money right now. how long will it take to get to her?,66,transfer_not_received_by_recipient
"i sent a payment, but the person i sent it to says they don't have it",66,transfer_not_received_by_recipient
"i have done a transfer within the country the day before yesterday, but it's still not there yet. can you please check what's going on with that, the account number definitely is the right one, i've checked that several times already.",66,transfer_not_received_by_recipient
"i need to verify a payment to my new landlord. i transferred the first rent payment a few days ago. while it shows on my side, the landlord is saying he hasn't received it yet. can you verify that it has processed?",66,transfer_not_received_by_recipient
"i've been waiting since friday, where is my money?",66,transfer_not_received_by_recipient
i sent some money but the intended recipient says it hasn't arrived,66,transfer_not_received_by_recipient
could you please help me? i made my rent payment and have double checked that i sent it to the right account. the person receiving it says he has not received it but it shows complete on my side.,66,transfer_not_received_by_recipient
i just did a money transaction but its not showing they received it,66,transfer_not_received_by_recipient
why hasn't my transaction arrived to my friend yet?,66,transfer_not_received_by_recipient
"i just transferred my friend money, but she hasn't received it yet, and it's been a few hours. can you tell me when to expect it to go through?",66,transfer_not_received_by_recipient
how long will my most recent transfer take to go through? the recipient needs the money urgently.,66,transfer_not_received_by_recipient
my recipient hasn't received the money,66,transfer_not_received_by_recipient
when will my transfer arrive,66,transfer_not_received_by_recipient
i just sent money but the person i sent it to doesn't see it. what happened?,66,transfer_not_received_by_recipient
why hasn't my transaction completed?,66,transfer_not_received_by_recipient
why hasn't the transaction i did arrive yet?,66,transfer_not_received_by_recipient
why isn't the transfer i made to a friend showing?,66,transfer_not_received_by_recipient
why is my friend not getting a transaction arrival yet?,66,transfer_not_received_by_recipient
how long will a transaction to a friend take?,66,transfer_not_received_by_recipient
why hasn't my in country transfer gone through yet? i confirmed the account info a couple days ago but the payment hasn't been posted yet.,66,transfer_not_received_by_recipient
"i completed a transfer within the uk two days ago, but it is still not showing received. i have verified the account number is correct already. is there anything else i need to do or is there a problem?",66,transfer_not_received_by_recipient
how can i the person see my money transaction?,66,transfer_not_received_by_recipient
i sent a transfer to a friend that needs it urgently. it has already been 2 hours and still hasn't come through to her. how long does it normally take?,66,transfer_not_received_by_recipient
the money i transferred didnt arrive,66,transfer_not_received_by_recipient
why is my transfer taking so long. i thought it was supposed to only take 1 day if i made a transfer to someone. can you wee what went wrong?,66,transfer_not_received_by_recipient
"i sent some money to somebody a couple of hours ago, and they still have yet to receive it. they really need the money, how much longer are they going to have to wait?",66,transfer_not_received_by_recipient
how long do transfers take? i sent money to a friend who needs it urgently. it's been hours and has not gone through.,66,transfer_not_received_by_recipient
how do i use american express to top up my account?,54,supported_cards_and_currencies
which currencies do you accept for adding money?,54,supported_cards_and_currencies
is my credit card supported for top-ups?,54,supported_cards_and_currencies
am i able to add money into my account using my american express?,54,supported_cards_and_currencies
can i use my american express card to add money into my account?,54,supported_cards_and_currencies
can you tell me what currencies i can use to add money?,54,supported_cards_and_currencies
i want to use my american express for adding money into my account.,54,supported_cards_and_currencies
with what currencies can i add money?,54,supported_cards_and_currencies
what are the acceptable currencies for adding funds?,54,supported_cards_and_currencies
how can i transfer money from american express card,54,supported_cards_and_currencies
what cards and currencies are accepted?,54,supported_cards_and_currencies
how can i top up my card with another card?,54,supported_cards_and_currencies
use my credit to add money,54,supported_cards_and_currencies
what types of currencies do you accept?,54,supported_cards_and_currencies
do you accept any card and currency?,54,supported_cards_and_currencies
can i use my mastercard to add money to my account,54,supported_cards_and_currencies
what types of cards and money do you accept?,54,supported_cards_and_currencies
how can i fund another account with my american express?,54,supported_cards_and_currencies
what currencies do you accept to add money?,54,supported_cards_and_currencies
how can i top up my account and which currency can i use?,54,supported_cards_and_currencies
will my other us credit card be accepted?,54,supported_cards_and_currencies
can i top up from a usa credit card,54,supported_cards_and_currencies
how can i get funds into my account from my american express?,54,supported_cards_and_currencies
which cards and currencies are supported?,54,supported_cards_and_currencies
what are the currencies and cards that are supported with my account?,54,supported_cards_and_currencies
what currency can i use to add money?,54,supported_cards_and_currencies
can i use a credit card from the us to top up?,54,supported_cards_and_currencies
why don't you accept american express for adding money to my account,54,supported_cards_and_currencies
can you tell me what cards and currencies you support?,54,supported_cards_and_currencies
which foreign currencies do you accept for adding money?,54,supported_cards_and_currencies
i only have one other credit card from the us. do you accept that?,54,supported_cards_and_currencies
what currencies are approved to add money?,54,supported_cards_and_currencies
i wish to use my american express to put funds into my account.,54,supported_cards_and_currencies
i have another card from the u.s. will you be able to accept that one?,54,supported_cards_and_currencies
i want to use a payment card to top up my account. how can i do this?,54,supported_cards_and_currencies
can i use american express?,54,supported_cards_and_currencies
i'd prefer to use my american express when putting funds into my account.,54,supported_cards_and_currencies
what currencies can i use?,54,supported_cards_and_currencies
what cards can i use to add money to my account,54,supported_cards_and_currencies
what currencies and methods can i use to top up my account?,54,supported_cards_and_currencies
is american express supported for adding funds?,54,supported_cards_and_currencies
do you accept credit cards from the us,54,supported_cards_and_currencies
can you accept my other card from the u.s.? it is the only other one i have.,54,supported_cards_and_currencies
do you accept mastercard?,54,supported_cards_and_currencies
"i am adding money, what currencies do you accept to do this?",54,supported_cards_and_currencies
which currencies do you handle?,54,supported_cards_and_currencies
what currencies can i use to add money to my account,54,supported_cards_and_currencies
are there certain cards and currencies you support?,54,supported_cards_and_currencies
why wont my american express work to add money,54,supported_cards_and_currencies
which currencies can i use to add money?,54,supported_cards_and_currencies
can i use any card and currency?,54,supported_cards_and_currencies
what kind of cards are supported? what currency?,54,supported_cards_and_currencies
what us cards do you accept? i only have 1 other.,54,supported_cards_and_currencies
i have a second credit card from the us. will you take it?,54,supported_cards_and_currencies
what cards do you accept to top up my account?,54,supported_cards_and_currencies
what currencies do you accept for adding money?,54,supported_cards_and_currencies
can i top off with a debit card?,54,supported_cards_and_currencies
"i want to deposit funds, what payments are accepted?",54,supported_cards_and_currencies
are cards from the us accepted?,54,supported_cards_and_currencies
i'd like to use my american express to place money into my account.,54,supported_cards_and_currencies
please let me know what currency i can use to top up my account?,54,supported_cards_and_currencies
do you accept all cards and currencies?,54,supported_cards_and_currencies
i have one other credit card from the us. do you take that?,54,supported_cards_and_currencies
which credit card top-ups do you accept?,54,supported_cards_and_currencies
"if i top up by card, what options do i have re: currency and card type?",54,supported_cards_and_currencies
what currencies are accepted to add money?,54,supported_cards_and_currencies
"i want to add money to my card, what payments do you accept?",54,supported_cards_and_currencies
what are my payment options?,54,supported_cards_and_currencies
can i electronically transfer funds into my account from my american express?,54,supported_cards_and_currencies
can i top up my card with other cards?,54,supported_cards_and_currencies
i have one other credit card from the us. do you take it?,54,supported_cards_and_currencies
am i able to use my american express to add money to my account balance?,54,supported_cards_and_currencies
what are the cards and currencies that you support?,54,supported_cards_and_currencies
what us credit cards do you accept?,54,supported_cards_and_currencies
what currencies do you accept for adding money to my account?,54,supported_cards_and_currencies
i have an american express that i'd like to add money to my account with.,54,supported_cards_and_currencies
what forms of payment do you accept?,54,supported_cards_and_currencies
what type of card can i use to top up?,54,supported_cards_and_currencies
do you have a list of cards and currencies you support?,54,supported_cards_and_currencies
"i want to top up by using a credit card, which ones do you support?",54,supported_cards_and_currencies
"i have a us credit card, will you accept it?",54,supported_cards_and_currencies
what currencies and cards do you support?,54,supported_cards_and_currencies
how do i add money from my amex card to top up,54,supported_cards_and_currencies
what cards and currencies can i use to top up my account?,54,supported_cards_and_currencies
will you accept my credit card?,54,supported_cards_and_currencies
"will you accept my credit card, it my only one.",54,supported_cards_and_currencies
"if i want to add funds to the account using american express, how do i do that?",54,supported_cards_and_currencies
i just have one additional card from the usa. do you support that?,54,supported_cards_and_currencies
why doesn't it work when i use american express to try to add money to my account?,54,supported_cards_and_currencies
which cards are accepted for topping up?,54,supported_cards_and_currencies
what kinds of cards can i use to top up?,54,supported_cards_and_currencies
help me use american express to add money to the account.,54,supported_cards_and_currencies
what cards and currencies can i use?,54,supported_cards_and_currencies
what currency is acceptable for a top up?,54,supported_cards_and_currencies
what other credit cards can i use?,54,supported_cards_and_currencies
what payment methods are used to top up?,54,supported_cards_and_currencies
how can i add money from my amex card,54,supported_cards_and_currencies
i only have a card from the us is that okay?,54,supported_cards_and_currencies
is american express accepted?,54,supported_cards_and_currencies
which currencies do you work with?,54,supported_cards_and_currencies
can i use this app for any currency?,54,supported_cards_and_currencies
"for adding money, which currencies do you accept?",54,supported_cards_and_currencies
how can i pay for top-ups?,54,supported_cards_and_currencies
is american express supported for adding money into my account?,54,supported_cards_and_currencies
can you tell me which cards and currencies are supported?,54,supported_cards_and_currencies
"i would like to top up via credit card, which credit cards do you support?",54,supported_cards_and_currencies
"i only have one more us credit card, is it accepted?",54,supported_cards_and_currencies
"if i want to topup by card, how do i do it?",54,supported_cards_and_currencies
"i want to know which currencies and cards are supported, can you provide a list?",54,supported_cards_and_currencies
"i want to top up by card, what do you support?",54,supported_cards_and_currencies
can i add funds with a card from the united states,54,supported_cards_and_currencies
i want to top up my account. what payment methods are supported?,54,supported_cards_and_currencies
how can i use my american express to add money into my account?,54,supported_cards_and_currencies
what card or currency can i use to pay?,54,supported_cards_and_currencies
my card wants to be topped what do you guys support?,54,supported_cards_and_currencies
do you accept from usa credit card?,54,supported_cards_and_currencies
what currency can i use to pay for a top up?,54,supported_cards_and_currencies
do you have a list of the cards and currencies supported?,54,supported_cards_and_currencies
what are the various currencies and cards that you offer support for?,54,supported_cards_and_currencies
what currencies can be used for top up?,54,supported_cards_and_currencies
"do i have to top up in euros if i use a card, or can i use a different currency?",54,supported_cards_and_currencies
what cards do you support,54,supported_cards_and_currencies
what are the currencies that are accepted to add money?,54,supported_cards_and_currencies
what kind of cards an currency do you support?,54,supported_cards_and_currencies
which cards do you support for top up?,54,supported_cards_and_currencies
"top up my card please, which y'all support?",54,supported_cards_and_currencies
do you accept us credit cards?,54,supported_cards_and_currencies
i need to know if you will accept my credit card.,54,supported_cards_and_currencies
i want to add funds to my account. what payment methods are accepted?,54,supported_cards_and_currencies
"i would like to order a virtual card, where can i get one?",40,getting_virtual_card
"i need to order a new virtual card, how do i do that?",40,getting_virtual_card
how can i sign up for a virtual card?,40,getting_virtual_card
i haven't received my virtual card yet!!,40,getting_virtual_card
can you give me a virtual card?,40,getting_virtual_card
i want to get my hands on one of those virtual cards!,40,getting_virtual_card
i need a virtual card,40,getting_virtual_card
how do i get to the virtual cards?,40,getting_virtual_card
want to know how to get virtual card,40,getting_virtual_card
where is my virtual card?,40,getting_virtual_card
where are the virtual cards?,40,getting_virtual_card
is it possible to order a virtual card?,40,getting_virtual_card
how to i go about getting my virtual card,40,getting_virtual_card
i don't have a virtual card - how do i get one?,40,getting_virtual_card
how to receive virtual card?,40,getting_virtual_card
why haven't i gotten a virtual card yet?,40,getting_virtual_card
where do i order a virtual card?,40,getting_virtual_card
can i have a virtual card?,40,getting_virtual_card
please explain to me the process of getting a virtual card.,40,getting_virtual_card
my virtual card has not came yet!,40,getting_virtual_card
which part of the app do i order virtual cards from?,40,getting_virtual_card
where do i have access to a virtual card?,40,getting_virtual_card
how to order a virtual card,40,getting_virtual_card
where do i get a virtual card?,40,getting_virtual_card
why haven't i been given a virtual card yet?,40,getting_virtual_card
can you help me find the virtual card?,40,getting_virtual_card
how do i go about getting hold of a virtual card?,40,getting_virtual_card
where's my virtual card,40,getting_virtual_card
how can i go about ordering a virtual card?,40,getting_virtual_card
where can i find the virtual card?,40,getting_virtual_card
"i'd rather not use my physical card, how can i get a virtual card?",40,getting_virtual_card
what do i have to do to get my virtual card?,40,getting_virtual_card
can i use my app to get a virtual card,40,getting_virtual_card
how can i obtain a virtual card?,40,getting_virtual_card
i'm interested in getting a virtual card. how do i get one?,40,getting_virtual_card
what is the way to go about getting a virtual card?,40,getting_virtual_card
how can i receive a virtual card?,40,getting_virtual_card
when will my virtual card arrive?,40,getting_virtual_card
how do i get my virtual card?,40,getting_virtual_card
how to get virtual card,40,getting_virtual_card
what is the best way to get my virtual card?,40,getting_virtual_card
"i need to make a purchase online, where is my virtual card?",40,getting_virtual_card
i look but i see no virtual card. why is that?,40,getting_virtual_card
"hello, what is a virtual card and how do i get one?",40,getting_virtual_card
how come i did not get a virtual card yet?,40,getting_virtual_card
"how many virtual cards can i have, i want 8",40,getting_virtual_card
how do i get a virtual card on my device?,40,getting_virtual_card
how do i access the virtual card?,40,getting_virtual_card
i'd like more info on getting a virtual card.,40,getting_virtual_card
do i get to have one of those virtual cards i've heard about?,40,getting_virtual_card
where can i have a virtual card,40,getting_virtual_card
i would love one of the virtual cards!,40,getting_virtual_card
i would like to order a virtual card.,40,getting_virtual_card
i have yet to receive my virtual card,40,getting_virtual_card
how long will it take to receive a virtual card?,40,getting_virtual_card
why have i not received a virtual card yet?,40,getting_virtual_card
i can't find the virtual card,40,getting_virtual_card
can you assist me in acquiring a virtual card?,40,getting_virtual_card
i want one of the virtual cards!,40,getting_virtual_card
how come i didn't get a virtual card yet?,40,getting_virtual_card
and do you have virtual cards instead of physical ones?,40,getting_virtual_card
how do i go about getting a virtual card?,40,getting_virtual_card
when will i get a virtual card? i haven't gotten one yet,40,getting_virtual_card
where can i order my virtual card?,40,getting_virtual_card
where can virtual cards be ordered?,40,getting_virtual_card
how can i locate the virtual card?,40,getting_virtual_card
how long do you have to wait to see your virtual card your ordered?,40,getting_virtual_card
i want to get a virtual card!,40,getting_virtual_card
how to access my virtual card,40,getting_virtual_card
where can i sign up for a virtual card?,40,getting_virtual_card
where do i go to receive a virtual card,40,getting_virtual_card
are there virtual cards,40,getting_virtual_card
please let me know how to place an order for a virtual card,40,getting_virtual_card
i ordered a virtual card but it hasn't come through yet,40,getting_virtual_card
is there a way to get a virtual card?,40,getting_virtual_card
"i haven't received my virtual card yet, do yo know why?",40,getting_virtual_card
why hasn't my virtual card arrived?,40,getting_virtual_card
what is the virtual card and how can i get one?,40,getting_virtual_card
"i have lost my card, but need to place an online order! how do i get a virtual card instantly?",40,getting_virtual_card
i've got to have one of those virtual cards.,40,getting_virtual_card
where is my virtual card located?,40,getting_virtual_card
why have i not yet received my virtual card?,40,getting_virtual_card
where would i order a virtual card?,40,getting_virtual_card
"i need to order a new card, can you please direct me to the virtual cards?",40,getting_virtual_card
i need my virtual card,40,getting_virtual_card
i haven't received my virtual card.,40,getting_virtual_card
how do i receive a virtual card?,40,getting_virtual_card
i heard you have virtual cards. how do i get one?,40,getting_virtual_card
i would like a virtual card...how do i get one?,40,getting_virtual_card
explain the virtual card,40,getting_virtual_card
i'd like like to know where i can order a virtual card?,40,getting_virtual_card
what is a virtual and how do i get one,40,getting_virtual_card
why hasn't my virtual card come yet?,40,getting_virtual_card
is there a way to order a virtual card on the website?,40,getting_virtual_card
is there an alternative to a physical card?,40,getting_virtual_card
please tell me how i can get a virtual card.,40,getting_virtual_card
"i did not get my virtual card yet, why?",40,getting_virtual_card
where do i find a virtual card?,40,getting_virtual_card
is there anywhere i can't use my card?,10,card_acceptance
in which stores can i shop with this card?,10,card_acceptance
how do i know where i can use my card?,10,card_acceptance
can i tell what business will take this card?,10,card_acceptance
are there businesses that don't accept this card?,10,card_acceptance
is the card welcomed by everybody?,10,card_acceptance
do you have a list of businesses that accept this card?,10,card_acceptance
what businesses accept this card?,10,card_acceptance
what retailers accept my card?,10,card_acceptance
this card is accepted by what businesses?,10,card_acceptance
will this card work all over the world?,10,card_acceptance
what is the atmosphere of it,10,card_acceptance
what kind of businesses will take my card?,10,card_acceptance
where do i pay with my debit or credit card?,10,card_acceptance
can i pay online with my card?,10,card_acceptance
do you know which businesses will accept my card?,10,card_acceptance
who accepts the card?,10,card_acceptance
you accepts my card?,10,card_acceptance
is my card accepted anywhere?,10,card_acceptance
is my card denied anywhere?,10,card_acceptance
where can i use my card?,10,card_acceptance
where can i use my mastercard?,10,card_acceptance
where is card accepted,10,card_acceptance
where can i pay with my card?,10,card_acceptance
where can my card be used?,10,card_acceptance
is my card valid everywhere?,10,card_acceptance
which establishments will accept my card?,10,card_acceptance
are there limits to businesses that will accept this card?,10,card_acceptance
any place that takes mastercard would be fine.,10,card_acceptance
is there a list of where i can use my card?,10,card_acceptance
what are the limits to where my card will be accepted?,10,card_acceptance
can i use my card wherever i want?,10,card_acceptance
where can i use my card to pay?,10,card_acceptance
are there any limits to were my card is accepted?,10,card_acceptance
can i use my card while on vacation overseas?,10,card_acceptance
are there any places that won't take my card?,10,card_acceptance
which merchants accept my card?,10,card_acceptance
you can use it anywhere that accepts mastercard.,10,card_acceptance
is there restrictions on where i can use my card?,10,card_acceptance
can i use my card for online payments?,10,card_acceptance
are there limits as to where my card will be accepted?,10,card_acceptance
where do i pay with my card?,10,card_acceptance
which merchants accept this card?,10,card_acceptance
are there any restrictions to where i can use my card?,10,card_acceptance
at what places accept my card?,10,card_acceptance
in what places can i use my card?,10,card_acceptance
what places accept my card?,10,card_acceptance
can i use my card no matter where i go?,10,card_acceptance
will my card work at all merchant locations?,10,card_acceptance
how can i know where my card will be accepted?,10,card_acceptance
can i pay with my card anywhere?,10,card_acceptance
can i use my card anywhere?,10,card_acceptance
where can i use this card?,10,card_acceptance
what businesses can i use this card with?,10,card_acceptance
do all businesses take this card?,10,card_acceptance
where is this card accepted?,10,card_acceptance
what businesses accept my card?,10,card_acceptance
can i use this card at any store?,10,card_acceptance
are there any restrictions on where i use this card?,10,card_acceptance
"my top up did not show up as shown and my money has disappeared, can you help me fix this glitch problem?",61,top_up_reverted
has my top-up been cancelled?,61,top_up_reverted
"i topped up recently and saw the money go through, but now it's just gone? what's going on",61,top_up_reverted
for what reason did my top-up get cancelled?,61,top_up_reverted
i think my top up has been reverted,61,top_up_reverted
has my top-up gone through?,61,top_up_reverted
i went to top up my card and it was cancelled.,61,top_up_reverted
i didn't cancel my top-up.,61,top_up_reverted
i have a reverted top up i made and wanted to know why it didn't go through.,61,top_up_reverted
i believe my top up was reverted.,61,top_up_reverted
"my money is gone. i had topped up recently and saw it was there and went through, but now it's disappeared, what's going on?",61,top_up_reverted
"hello, i have tried using crypto top up but it is not working. i had some money in my account but i'm not sure what happened",61,top_up_reverted
why did my top up get reverted?,61,top_up_reverted
what caused my top-up to be returned?,61,top_up_reverted
what happened to my top-up? it was all done and now it's gone! are you having problems with your system?,61,top_up_reverted
why was my top up reverted?,61,top_up_reverted
seems like my top-up has been cancelled,61,top_up_reverted
seems like my top up has been cancelled,61,top_up_reverted
"my money has disappeared. i had recently added money in, and saw it was there and went through. now it's gone. what is happening?",61,top_up_reverted
"something is wrong, my top-up is gone and i don't know what happened to my money.",61,top_up_reverted
my money is nowhere to be found? i talked up earlier and seen it. now it has vanished. what is going on?,61,top_up_reverted
my top-up was cancelled and i am writing to ask if i need to complete the 3d secure authentication section before i submit it.,61,top_up_reverted
how come i can't put money in my top up account?,61,top_up_reverted
why has my top-up been reverted?,61,top_up_reverted
my top up was reverted. can you help?,61,top_up_reverted
"my top-up was supposed to be done, but now the money is gone! is there a glitch in your system?",61,top_up_reverted
why would my top up be reverted?,61,top_up_reverted
"i tried to make a top-up and it was canceled, why is that?",61,top_up_reverted
did you revert my top up?,61,top_up_reverted
the app declined my top up. what did i do wrong?,61,top_up_reverted
is there a reason my top-up has been cancelled?,61,top_up_reverted
i think you reverted my top up.,61,top_up_reverted
i need someone to find out where my money has gone to? it has disappeared. i completed a top up earlier and seen it had went through. since it has now disappeared i need to know what's going on.,61,top_up_reverted
"for some reason, the money i added was returned.",61,top_up_reverted
why didn't my top up work?,61,top_up_reverted
"i went to look at my top-up and it was canceled, can you tell me why this happend?",61,top_up_reverted
how does my top-up got cancelled?,61,top_up_reverted
"did you lose my money? i had added funds through top-up not long ago and i know they were in my account, but they seem to have disappeared. what happened?",61,top_up_reverted
what happened to my top-up? i think it was cancelled.,61,top_up_reverted
why did my top-up get reverted?,61,top_up_reverted
why won't my top up go through?,61,top_up_reverted
please explain why the funds i added were returned to my account.,61,top_up_reverted
why isn't top-up working? my top-up money disappeared after i saw that it was successfully transferred. is it gone? where did it go?,61,top_up_reverted
"my money is gone. i had topped up recently and saw it was there and went through, but now it's disappeared, what is happening?",61,top_up_reverted
i did a topup successfully but its not showing in balance. i think there is some problem in system.,61,top_up_reverted
i put some money in my account the other day but now its gone? why is this?,61,top_up_reverted
my thoughts were that you offered crypto top up which does not seem to be working. the money has now been taken from my account. what is the problem here?,61,top_up_reverted
"my money is gone :( i had topped up recently and saw it was there and went through, but now it's disappeared, what's going on?",61,top_up_reverted
"i think my top up may have been reverted, what do i do?",61,top_up_reverted
what is the status of my top up?,61,top_up_reverted
"when i top-up, the app reverts it.",61,top_up_reverted
why has my top up been cancelled,61,top_up_reverted
what's the problem? i thought you offered crypto top up. this doesn't appear to be working at all. my money has now vanished from my account.,61,top_up_reverted
"i thought you offer crypto top up but it doesn't seem to be right ? money just disappeared from my account, how it would work ?",61,top_up_reverted
why is my top-up showing as cancelled?,61,top_up_reverted
why does my top-up get cancelled?,61,top_up_reverted
what i topped up was reverted by the app.,61,top_up_reverted
i was checking my statement and my top-up has been reverted,61,top_up_reverted
"my money is gone. i had topped up recently and saw it was there, but now it's disappeared, what's going on?",61,top_up_reverted
my top up was rejected. why?,61,top_up_reverted
i wanted to know why a top-up i made has been reverted.,61,top_up_reverted
what should i do? i topped off but the app reversed it.,61,top_up_reverted
i thought crypto top up with something you offer. this is not working. the money has been deducted from my account. can you find out what's going on?,61,top_up_reverted
"hi, i have done a topup, but my money was reverted. please look into this issue.",61,top_up_reverted
my top-up has been reverted and i would like to know why.,61,top_up_reverted
how can i tell if my top-up has been cancelled?,61,top_up_reverted
when i topped up the app has seemed to reverted it.,61,top_up_reverted
i think my top up was reversed.,61,top_up_reverted
i refilled my account balance but got an error message.,61,top_up_reverted
"my money's disappeared from my account! i topped up the other day and it was there, but now it's not. help?",61,top_up_reverted
why is my top-up showing as reverted?,61,top_up_reverted
"my top-up was cancelled, could my bank be the problem?",61,top_up_reverted
"hi,accordingly you offer crypto top up but it doesn't seem to be working? money just disappeared from my account.what should be done now?",61,top_up_reverted
why did you revert my top-up?,61,top_up_reverted
my topup got reverted. please let me know if there is any issue in system.,61,top_up_reverted
my top-up was reverted by the app.,61,top_up_reverted
why was my top up cancelled?,61,top_up_reverted
how do i tell if my top up was reverted?,61,top_up_reverted
top up cancellation,61,top_up_reverted
"i was under the impression that you offer crypto top up; however, it doesn't appear to be working. the money has now disappeared from my account so i need to know what the deal is?",61,top_up_reverted
i topped up and now my money is not there anymore! what happened to it?,61,top_up_reverted
explain why my top up has been reverted please.,61,top_up_reverted
"if my top-up didn't transfer, what went wrong?",61,top_up_reverted
why has my money disappeared? i topped up earlier and seen it was there and had went through. what seems to be the problem?,61,top_up_reverted
my top up may have been reverted,61,top_up_reverted
"hi there, i came across a problem with my top up and my money is missing, was there a system error?",61,top_up_reverted
what caused my top up to be reverted?,61,top_up_reverted
i got an cancellation error when i was topping up.,61,top_up_reverted
why didnt my top up go through,61,top_up_reverted
when i topped up the app reverted it.,61,top_up_reverted
why was my top-up declined?,61,top_up_reverted
why wasn't my top-up accepted and where did that money go? at first it said it was confirmed but now i can't find it.,61,top_up_reverted
the app reverted my top up,61,top_up_reverted
why has my top-up been returned to my account?,61,top_up_reverted
i topped up but the app declined it,61,top_up_reverted
the app reverted after i topped-up,61,top_up_reverted
"i'm having an issue with transaction. i topped up my account and saw it went through, but that was a few days ago and the money isn't in my account any more. what's up with that?",61,top_up_reverted
why did my money disappear when i topped up??,61,top_up_reverted
i have a canceled top-up and wanted to know about it.,61,top_up_reverted
what reasons could cause my top up to be reverted,61,top_up_reverted
why isn't my top up showing? was the money reversed?,61,top_up_reverted
what if my top up is reverted?,61,top_up_reverted
i need to know what's going on. i was under the impression you offered cryto top up which doesn't seem to be working and money has just vanished from my account.,61,top_up_reverted
i got notified that my top up has been reverted. why?,61,top_up_reverted
"i need some help, i thought you guys accepted crypto top ups?? it won't seem to let me do it. i put money in my account and now it's gone and i didn't spend it. where did it go??",61,top_up_reverted
my top-up was just cancelled.,61,top_up_reverted
can you explain to me why a top up would be reverted?,61,top_up_reverted
i topped up but my money is not showing. why is that?,61,top_up_reverted
my automatic top-up was unsuccessful,61,top_up_reverted
it looks like my top-up was cancelled,61,top_up_reverted
"hello. i tried doing a topup and i thought it worked, but now the money is no longer in my account. can you explain?",61,top_up_reverted
reasons for top up cancellation.,61,top_up_reverted
"please help me, as my topup amount has been reverted, i did it correctly. i think there is some defect in system.",61,top_up_reverted
do you support top ups?,61,top_up_reverted
why did my top-up not go through?,61,top_up_reverted
explain why my top up would be reverted.,61,top_up_reverted
why did you revert my top up?,61,top_up_reverted
i thought crypto top up with something you offered and it does not appear that it's working even though the money has disappeared out of my account. can you tell me what's going on?,61,top_up_reverted
is there a reason for my top up to be cancelled?,61,top_up_reverted
the app reversed a top off i had. what should i do?,61,top_up_reverted
what happened to the money that i deposited?,61,top_up_reverted
what's the deal? money has just disappeared out of my account. i thought you offered crypto top up and it doesn't seem to working.,61,top_up_reverted
tell me how a top up would be reverted.,61,top_up_reverted
i noticed that the funds were returned to my bank account. what happened?,61,top_up_reverted
why have my top ups been canceled?,61,top_up_reverted
"what did you do with my money??? i just topped up, i saw the money was there, but now it's gone!! what did you do with it?",61,top_up_reverted
i want to know why my top-up was reverted,61,top_up_reverted
i am unable to use my top-up on the app. could you explain this to me?,61,top_up_reverted
"so, i was under the impression that you have an offer for crypto top up. this doesn't seem to be working. now, the money has just disappeared from my account. what is the deal?",61,top_up_reverted
my money disappeared! please help??,61,top_up_reverted
"hello there, i tried using crypto top up today but it's not working for me, might it be due to the kind of bank i'm using or the country that i'm from?money is also missing from my account",61,top_up_reverted
it appears my top-ups have been canceled.,61,top_up_reverted
"do you not accept crypto transfers from certain places? because when i tried to do a top up the money just disappeared. im not sure what to do or what i'm doing wrong, please help.",61,top_up_reverted
"i attempted to complete a topup, and i thought all was well, but now the money is gone again. has there been a glitch?",61,top_up_reverted
"my money has gone missing. i had recently added money in, and saw it was there and went through. now it's missing. what is happening?",61,top_up_reverted
"i tried to add a topup to my account but the money isn't there, anymore. did i do something wrong?",61,top_up_reverted
it's only been a few weeks my my top-up got cancelled,61,top_up_reverted
"hi, i just topped up my phone and the money was deducted but it seems to have deducted the same amount again! please help!",61,top_up_reverted
explain top-up cancellation,61,top_up_reverted
why did my top up get pulled back out?,61,top_up_reverted
why has my top up been returned?,61,top_up_reverted
"hello, i have recharged topup but account is not credited. please help me in this, i guess there is some defect in system.",61,top_up_reverted
reverted top up,61,top_up_reverted
"hae, i already completed my 3d secure authentication when i tried the crypto top up but it's still not working for me. i also don't understand what happened to the money in my account",61,top_up_reverted
can you tell me why my top-up was canceled?,61,top_up_reverted
why did my top-up not get approved this time?,61,top_up_reverted
why is my last cheque deposit taking so long?,6,balance_not_updated_after_cheque_or_cash_deposit
i am still waiting for a the cash i deposited this morning,6,balance_not_updated_after_cheque_or_cash_deposit
"i tried using a check to update my balance, but it isn't work? is something wrong?",6,balance_not_updated_after_cheque_or_cash_deposit
i deposited cash but it isn't showing up in my account,6,balance_not_updated_after_cheque_or_cash_deposit
i put some cash into my account but it's not displaying that on my balance.,6,balance_not_updated_after_cheque_or_cash_deposit
why hasn't my cash been deposited yet?,6,balance_not_updated_after_cheque_or_cash_deposit
"hi, i want to inquire about my balance. some cash was deposited and it hasn't updated yet.",6,balance_not_updated_after_cheque_or_cash_deposit
i deposited a check yesterday and im not seeing it posted yet in my account. why is that? can you look into it?,6,balance_not_updated_after_cheque_or_cash_deposit
"i made a deposit a couple of days back it's, as of yet, not gone in! it would be ideal if you assist me with this",6,balance_not_updated_after_cheque_or_cash_deposit
"the cheque i sent a few days ago has not been deposited yet, what is the hold up?",6,balance_not_updated_after_cheque_or_cash_deposit
cash and check deposit has not gone thru,6,balance_not_updated_after_cheque_or_cash_deposit
"my balance has not changed, despite depositing a cheque",6,balance_not_updated_after_cheque_or_cash_deposit
why did my cash deposit not show up?,6,balance_not_updated_after_cheque_or_cash_deposit
why is my money not in my account. i have already sent it out.,6,balance_not_updated_after_cheque_or_cash_deposit
i placed a cash deposit in my account but i can't see it yet.,6,balance_not_updated_after_cheque_or_cash_deposit
i'm not seeing my cash deposit showing up in my account.,6,balance_not_updated_after_cheque_or_cash_deposit
last week i put a cash deposit into my account and it is still isn't there.,6,balance_not_updated_after_cheque_or_cash_deposit
i checked the app and my balance has not been updated for the cash or cheque deposit.,6,balance_not_updated_after_cheque_or_cash_deposit
"i put some money in my account the other day and it's not gone in yet, can you help with this?",6,balance_not_updated_after_cheque_or_cash_deposit
i did a cash deposit to my account but it doesn't show up,6,balance_not_updated_after_cheque_or_cash_deposit
i can't see my cash deposit in my account.,6,balance_not_updated_after_cheque_or_cash_deposit
"i deposited money in the form of a cheque, but my balance has not increased.",6,balance_not_updated_after_cheque_or_cash_deposit
where is the cash deposit i made?,6,balance_not_updated_after_cheque_or_cash_deposit
"i can't figure out why i haven't gotten my cash, when i already put the check in the bank.",6,balance_not_updated_after_cheque_or_cash_deposit
why is my deposit still pending?,6,balance_not_updated_after_cheque_or_cash_deposit
i made a cash deposit and the balance wasn't updated.,6,balance_not_updated_after_cheque_or_cash_deposit
i did a cash deposit to my account but my balance is still the same. what happened?,6,balance_not_updated_after_cheque_or_cash_deposit
i just deposited cash to my account and can't find it!,6,balance_not_updated_after_cheque_or_cash_deposit
online banking is not showing my cheque or cash deposit so the balance is incorrect.,6,balance_not_updated_after_cheque_or_cash_deposit
i need help. i updated my balance with a check yesterday and im not seeing it. can you look at my account to see what went wrong?,6,balance_not_updated_after_cheque_or_cash_deposit
when will my cheque be processed?,6,balance_not_updated_after_cheque_or_cash_deposit
what happens if i deposit a cheque accidentally?,6,balance_not_updated_after_cheque_or_cash_deposit
why isn't my cheque deposit showing on my account? i though it would be faster and would like to to look into it and help.,6,balance_not_updated_after_cheque_or_cash_deposit
when will my deposit from this morning show up?,6,balance_not_updated_after_cheque_or_cash_deposit
i tried updating my balance by cheque yesterday but it doesn't seem to be working. shouldn't that be faster? please check my account something has gone wrong there.,6,balance_not_updated_after_cheque_or_cash_deposit
where is my missing cheque i deposited?,6,balance_not_updated_after_cheque_or_cash_deposit
my balance doesn't show my deposit.,6,balance_not_updated_after_cheque_or_cash_deposit
my account balance doesn't reflect an update i made by cheque yesterday. is something wrong or is the system slow?,6,balance_not_updated_after_cheque_or_cash_deposit
i made a deposit and the balance hasn't been updated.,6,balance_not_updated_after_cheque_or_cash_deposit
i have yet to receive the cash i added to my account this morning.,6,balance_not_updated_after_cheque_or_cash_deposit
why isn't my cash deposit showing up in my account?,6,balance_not_updated_after_cheque_or_cash_deposit
"i deposited some cash but it hasn't shown up in my account yet, what's going on?",6,balance_not_updated_after_cheque_or_cash_deposit
i deposited a cheque but the cash hasn't arrived yet,6,balance_not_updated_after_cheque_or_cash_deposit
i've already sent the money out and still have not received money in my account.,6,balance_not_updated_after_cheque_or_cash_deposit
i have made a recent check and cash deposit that isn't reflected in my balance.,6,balance_not_updated_after_cheque_or_cash_deposit
i placed a cheque but the funds aren't there,6,balance_not_updated_after_cheque_or_cash_deposit
the cheque i sent to you to have deposited a couple days ago has not cleared in my account yet. what is the issue?,6,balance_not_updated_after_cheque_or_cash_deposit
"the balance has not changed, but i have deposited some money",6,balance_not_updated_after_cheque_or_cash_deposit
"i am worried about the amount of my cheque, which should be credited to my account few days before. as i have already sent you the cheque.",6,balance_not_updated_after_cheque_or_cash_deposit
i need my account checked because it appears there is a problem. i attempted to update my balance yesterday using cheque but it doesn't seem to have worked. should this not be faster than this?,6,balance_not_updated_after_cheque_or_cash_deposit
i've deposited a check but the cash isn't showing that it's there yet.,6,balance_not_updated_after_cheque_or_cash_deposit
waiting for the cash i deposited this morning still,6,balance_not_updated_after_cheque_or_cash_deposit
"i put cash in my account, but i don't see it.",6,balance_not_updated_after_cheque_or_cash_deposit
where did the money i deposit go??,6,balance_not_updated_after_cheque_or_cash_deposit
"i submitted a cheque couple of days ago, nothing happened to my account yet.what could be the possible issue?",6,balance_not_updated_after_cheque_or_cash_deposit
i made a cash deposit a few days ago and it's still not reflected in my account. do you know what might have happened?,6,balance_not_updated_after_cheque_or_cash_deposit
why is the cash not showing in my account for the check i deposited?,6,balance_not_updated_after_cheque_or_cash_deposit
when will the check i deposited post to my account?,6,balance_not_updated_after_cheque_or_cash_deposit
how do i see my updated balance after i make a cheque or cash deposit?,6,balance_not_updated_after_cheque_or_cash_deposit
why isn't my deposit in my account?,6,balance_not_updated_after_cheque_or_cash_deposit
where is my cash deposit in my balance?,6,balance_not_updated_after_cheque_or_cash_deposit
dude i put money in the atm last week but it ain't there! i need the money now figure this out!,6,balance_not_updated_after_cheque_or_cash_deposit
"i deposited cash this morning, but it's not showing up in my account. can you tell me where's my money?",6,balance_not_updated_after_cheque_or_cash_deposit
how long does it take for a cheque to post to your account?,6,balance_not_updated_after_cheque_or_cash_deposit
why has my account balance not changed after depositing a cheque?,6,balance_not_updated_after_cheque_or_cash_deposit
where is the cash i deposited?,6,balance_not_updated_after_cheque_or_cash_deposit
why is my balance still the same after a cheque deposit?,6,balance_not_updated_after_cheque_or_cash_deposit
why is my check still not showing up on my account? it's been a week already,6,balance_not_updated_after_cheque_or_cash_deposit
why isn't my balance updating after depositing cheques and cash.,6,balance_not_updated_after_cheque_or_cash_deposit
my cash deposit isn't in my account. what happened?,6,balance_not_updated_after_cheque_or_cash_deposit
i updated by balance with a cheque yesterday but it isn't showing on my account. did something go wrong?,6,balance_not_updated_after_cheque_or_cash_deposit
i sent you a cheque a few days ago and i noticed that nothing has happened yet. can you tell me the status of my cheque please?,6,balance_not_updated_after_cheque_or_cash_deposit
why isn't my deposit showing up?,6,balance_not_updated_after_cheque_or_cash_deposit
my balance was not updated with my checque or cash deposit.,6,balance_not_updated_after_cheque_or_cash_deposit
"help! i'm missing money, i deposited a cheque but its not showing on my balance.",6,balance_not_updated_after_cheque_or_cash_deposit
my cash deposit from a week ago is still not in my account. can you help me please?,6,balance_not_updated_after_cheque_or_cash_deposit
i made a deposit but it is not showing up in my balance.,6,balance_not_updated_after_cheque_or_cash_deposit
i sent a cheque a few days ago and i noticed that no money has been put on my account. can you please tell me the situation of my account?,6,balance_not_updated_after_cheque_or_cash_deposit
the cheque i deposited isn't showing in my account,6,balance_not_updated_after_cheque_or_cash_deposit
my check or cash deposit has not shown up,6,balance_not_updated_after_cheque_or_cash_deposit
why isn't my cash deposit showing up in my account? i deposited it this morning.,6,balance_not_updated_after_cheque_or_cash_deposit
"i deposited a cheque, why isn't my balance showing that i did?",6,balance_not_updated_after_cheque_or_cash_deposit
why hasn't my cash arrived from a deposited check?,6,balance_not_updated_after_cheque_or_cash_deposit
"i put money in my account a week ago but its still not there, what is happening?",6,balance_not_updated_after_cheque_or_cash_deposit
"i made a cash deposit, but it hasn't shown up in my balance yet.",6,balance_not_updated_after_cheque_or_cash_deposit
"when will i see my cash, since i already deposited my check?",6,balance_not_updated_after_cheque_or_cash_deposit
"hi, my money has not been credited to my account for which i have sent you cheque few days before. i am worried about the money please let me know the status.",6,balance_not_updated_after_cheque_or_cash_deposit
i haven't seen the cash yet from the cheque i deposited.,6,balance_not_updated_after_cheque_or_cash_deposit
i've deposited a check in my account but the cash isn't showing as available.,6,balance_not_updated_after_cheque_or_cash_deposit
"i sent a cheque to you a few days ago and the deposit has yet to appear in my account. i need this money, what is the problem?",6,balance_not_updated_after_cheque_or_cash_deposit
what's going on with my balance? shouldn't it be a bit higher since i deposited a cheque a day ago?,6,balance_not_updated_after_cheque_or_cash_deposit
why am i not seeing the check i deposited this morning in my account?,6,balance_not_updated_after_cheque_or_cash_deposit
do you guys accept cash? because i deposited some this morning and i can't see it in my account.,6,balance_not_updated_after_cheque_or_cash_deposit
my cash deposit hasn't posted to my account.,6,balance_not_updated_after_cheque_or_cash_deposit
"i had a cheque deposited, but i don't see my money yet?",6,balance_not_updated_after_cheque_or_cash_deposit
my balance is not right. it has not been updated for the cash or cheque deposit.,6,balance_not_updated_after_cheque_or_cash_deposit
"after i deposited my cash, i still don't see it in my account.",6,balance_not_updated_after_cheque_or_cash_deposit
i made a cash deposit going to my account but it is not there,6,balance_not_updated_after_cheque_or_cash_deposit
"i deposited a check yesterday and im not seeing it in my account. i need the money, is there something wrong with my account? check it out please",6,balance_not_updated_after_cheque_or_cash_deposit
my cheque deposit didn't seem to work.,6,balance_not_updated_after_cheque_or_cash_deposit
i still do not see the cash deposit in my account from last week. why?,6,balance_not_updated_after_cheque_or_cash_deposit
when will my cheque process?,6,balance_not_updated_after_cheque_or_cash_deposit
"i deposited a check, but haven't received the funds for it.",6,balance_not_updated_after_cheque_or_cash_deposit
after depositing a cheque my balance did not change.,6,balance_not_updated_after_cheque_or_cash_deposit
cash has been deposited this morning but it hasn't came through.,6,balance_not_updated_after_cheque_or_cash_deposit
i deposited a cheque a week ago but have yet to receive the cash.,6,balance_not_updated_after_cheque_or_cash_deposit
"i put money into my account in the form of a cheque, but my balance did not change.",6,balance_not_updated_after_cheque_or_cash_deposit
"i deposited cash into my account a week ago and it is still not available, please tell me why? i need the cash back now.",6,balance_not_updated_after_cheque_or_cash_deposit
"my mother deposited a cheque into my account last week, why is it still not showing up?",6,balance_not_updated_after_cheque_or_cash_deposit
why hasn't my balance been updated from the check deposit i made?,6,balance_not_updated_after_cheque_or_cash_deposit
where is the money i put in the bank?,6,balance_not_updated_after_cheque_or_cash_deposit
i haven't received the cash from the check i deposited.,6,balance_not_updated_after_cheque_or_cash_deposit
after trying to update my account balance yesterday by cheque it doesn't seem to working. shouldn't the process be quicker? i need my account looked at because there appears to be a problem.,6,balance_not_updated_after_cheque_or_cash_deposit
is there an issue with my account? i don't see a cheque deposit that i made yesterday. please assist.,6,balance_not_updated_after_cheque_or_cash_deposit
"even though i made a cash deposit, i am not seeing it in my account.",6,balance_not_updated_after_cheque_or_cash_deposit
i put money in my account a week ago but its still not there?? what happened to my money?,6,balance_not_updated_after_cheque_or_cash_deposit
why did the cash deposit not show up in my account?,6,balance_not_updated_after_cheque_or_cash_deposit
what is going on? my balance still hasn't updated and it has been two weeks since i deposited my money!,6,balance_not_updated_after_cheque_or_cash_deposit
"i deposited cash into my account, why do i not see it?",6,balance_not_updated_after_cheque_or_cash_deposit
can you tell me why a cheque deposit isn't showing in my balance?,6,balance_not_updated_after_cheque_or_cash_deposit
why is my cash deposit not in my account?,6,balance_not_updated_after_cheque_or_cash_deposit
why isn't my money from a check deposit showing?,6,balance_not_updated_after_cheque_or_cash_deposit
"i put my check in the bank, but i haven't gotten my cash yet?",6,balance_not_updated_after_cheque_or_cash_deposit
how long should a cheque deposit take to show? my account hasn't updated and i want to make sure everything is okay.,6,balance_not_updated_after_cheque_or_cash_deposit
i used a check check yesterday to balance my account and it isn't showing up?,6,balance_not_updated_after_cheque_or_cash_deposit
"i recently deposited some money into my account, but it still isn't showing up. what's going on?",6,balance_not_updated_after_cheque_or_cash_deposit
"my friend deposited $100 into my account, but it is not showing up!",6,balance_not_updated_after_cheque_or_cash_deposit
the cash deposit i made this morning has not been credited to my account,6,balance_not_updated_after_cheque_or_cash_deposit
"i did a cash deposit to my account, but i am not seeing it on my statement.",6,balance_not_updated_after_cheque_or_cash_deposit
i deposited a cheque but i don't see the funds in my account.,6,balance_not_updated_after_cheque_or_cash_deposit
when will my deposit post to my account?,6,balance_not_updated_after_cheque_or_cash_deposit
i am still waiting for the cash to be returned from a cheque i deposited!,6,balance_not_updated_after_cheque_or_cash_deposit
how long does it take to show a deposit i made to my balance?,6,balance_not_updated_after_cheque_or_cash_deposit
i deposited cash into my account and i'm having trouble seeing it on my account.,6,balance_not_updated_after_cheque_or_cash_deposit
"i wrote a check to the account yesterday to add to my balance, but i don't see the amount of the check reflected anywhere. is it being held up for some reason? i should have seen a new balance by now!",6,balance_not_updated_after_cheque_or_cash_deposit
how long do cheques take to post to your account?,6,balance_not_updated_after_cheque_or_cash_deposit
i deposited money but my balance hasn't been updated yet.,6,balance_not_updated_after_cheque_or_cash_deposit
"i deposited cash this morning, but it is not yet available.",6,balance_not_updated_after_cheque_or_cash_deposit
i have cash deposit to my account but it is experiencing a problem,6,balance_not_updated_after_cheque_or_cash_deposit
how long will it take for the cash i deposited this morning to show up?,6,balance_not_updated_after_cheque_or_cash_deposit
the cast deposit from a week ago still is not in my account. why?,6,balance_not_updated_after_cheque_or_cash_deposit
why is the check i deposited this morning not showing up?,6,balance_not_updated_after_cheque_or_cash_deposit
how long do deposits take to appear? i've been waiting for more than a week and need the money!,6,balance_not_updated_after_cheque_or_cash_deposit
when will my deposit be processed?,6,balance_not_updated_after_cheque_or_cash_deposit
i am still awaiting the money i put into my account this morning.,6,balance_not_updated_after_cheque_or_cash_deposit
why am i still not able to see the money i deposited a week ago? this is urgent!!,6,balance_not_updated_after_cheque_or_cash_deposit
i deposited a check a few days ago and it's still not gone in! please help me with this,6,balance_not_updated_after_cheque_or_cash_deposit
i made a check and cash deposit that wasn't credited to my account.,6,balance_not_updated_after_cheque_or_cash_deposit
"i deposited a check yesterday to up my account balance, but that deposit hasn't shown up yet. it's been a day already!",6,balance_not_updated_after_cheque_or_cash_deposit
why hasn't my cheque processed?,6,balance_not_updated_after_cheque_or_cash_deposit
i am still currently waiting for the cash that has been deposited into the account this morning.,6,balance_not_updated_after_cheque_or_cash_deposit
i sent a check into the system but still haven't received the cash yet,6,balance_not_updated_after_cheque_or_cash_deposit
i recently deposited a cheque and cannot find the cash from it.,6,balance_not_updated_after_cheque_or_cash_deposit
when will i receive the cash payment from the check i deposited?,6,balance_not_updated_after_cheque_or_cash_deposit
my cheque is slow to cash,6,balance_not_updated_after_cheque_or_cash_deposit
i attempted to deposit a cheque yesterday but the balance isn't showing today. is it still pending?,6,balance_not_updated_after_cheque_or_cash_deposit
why haven't i seen the cash from the cheque i deposited yet?,6,balance_not_updated_after_cheque_or_cash_deposit
my cheque is taking a while,6,balance_not_updated_after_cheque_or_cash_deposit
i made a cash deposit to my account but i don't see it,6,balance_not_updated_after_cheque_or_cash_deposit
the check i deposited yesterday isn't listed yet. isn't that pretty slow? i need to see the balance increased by that check.,6,balance_not_updated_after_cheque_or_cash_deposit
where is my money from this morning,6,balance_not_updated_after_cheque_or_cash_deposit
why is it taking so long for my money to appear in my account? i have been waiting a week!,6,balance_not_updated_after_cheque_or_cash_deposit
"i deposited a cheque, but the balance hasn't changed yet.",6,balance_not_updated_after_cheque_or_cash_deposit
my account balance has not updated since i deposited a cheque recently.,6,balance_not_updated_after_cheque_or_cash_deposit
how long does a check take to show up in the account balance?,6,balance_not_updated_after_cheque_or_cash_deposit
what is going on with my cash deposit. i'm looking at my account balance and it is not there. it has been almost a week. someone better get back to me asap.,6,balance_not_updated_after_cheque_or_cash_deposit
why hasn't my account updated?,6,balance_not_updated_after_cheque_or_cash_deposit
i haven't received the money from the check i deposited.,6,balance_not_updated_after_cheque_or_cash_deposit
"i deposited a cheque with some money, but the balance hasn't changed.",6,balance_not_updated_after_cheque_or_cash_deposit
"i deposited a cheque, but my account balance stayed the same.",6,balance_not_updated_after_cheque_or_cash_deposit
why hasn't my balance been updated? i've deposited a few cheques some days ago!,6,balance_not_updated_after_cheque_or_cash_deposit
why hasn't my cash arrived yet from my cheque?!,6,balance_not_updated_after_cheque_or_cash_deposit
i made a check deposit but the cash hasn't arrived in my account yet.,6,balance_not_updated_after_cheque_or_cash_deposit
the balance hasn't changed yet after depositing a cheque with some money.,6,balance_not_updated_after_cheque_or_cash_deposit
what happened to my cash deposit?,6,balance_not_updated_after_cheque_or_cash_deposit
"please, tell me why i can't have the funds i deposited a week ago? i need the money now.",6,balance_not_updated_after_cheque_or_cash_deposit
"after my checque or cash deposit, my balance didn't update.",6,balance_not_updated_after_cheque_or_cash_deposit
when will my balance reflect a deposit?,6,balance_not_updated_after_cheque_or_cash_deposit
i made a cash deposit to my account but it is not there,6,balance_not_updated_after_cheque_or_cash_deposit
i deposited a cheque and its been days and i still haven't received the cash!!,6,balance_not_updated_after_cheque_or_cash_deposit
"i deposited some money, but the balance has not changed.",6,balance_not_updated_after_cheque_or_cash_deposit
there's a payment with my card that i didn't perform. i don't know that name shown.,16,card_payment_not_recognised
my statement indicates i made a payment to an unfamiliar merchant.,16,card_payment_not_recognised
"there's a payment with my card that i definitely didn't do myself, never seen that name before.",16,card_payment_not_recognised
help! in the app there is a payment that i don't remember.,16,card_payment_not_recognised
i don't understand where this charge came from.,16,card_payment_not_recognised
there is a charge i dont recognize,16,card_payment_not_recognised
"i need to figure out what these charges are on my account. they've been coming out for a couple of days. can i get all of this money back? also, i need to freeze my card.",16,card_payment_not_recognised
someone might have access to my card! there are some strange payments showing up on my account. what do i do?,16,card_payment_not_recognised
"there are a couple payments with my card shown in the app that i really didn't make myself. what's going on with this, does someone has access to my card?!",16,card_payment_not_recognised
i'm using the app and i noticed a payment that i didn't make.,16,card_payment_not_recognised
"a strange card payment, i do not recognize it.",16,card_payment_not_recognised
they is a payment i don't recognize on my statement.,16,card_payment_not_recognised
i have an unusual payment in my statement,16,card_payment_not_recognised
i do not recognize the card payment.,16,card_payment_not_recognised
hi something is going on with the app. i see some payments i didn't make?,16,card_payment_not_recognised
"if i see a payment in the app that i don't recognize, what should i do?",16,card_payment_not_recognised
i do not recognise the card payment.,16,card_payment_not_recognised
"there are a couple payments with my card shown in the app that i really didn't make myself. what's happenning with this, does someone has access to my card?!",16,card_payment_not_recognised
just today there was a purchase on my card that wasn't done by me. can this be reversed and my card be frozen? i can't have this continue!,16,card_payment_not_recognised
i need some help now please! there are some transactions on my account that i do not remember purchasing. can they be reversed? can you please cancel or freeze my card so i don't keep getting charged?!,16,card_payment_not_recognised
my statement contains an unknown payment,16,card_payment_not_recognised
i don't recognize what this payment on my statement would be for.,16,card_payment_not_recognised
there has been a payment in the app that has not be done by me.,16,card_payment_not_recognised
i don't recognize a purchase that was made with my card.,16,card_payment_not_recognised
i'm checking the app and i see a payment that's not mine.,16,card_payment_not_recognised
i have a charge for something i didn't buy.,16,card_payment_not_recognised
a payment on my statement is wrong.,16,card_payment_not_recognised
there's a payment that isn't mine on my app,16,card_payment_not_recognised
what is this strange payment in my account?,16,card_payment_not_recognised
i'm not sure where this charge came from.,16,card_payment_not_recognised
i looked at my statement and found a payment i and found a mistake.,16,card_payment_not_recognised
a payment in my account was made by someone i don't know,16,card_payment_not_recognised
"i don't recognize this payment on my app, i am sure i didn't spend any money there.",16,card_payment_not_recognised
there are a couple of payments with my card shown in the app that in reality i didn't make. maybe someone has access to my card?can you check whats the issue ?,16,card_payment_not_recognised
there is payment showing that i didn't do.,16,card_payment_not_recognised
payment i didn't do.,16,card_payment_not_recognised
why is there a random payment in my statement?,16,card_payment_not_recognised
"hi, there is a suspicious payment from my card. i definitely do not know who this is or who could have made this payment.",16,card_payment_not_recognised
a payment i didn't do shows in my app,16,card_payment_not_recognised
there is a charge i don't recognize.,16,card_payment_not_recognised
i'm noticing a payment/purchase at a company that i don't recognise.,16,card_payment_not_recognised
there seems to be a couple of payments listed in the app i know weren't made by me. is there a possibility someone has access to my card? can you find out what's going on?,16,card_payment_not_recognised
i need to freeze my card as soon as possible. i just checked my account and saw that there have been several payments that i don't recognize over the course of a few days. can we investigate and get my money back?,16,card_payment_not_recognised
there are some charges that i don't recognize. it happened days ago. can i get these charges back? should i cancel my card?,16,card_payment_not_recognised
please help. there is a payment in the app that isn't mine.,16,card_payment_not_recognised
i am seeing in the app a payment that its not mine,16,card_payment_not_recognised
there's a payment in the app i don't recognize.,16,card_payment_not_recognised
"hello, i just checked my statement and there seems to be a payment from my card that i have never seen before.",16,card_payment_not_recognised
there is a card payment i'm not familiar with.,16,card_payment_not_recognised
there is a strange payment on my card and i don't know what to do.,16,card_payment_not_recognised
is it possible someone has access to my card? i noticed that there are a couple of payments in the app i'm sure i did not make. can you find out what's going on here?,16,card_payment_not_recognised
there are some card payments that i haven't done myself. what is going on with my card and does somebody else have access to my card?,16,card_payment_not_recognised
i have a payment in my statement that is off,16,card_payment_not_recognised
i did not do this payment,16,card_payment_not_recognised
i've never been to that store. that's a fraudulent charge.,16,card_payment_not_recognised
"there are charges on my card from the past few day i am pretty sure i didnt make, can you please freeze it for me? how do i get my money returned since it wasnt me?",16,card_payment_not_recognised
i have a payment i didnt make on my account,16,card_payment_not_recognised
there were a couple of payments that i have noticed on my account with my card that i didn't make. is it possible that somebody else has my card information?,16,card_payment_not_recognised
there is an unauthorized payment in my statement.,16,card_payment_not_recognised
"there are a couple payments with my card shown in the app that i really make myself. what's going on with this, maybe someone has access to my card?!",16,card_payment_not_recognised
i don't recognize this payment at all! help!,16,card_payment_not_recognised
there is a record of payment i never submitted on the app.,16,card_payment_not_recognised
i just looked over my statement and i don't recognize the name of a card payment.,16,card_payment_not_recognised
i didn't make a payment at this business.,16,card_payment_not_recognised
there is a payment on my card that i do not recognize. i've never seen the name on the transaction before.,16,card_payment_not_recognised
why do i have a strange payment on my statement?,16,card_payment_not_recognised
i didnt do this charge,16,card_payment_not_recognised
i did not charge my account for that transaction. that's an error.,16,card_payment_not_recognised
there is a payment that is not mine in the app.,16,card_payment_not_recognised
i see an unfamiliar payment on my statement.,16,card_payment_not_recognised
why is this payment on my app,16,card_payment_not_recognised
there is a payment i don't recognize,16,card_payment_not_recognised
this card payment isn't is recognition.,16,card_payment_not_recognised
why do i have an unknown payment?,16,card_payment_not_recognised
payment i did not make.,16,card_payment_not_recognised
"i just saw some charges on my card from the past days that i dont recognize, i need to freeze the card asap! will i be able to get my money back?",16,card_payment_not_recognised
there are a couple of payments with my card shown in the app that i really didn't make myself. what's going on with this?,16,card_payment_not_recognised
why is there a payment i didn't do in my app?,16,card_payment_not_recognised
i have a payment that i didn't make.,16,card_payment_not_recognised
the app is showing a payment i never made.,16,card_payment_not_recognised
i checked the app and there is a payment that i don't recognize.,16,card_payment_not_recognised
how do i find out how or where this transaction on my account came from?,16,card_payment_not_recognised
i need to figure out who has access to my card there are some payments i didn't make that are showing on the app. could you please help?,16,card_payment_not_recognised
there is a strange payment on my card.,16,card_payment_not_recognised
i've got charges on my account i did not authorize. can i get this money back from the last couple of days that it's been coming out? i also need to freeze my card.,16,card_payment_not_recognised
there is a payment made with my card that i don't recognize at all.,16,card_payment_not_recognised
i saw a payment come out of my account for a merchant i don't remember.,16,card_payment_not_recognised
there's a payment with my card that i definitely didn't create. i don't know anyone by that name.,16,card_payment_not_recognised
the app shows a fraudulent payment made on my account.,16,card_payment_not_recognised
there's a payment in my history i don't recognize,16,card_payment_not_recognised
there is a payment on my card that i do not recognize.,16,card_payment_not_recognised
my app shows a payment i didn't make,16,card_payment_not_recognised
i don't know if i made this payment on my card.,16,card_payment_not_recognised
after looking at the app i noticed a couple of payments i know i did not make. is it possible someone has accessed my card? what is actually going on?,16,card_payment_not_recognised
i do not recongize a payment in my account.,16,card_payment_not_recognised
a payment shows up on the app that i never made.,16,card_payment_not_recognised
i swear that there are 2 payments on the app that i didn't make. could my card me stolen? please advise what i should do.,16,card_payment_not_recognised
is there any way to know how the transaction got on my account?,16,card_payment_not_recognised
i did not make this payment that i see in the app.,16,card_payment_not_recognised
i have a card payment i didn't make,16,card_payment_not_recognised
i disagree with a charge,16,card_payment_not_recognised
i didn't make this payment!,16,card_payment_not_recognised
there is a payment in the app i did not make,16,card_payment_not_recognised
there is a vendor name i don't recognize on a payment from my account. i don't think i made this payment.,16,card_payment_not_recognised
i don't think i made this payment that is showing up,16,card_payment_not_recognised
i think there's a purchase at a store that i didn't go to.,16,card_payment_not_recognised
have a payment that i haven't done.,16,card_payment_not_recognised
there was a purchase on my card recently to a name that i don't recognize at all. what can be done about this? i need my money back.,16,card_payment_not_recognised
"one of my card payments, i don't recognise the name of the merchant.",16,card_payment_not_recognised
"hello, i noticed there is a payment from my card to a business that i am not familiar with. i definitely did not make this payment.",16,card_payment_not_recognised
i do not recognise this card payment.,16,card_payment_not_recognised
i have a card payment that i don't recognize. what should i do?,16,card_payment_not_recognised
there are a couple payments with my card shown that i'm not responsible for. what is going on? maybe someone has access to my account.,16,card_payment_not_recognised
there is a payment with my card which i definitely did not do.,16,card_payment_not_recognised
my app is displaying a payment i didn't make,16,card_payment_not_recognised
i just checked my account on the app and there is a payment on there that i did not make.,16,card_payment_not_recognised
could you please put a freeze on my card? there are some payments on it that i don't know where they came from.,16,card_payment_not_recognised
in the app i see a payment that is not mine.,16,card_payment_not_recognised
there is a payment with my card which i definitely did not make by me .never seen that it before.,16,card_payment_not_recognised
i didn't make this payment and it's on my app,16,card_payment_not_recognised
why is there an uknown charge showing on my account?,16,card_payment_not_recognised
i think that there is a payment on my card that i did not authorize. i don't recognize the name attached to the transaction.,16,card_payment_not_recognised
i don't think i made this transaction on my statement,16,card_payment_not_recognised
there is a weird payment in my statement.,16,card_payment_not_recognised
a random charge got added to my card,16,card_payment_not_recognised
i need to freeze my card. there are charges on there that i did not authorize. they've been coming out for a couple of days. can i get this money back?,16,card_payment_not_recognised
i see a strange payment in my account.,16,card_payment_not_recognised
where is my unknown payment from?,16,card_payment_not_recognised
i have just read my statement and there is a payment i don't recognise.,16,card_payment_not_recognised
there's a card payment i didn't make,16,card_payment_not_recognised
there are a couple payments with my card displayed in the app which i didn't make. what is happening? maybe someone has access to my card.,16,card_payment_not_recognised
i'm worried that my card has been compromised because i see a payment that i didn't make.,16,card_payment_not_recognised
i didn't do a payment and i have it now.,16,card_payment_not_recognised
how do i dispute a payment i didnt make,16,card_payment_not_recognised
there is a payment in the app that i did not approve,16,card_payment_not_recognised
i don't recognize a charge on my statement.,16,card_payment_not_recognised
there is a strange card payment i don't recognise.,16,card_payment_not_recognised
i believe there is a mistake because a payment i didn't make shows in my app.,16,card_payment_not_recognised
there are a couple payments with my card in the app i see that i didn't create. what is happening? maybe someone gained access to my account.,16,card_payment_not_recognised
i'm not recognizing the card payment.,16,card_payment_not_recognised
there's a card payment with a name i don't recognize,16,card_payment_not_recognised
there is a payment done with my card which i definitely did not do.never seen that name before.,16,card_payment_not_recognised
why is there a payment i didn't do?,16,card_payment_not_recognised
someone else accessed my account and made a payment.,16,card_payment_not_recognised
i have an odd payment in my statement,16,card_payment_not_recognised
there is a fraudulent payment!,16,card_payment_not_recognised
why is there an unknown card payment?,16,card_payment_not_recognised
i don't recognize this payment,16,card_payment_not_recognised
i need to know where this charge is coming from?,16,card_payment_not_recognised
i see a payment on my statement for a place i didn't make a purchase at.,16,card_payment_not_recognised
there is an odd payment in my statement,16,card_payment_not_recognised
there are a few payments in the app that i didn't make! does someone else have my card? what should i do?,16,card_payment_not_recognised
i need help with some transactions in my account that i dont recognize or remember purchasing. im not sure if the name is just different or what. should my card be put on hold while the issue gets figured out to be safe or is it ok?,16,card_payment_not_recognised
i have a confusing payment appear on my statement and i don't recognise it!,16,card_payment_not_recognised
my statement has a payment that i do not recall making,16,card_payment_not_recognised
i think my card is being used by someone else to make purchases that i didn't authorize! i checked my account and see that there have been quite a few purchases over the last two days that i have no idea where they came from. we need to freeze my card now! and i need to find a way to get my money back.,16,card_payment_not_recognised
"what is this card payment, i do not recognize it.",16,card_payment_not_recognised
i didn't make a payment that shows in my app.,16,card_payment_not_recognised
what do i do if i see a transaction on my card that i don't recall making?,16,card_payment_not_recognised
there's a payment in the app that i didn't authorize.,16,card_payment_not_recognised
i have a charge i did not make.,16,card_payment_not_recognised
on my statement there is a payment that i don't recognise,16,card_payment_not_recognised
i need to cancel my card. there are a few charges from a couple days ago that i didn't make. can i get credit for these charges?,16,card_payment_not_recognised
it is listed in my app that i made a payment which i did not actually make,16,card_payment_not_recognised
i dont recognize a charge on my card,16,card_payment_not_recognised
there are a couple of payments with my card shown in the app that i really didn't make myself. why is it happened?,16,card_payment_not_recognised
a payment that i didn't make appears in my app.,16,card_payment_not_recognised
there is a card payment that i'm not recognizing.,16,card_payment_not_recognised
i am interested in changing my personal details.,30,edit_personal_details
i am here to change my adress.,30,edit_personal_details
i'd like to make some changes to my personal information.,30,edit_personal_details
i would like to change my name after marriage.,30,edit_personal_details
i would like to change my adress,30,edit_personal_details
my address is incorrect on my file.,30,edit_personal_details
my address details have changed and i want to update them,30,edit_personal_details
where do i go to edit my personal details on my account?,30,edit_personal_details
"i need to change my name, since i just got married",30,edit_personal_details
i moved to a new city and need to change my address,30,edit_personal_details
how can i change my address?,30,edit_personal_details
my last name has changed and i need to update my account details.,30,edit_personal_details
where can i change my address?,30,edit_personal_details
how do i edit the personal details on my account?,30,edit_personal_details
details need to be modified,30,edit_personal_details
am i able to modify my account details?,30,edit_personal_details
how can i change my name because i just got married?,30,edit_personal_details
where can i find how to change my name?,30,edit_personal_details
i just moved. how do i give you my new address?,30,edit_personal_details
i need to change my address in the personal details.,30,edit_personal_details
why can't i edit my personal details?,30,edit_personal_details
i need to change details about my personal account.,30,edit_personal_details
i need to change my phone number.,30,edit_personal_details
how can i change my name in my profile?,30,edit_personal_details
i have a new phone number and need to edit my contact information.,30,edit_personal_details
how do i go about changing my address?,30,edit_personal_details
i need to change my personal details in my account.,30,edit_personal_details
my billing address changed and i need to update my information.,30,edit_personal_details
tell me how to change my details.,30,edit_personal_details
how do i change my account details?,30,edit_personal_details
how do i change the details in my account?,30,edit_personal_details
i would like to change my address.,30,edit_personal_details
i just had a wedding and i want to take my spouses name.,30,edit_personal_details
i got married and need to change my name.,30,edit_personal_details
need my details changed,30,edit_personal_details
i've just got married and want to change my name.,30,edit_personal_details
how do i edit my details?,30,edit_personal_details
i am looking to change my adress.,30,edit_personal_details
i need to change my last name on my account because i just got married.,30,edit_personal_details
after i got married i need to change my name,30,edit_personal_details
since i just got married i need to change my name.,30,edit_personal_details
i want to change my account details.,30,edit_personal_details
should i contact customer support if i can't edit details,30,edit_personal_details
need to report a change of address.,30,edit_personal_details
"changed details is essential, what steps do i take to do so?",30,edit_personal_details
please tell me how to edit my personal details.,30,edit_personal_details
how would i change my details?,30,edit_personal_details
how can i change my information?,30,edit_personal_details
i need to add my new address now that i've moved.,30,edit_personal_details
"i moved, can i edit my personal details?",30,edit_personal_details
how do i change my details?,30,edit_personal_details
"my identity hasn't been verified and i can't edit my details, what's next",30,edit_personal_details
i need to change my home address.,30,edit_personal_details
i would like to alter my personal details.,30,edit_personal_details
can i change my details because i moved?,30,edit_personal_details
how to edit personal details?,30,edit_personal_details
please tell me where i can update my details since i moved.,30,edit_personal_details
how to change name on account,30,edit_personal_details
i need to update my demographics.,30,edit_personal_details
"change of location, need to change details",30,edit_personal_details
how can i edit my personal details in the app?,30,edit_personal_details
i would like to change my personal details.,30,edit_personal_details
can you walk me through how i can edit some of my personal information?,30,edit_personal_details
how do i change my address ?,30,edit_personal_details
can i change my name? i am not married.,30,edit_personal_details
"since i got married, i need to change my name.",30,edit_personal_details
is it possible to change my address?,30,edit_personal_details
i need to modify my details.,30,edit_personal_details
is there a way to modify my details?,30,edit_personal_details
where can i modify my details?,30,edit_personal_details
i got a new address and need to change my old one.,30,edit_personal_details
how to modify my details.,30,edit_personal_details
"my marital status has change, i got to correct my name to reflect that.",30,edit_personal_details
can i change my address?,30,edit_personal_details
i moved so i need to change my address. how do i do that?,30,edit_personal_details
i've just moved and i need to change my details,30,edit_personal_details
i've just been married and need to update my name,30,edit_personal_details
how do i change my name after marriage,30,edit_personal_details
i moved and would like to change my address.,30,edit_personal_details
talk me through modifying my details.,30,edit_personal_details
i just got married and need to change my name on the account,30,edit_personal_details
how do i update my address?,30,edit_personal_details
i just got married and i need to change my name,30,edit_personal_details
can i update my details?,30,edit_personal_details
i need to update my address.,30,edit_personal_details
is there a way to change name?,30,edit_personal_details
i must change my address.,30,edit_personal_details
how do i modify my details?,30,edit_personal_details
my address needs to be changed.,30,edit_personal_details
how do i input a new address?,30,edit_personal_details
can someone assist me with updating my account details with changing my last name?,30,edit_personal_details
how would i be able to make changes to my personal details?,30,edit_personal_details
how do i edit my personal details?,30,edit_personal_details
"not living in same place, need to change details",30,edit_personal_details
how can i update my personal information after moving?,30,edit_personal_details
i moved and need to change my address.,30,edit_personal_details
i moved and need to change my personal information.,30,edit_personal_details
where do i go to change my account details?,30,edit_personal_details
"went somewhere else, need to change details",30,edit_personal_details
"my details need to be changed, how can i do so?",30,edit_personal_details
how can i change to my married name?,30,edit_personal_details
how do i get into my account and edit my details,30,edit_personal_details
i would like to edit my personal information .,30,edit_personal_details
how do i modify my account details?,30,edit_personal_details
how do i change my name?,30,edit_personal_details
can i edit my personal details?,30,edit_personal_details
i need to change my contact information.,30,edit_personal_details
i need to update my phone number.,30,edit_personal_details
can i edit my details?,30,edit_personal_details
i got a new address and need to change my information.,30,edit_personal_details
i need to change my data.,30,edit_personal_details
what should i do after i've moved and need to update my personal details?,30,edit_personal_details
editing my personal details,30,edit_personal_details
where can i edit personal details?,30,edit_personal_details
how can i change my account details?,30,edit_personal_details
where do i go to update details?,30,edit_personal_details
i need to change my address,30,edit_personal_details
where can i modify my information?,30,edit_personal_details
how do i change my last name?,30,edit_personal_details
i have a new email.,30,edit_personal_details
how can i update my details since i moved?,30,edit_personal_details
why do you have an identity check?,74,why_verify_identity
i do not feel comfortable verifying my identity.,74,why_verify_identity
why on earth do you need so much personal id info from me?,74,why_verify_identity
do you know the reason for the identity check?,74,why_verify_identity
i answered so many questions about my identity. why do you need this info?,74,why_verify_identity
why do you have the identity check,74,why_verify_identity
is getting my identity verified required before i can use my account?,74,why_verify_identity
why are all my identity details required,74,why_verify_identity
i would like to know why so much identity information is required?,74,why_verify_identity
why do you need verification for my identity?,74,why_verify_identity
is the identity check part of bank policy?,74,why_verify_identity
why is identity verification required?,74,why_verify_identity
why is my identification required?,74,why_verify_identity
why are you asking so many questions about who i am,74,why_verify_identity
which identity details are required,74,why_verify_identity
can i use my account before the identity verification is complete?,74,why_verify_identity
should i complete my security verification before i can use my account?,74,why_verify_identity
why do you require identification documents,74,why_verify_identity
i already have an account. why can't i use it unless my identity is verified?,74,why_verify_identity
why does my identity need to be verified?,74,why_verify_identity
can i still use my account without verifying my identity?,74,why_verify_identity
what is the reason for the identity check,74,why_verify_identity
can i use my account although my identity verification has yet to pass?,74,why_verify_identity
i am not comfortable verifying my indentity.,74,why_verify_identity
what i need to verify my account,74,why_verify_identity
what if i don't verify my identity?,74,why_verify_identity
what are the reasons i have to proof my identity to you?,74,why_verify_identity
what's the reason for needing to verify my identity?,74,why_verify_identity
why does it matter that i prove my identity?,74,why_verify_identity
why should i have to prove my identity?,74,why_verify_identity
can i use my account before my identity verification has passed?,74,why_verify_identity
why do i need to verify my account?,74,why_verify_identity
why do you guys need to verify my identity?,74,why_verify_identity
why do i need to verify my identity?,74,why_verify_identity
if my identy verifacation hasn't gone through can i use my account?,74,why_verify_identity
is it really necessary to verify my identity?,74,why_verify_identity
why do you need so much information about me,74,why_verify_identity
"can i use my account now, even though my identity verification has not gone through yet?",74,why_verify_identity
what is the function of the identity check,74,why_verify_identity
why is the identity check involved?,74,why_verify_identity
what is the purpose of requiring my identification?,74,why_verify_identity
"my id verification hasn't gone through yet, but can i use my account anyway?",74,why_verify_identity
what is the first step i need to make for being able to access my account?,74,why_verify_identity
i want to use my account before identity verification,74,why_verify_identity
it's requiring me to verify my identity?,74,why_verify_identity
i don't want to use this method to identify myself.,74,why_verify_identity
why do you need my name and id,74,why_verify_identity
do i need to verify my identity before i can use my card?,74,why_verify_identity
can i go ahead and use my account even though my identify hasn't been verified yet?,74,why_verify_identity
do you think you're asking for too much information about me?,74,why_verify_identity
is identity verification required for me to use my account?,74,why_verify_identity
can i use my account although the identity verification has not been accepted yet?,74,why_verify_identity
i still want to use my account but haven't verified is that ok?,74,why_verify_identity
is my account accessible even though my verification of my identity has not passed yet?,74,why_verify_identity
why are you asking so many questions about me?,74,why_verify_identity
why do you need to know so much about me for my account?,74,why_verify_identity
how does identity check work?,74,why_verify_identity
why is it required to verify my identity?,74,why_verify_identity
what happens if i use my account and my identity verification hasn't finished?,74,why_verify_identity
can i make transfers before my identity verification?,74,why_verify_identity
what do you need my identity details for?,74,why_verify_identity
why do i need to have my identity verified?,74,why_verify_identity
can i use my account even though the identity verification has not passed yet?,74,why_verify_identity
what is with the need to have all my id information?,74,why_verify_identity
why is there an identify check?,74,why_verify_identity
why is there a verification to identity,74,why_verify_identity
why do you need me to verify who i am?,74,why_verify_identity
why check my identity?,74,why_verify_identity
i don't understand why you want so much of my personal info.,74,why_verify_identity
i am still waiting for verification. can i use my account before i am verified?,74,why_verify_identity
i refuse to verify my identity.,74,why_verify_identity
why do you need me to do an identity check?,74,why_verify_identity
i can't do the verification.,74,why_verify_identity
am i able to use my account if the identity verification is not complete?,74,why_verify_identity
"is it possible to go ahead and log in, although i have not been confirmed yet?",74,why_verify_identity
can you explain more about why should i verify my identity?,74,why_verify_identity
can i use my card before identity verification?,74,why_verify_identity
why is there an identity check?,74,why_verify_identity
why do i have to give you my drivers license,74,why_verify_identity
i don't want to give you all my identify details.,74,why_verify_identity
am i supposed to verify my identity?,74,why_verify_identity
what is the purpose for verifying my identity?,74,why_verify_identity
what are you going to use my identification details for?,74,why_verify_identity
can i use my account without verifying identity?,74,why_verify_identity
why is checking my identity important?,74,why_verify_identity
must i verify my identity?,74,why_verify_identity
how do i speed up identity verification?,74,why_verify_identity
do i have to verify who i am?,74,why_verify_identity
why do you need to perform identity verification?,74,why_verify_identity
why am i being asked to verify my identity?,74,why_verify_identity
why is verifaction required for my identity?,74,why_verify_identity
do you need to know my first and last name?,74,why_verify_identity
i don't want to verify my identity,74,why_verify_identity
how to verify my identity,74,why_verify_identity
why does my identity need verification?,74,why_verify_identity
can i already use my account although the identity verification has not passed yet?,74,why_verify_identity
what is my identification used for?,74,why_verify_identity
is there anyway to bypass identity verification?,74,why_verify_identity
why do you need so much information about my identity?,74,why_verify_identity
what if i don't want to disclose all of my identity details?,74,why_verify_identity
my identity hasn't been verified. can i use my account?,74,why_verify_identity
my identity verification hasn't passed yet is it possible to use my account?,74,why_verify_identity
can we skip verifying?,74,why_verify_identity
why do you need to check my identity?,74,why_verify_identity
why do you need to verify my identity?,74,why_verify_identity
"i'm waiting for the id verification to go through still, so is it too soon to use my account?",74,why_verify_identity
what is the identity check for?,74,why_verify_identity
i keep being asked to verify my identity. is this normal?,74,why_verify_identity
why do you need so much id info from me?,74,why_verify_identity
what do you do with all the identity information you're collecting from me?,74,why_verify_identity
why is verification for my identity needed?,74,why_verify_identity
i'm not verifying my identity.,74,why_verify_identity
do you need my birthdate?,74,why_verify_identity
why is it important to verify my identity?,74,why_verify_identity
i need to proof my identity to you why and how?,74,why_verify_identity
is verifying my identify important?,74,why_verify_identity
why and how soon do i have to have proof of identity to you?,74,why_verify_identity
why do you need all these details about my identity?,74,why_verify_identity
what is identity check?,74,why_verify_identity
can i make transactions before identity verification?,74,why_verify_identity
i am afraid to give you all my identify details.,74,why_verify_identity
can you help me with proving my identity?,68,unable_to_verify_identity
what proof do you need for my identification?,68,unable_to_verify_identity
are there any reasons that my identity wouldn't be accepted even though everything i've provided is factual?,68,unable_to_verify_identity
i am having some difficulty verifying my id.,68,unable_to_verify_identity
i am not able to verify my id. why?,68,unable_to_verify_identity
help me verify my identify?,68,unable_to_verify_identity
i can't verify identity through the app.,68,unable_to_verify_identity
i need help verifying my identity.,68,unable_to_verify_identity
i'm having trouble proving my identity,68,unable_to_verify_identity
why isn't my id verified?,68,unable_to_verify_identity
this stupid system is not letting me prove my identity.,68,unable_to_verify_identity
the app is having trouble verifying my identity.,68,unable_to_verify_identity
why is my identity not being verified?,68,unable_to_verify_identity
"you will hear back from us about your verification results in 10 minutes to a one hour timeframe. if these verification results do fail, please double-check to make sure your images are clear and have no glare or blur; your photos need to be fully readable. you need to be 18 years of age or older and a resident of switzerland or the european economic area to create an account.",68,unable_to_verify_identity
the app does not know it is me.,68,unable_to_verify_identity
my identity wasn't verified,68,unable_to_verify_identity
help me verify my identification.,68,unable_to_verify_identity
unsure how to provide my identity.,68,unable_to_verify_identity
it can take between 10 minutes to an hour before you hear back from us about the verification result. please try again if your verification fails. make sure you double check that images are clear and all document photos are readable without blur or glare. you have to be 18 or older and live in the european economic area or live in switzerland to be able to open an account.,68,unable_to_verify_identity
i can't upload my identification.,68,unable_to_verify_identity
why isn't my id verifying?,68,unable_to_verify_identity
how long does it take to prove my identity?,68,unable_to_verify_identity
why am i not allowed to verify my id?,68,unable_to_verify_identity
i am not able to prove my identity,68,unable_to_verify_identity
the app failed to verify my id.,68,unable_to_verify_identity
"hearing back from us regarding your important verification results may take 10 minutes to one hour time. if verification results do fail, double-check to make sure all of your images are clear -- make sure your photos have no glare or blurring. note: these photos need to be readable as well. you also need to be 18 years of age or older. you must be a resident of switzerland or the european economic area to open a new account.",68,unable_to_verify_identity
i'm unable to verify my identity,68,unable_to_verify_identity
my identity verification didn't work,68,unable_to_verify_identity
i'm not able to verify my identity.,68,unable_to_verify_identity
the app is not able to realize that it is me.,68,unable_to_verify_identity
the app does not believe that i am myself,68,unable_to_verify_identity
it won't let me verify my identity.,68,unable_to_verify_identity
i am unable to prove my identity,68,unable_to_verify_identity
i dont have identification,68,unable_to_verify_identity
why isn't this accepting my identity?,68,unable_to_verify_identity
the app won't identify me.,68,unable_to_verify_identity
my identity can't be verified for some reason,68,unable_to_verify_identity
my identity is unable to be verified.,68,unable_to_verify_identity
i have no way to prove my identity.,68,unable_to_verify_identity
the app does not recognize who i am.,68,unable_to_verify_identity
"if you are waiting for verification, it can take 10 minutes to 60 minutes to get results.you will hear from us once we have it. please make sure your images are clear and photos of documents are readable. you have to be at least 18 years old and live withing the economic area of europe or in switzerland in order to open an account.",68,unable_to_verify_identity
why am i unable to verify my id?,68,unable_to_verify_identity
"hearing about your verification results from us may take anywhere from 10 minutes to approximately one hour. if this verification has in fact, failed, double-check to make sure that your images are clear. also make sure that your document photos have no blur or glare. they need to be readable. you must also be 18 years of age or older and be a resident of switzerland or the european economic area to open an account.",68,unable_to_verify_identity
i'm having a hard time proving my identity.,68,unable_to_verify_identity
i'm having problems with id verification,68,unable_to_verify_identity
i am having a problem with verifying my identity.,68,unable_to_verify_identity
i cant prove who i am,68,unable_to_verify_identity
i am not recognized by the app.,68,unable_to_verify_identity
the app doesn't think that i am myself,68,unable_to_verify_identity
what do i have to do to prove my identity?,68,unable_to_verify_identity
what am i missing to verify my id?,68,unable_to_verify_identity
i do not have the information to verify my identify.,68,unable_to_verify_identity
there is no way for me to prove my identity.,68,unable_to_verify_identity
i will not be able to verify my identity.,68,unable_to_verify_identity
how long does it take for my id to verify?,68,unable_to_verify_identity
the app is telling me that i am not me.,68,unable_to_verify_identity
what do i do if i can't prove my identity?,68,unable_to_verify_identity
the app can't verify my information for identity proofing purposes.,68,unable_to_verify_identity
what should i do if i can't prove my identity.,68,unable_to_verify_identity
what's wrong with my id? i can't verify it.,68,unable_to_verify_identity
problem verifying my account,68,unable_to_verify_identity
the app doesn't believe its me.,68,unable_to_verify_identity
"app malfunctioning, does not know its me",68,unable_to_verify_identity
i can get my identification verified.,68,unable_to_verify_identity
i am having trouble with the app recognizing me.,68,unable_to_verify_identity
how long will it take to verify my account?,68,unable_to_verify_identity
how come i can't seem to verify my id?,68,unable_to_verify_identity
i don't have the means to prove my identity.,68,unable_to_verify_identity
my app says that i'm not verified.,68,unable_to_verify_identity
i don't have a way to prove my identity.,68,unable_to_verify_identity
why hasn't my id been verified?,68,unable_to_verify_identity
the app doesn't think it's me.,68,unable_to_verify_identity
how long does it take to verify a person's identity?,68,unable_to_verify_identity
i'm not sure how to provide my identity.,68,unable_to_verify_identity
why is my identity not verified?,68,unable_to_verify_identity
why is my identity verification process not working?,68,unable_to_verify_identity
my identity verification is not working.,68,unable_to_verify_identity
i'm having trouble with proving my identity.,68,unable_to_verify_identity
i am having a problem proving who i am,68,unable_to_verify_identity
it won't let me prove my identity.,68,unable_to_verify_identity
i am having trouble verifying my id.,68,unable_to_verify_identity
why am i unable verify my id?,68,unable_to_verify_identity
my identity can't be verified.,68,unable_to_verify_identity
i have trouble proving my identity.,68,unable_to_verify_identity
i can't verify my id. why?,68,unable_to_verify_identity
"my identity isn't being accepted, what should i do?",68,unable_to_verify_identity
the app failed to verify me.,68,unable_to_verify_identity
why hasn't the app verified my identity?,68,unable_to_verify_identity
the app doesn't believe that i am myself,68,unable_to_verify_identity
"the app isn't letting me log in, but my info is correct.",68,unable_to_verify_identity
i need help proving that this is really me and to verify my identity.,68,unable_to_verify_identity
why does it take so long to verify my id,68,unable_to_verify_identity
my identity verification isn't working,68,unable_to_verify_identity
i am having trouble to verify my identity,68,unable_to_verify_identity
everytime i try to prove my identity it won't let me.,68,unable_to_verify_identity
i'm having difficulty verifying my identity.,68,unable_to_verify_identity
help me verify my identity.,68,unable_to_verify_identity
i'm still waiting on my identity verification.,68,unable_to_verify_identity
why can't my id be verified?,68,unable_to_verify_identity
help my prove my identity.,68,unable_to_verify_identity
i am under 18 and i am trying to verify my id. why wont it work?,68,unable_to_verify_identity
what do i need to bring for identification?,68,unable_to_verify_identity
"i'm not sure what to do about the pin, because i don't have one yet.",38,get_physical_card
is my pin sent separably?,38,get_physical_card
where can i get my card pin?,38,get_physical_card
my pin hasn't arrived in the post! how do i cancel it or get a new one?,38,get_physical_card
where is the card pin located?,38,get_physical_card
"i have my card, when whill my pin be available?",38,get_physical_card
i dont have a pin,38,get_physical_card
i have yet to get my pin,38,get_physical_card
where is my card pin?,38,get_physical_card
the card pin?,38,get_physical_card
i do not see the card pin anywhere?,38,get_physical_card
my pin isn't here yet,38,get_physical_card
is my pin recorded anywhere?,38,get_physical_card
how will i know my pin number?,38,get_physical_card
"i need my pin, where is it?",38,get_physical_card
i haven't received my pin,38,get_physical_card
i am not able to see the card pin anywhere?,38,get_physical_card
"i don't know my pin, how can i find that out?",38,get_physical_card
where can the pin be located?,38,get_physical_card
how do i find my pin?,38,get_physical_card
why have i not received my pin,38,get_physical_card
when do i get my pin?,38,get_physical_card
where can i locate my card pin?,38,get_physical_card
tell me about the card pin?,38,get_physical_card
"in the app, where do i find my card pin?",38,get_physical_card
do i have to wait for a physical card before i get my pin,38,get_physical_card
the card pin is not visible anywhere?,38,get_physical_card
i cannot see the card pin anywhere?,38,get_physical_card
how will i receive my pin?,38,get_physical_card
my card arrived but i don't know how to get my pin.,38,get_physical_card
where should i look for my pin number at?,38,get_physical_card
where can i locate my pin at?,38,get_physical_card
where is the pin for my card located?,38,get_physical_card
i do not have my pin yet,38,get_physical_card
do i have a card pin?,38,get_physical_card
where is my pin located?,38,get_physical_card
i can't find the pin.,38,get_physical_card
what can you tell me about the card pin?,38,get_physical_card
where can i find my card pin?,38,get_physical_card
how do i find my pin number?,38,get_physical_card
i am yet to receive my pin.,38,get_physical_card
i cannot find my card pin,38,get_physical_card
how do i set up my card pin?,38,get_physical_card
i cannot find my pin.,38,get_physical_card
how do i request the pin?,38,get_physical_card
i haven't received the pin yet.,38,get_physical_card
"i signed up, but don't have a pin. where can i find it?",38,get_physical_card
how is the pin delivered?,38,get_physical_card
"help, i don't know what the pin is to my card?",38,get_physical_card
i didn't get a pin yet. what gives?,38,get_physical_card
where's my card pin?,38,get_physical_card
how do i set my physical card pin?,38,get_physical_card
wheres my pin,38,get_physical_card
when will i have access to my pin number?,38,get_physical_card
what's my pin number?,38,get_physical_card
where do i find my pin?,38,get_physical_card
when do i set up my card pin?,38,get_physical_card
can you tell me how to locate my pin?,38,get_physical_card
do i have to wait to get the pin or can i set up a pin,38,get_physical_card
how do i locate my pin now that i have my card?,38,get_physical_card
where is my pin?,38,get_physical_card
explain the card pin to me.,38,get_physical_card
how do i find the pin?,38,get_physical_card
will the pin come separately?,38,get_physical_card
where can i find my pin? i haven't gotten it yet.,38,get_physical_card
where is my pin? i don't have it yet,38,get_physical_card
how do i know what my pin is?,38,get_physical_card
how long does it take for me to get my pin,38,get_physical_card
how long do i wait for my pin,38,get_physical_card
still need to get card pin,38,get_physical_card
i have not received my pin yet,38,get_physical_card
how do i get my card pin?,38,get_physical_card
i havn't received my pin yet.,38,get_physical_card
i haven't received my pin yet. do i need to get it from you?,38,get_physical_card
in regards to the pin of the card?,38,get_physical_card
does the pin come under separate cover?,38,get_physical_card
do i need to wait to get my card before getting a pin,38,get_physical_card
will my pin number be sent with my card?,38,get_physical_card
i can't find my pin anywhere.,38,get_physical_card
i have a question regarding the pin of the card?,38,get_physical_card
how do i get a pin?,38,get_physical_card
i haven't been sent my new pin!,38,get_physical_card
"so, the card pin?",38,get_physical_card
can i go into my app to find my pin,38,get_physical_card
is the pin separately delivered?,38,get_physical_card
i don't have a pin at this point.,38,get_physical_card
do i need to wait for my card before i get pin,38,get_physical_card
where do i find my card pin?,38,get_physical_card
i can't find the card pin.,38,get_physical_card
where is the pin number found?,38,get_physical_card
when do i get my card pin?,38,get_physical_card
how is my pin sent?,38,get_physical_card
is the pin sent in another message?,38,get_physical_card
do you deliver the pin separately?,38,get_physical_card
is my pin the same thing as my passcode?,38,get_physical_card
"i'm looking in the app and can't find my pin, where should i look?",38,get_physical_card
i've been waiting ages and my pin hasn't gotten here.,38,get_physical_card
how do i get started when i get my card?,38,get_physical_card
show me where i can see the pin?,38,get_physical_card
how do i find my new pin?,38,get_physical_card
can i create my own pin right away,38,get_physical_card
how to get card pin?,38,get_physical_card
where do i find my pin for my new card?,38,get_physical_card
can you deliver the pin separately?,38,get_physical_card
is my pin the same as my passcode,38,get_physical_card
how do i get a pin for my card,38,get_physical_card
is there a way i can have a mastercard?,73,visa_or_mastercard
is it just visa or can i also use mastercard?,73,visa_or_mastercard
i do not want a visa card.,73,visa_or_mastercard
"i prefer using mastercard, can i substitute?",73,visa_or_mastercard
i prefer mastecard.,73,visa_or_mastercard
may i have a visa and a mastercard from you.,73,visa_or_mastercard
i'd prefer mastercard.,73,visa_or_mastercard
will my card be a mastercard or a visa?,73,visa_or_mastercard
i want a mastercard,73,visa_or_mastercard
i prefer mastercard.,73,visa_or_mastercard
please give me both a visa and a mastercard.,73,visa_or_mastercard
is it possible to get a visa and mastercard from you?,73,visa_or_mastercard
if i can't choose my card type will i be able to use it everywhere?,73,visa_or_mastercard
do i get a mastercard and visa?,73,visa_or_mastercard
why can i not choose the card i want?,73,visa_or_mastercard
"can you send me a mastercard, instead of a visa?",73,visa_or_mastercard
can i pick between visa and mastercard?,73,visa_or_mastercard
"i have a visa and mastercard, can i use these?",73,visa_or_mastercard
i want to apply for a visa card.,73,visa_or_mastercard
can you issue both a visa and a mastercard to me?,73,visa_or_mastercard
i would like a visa card.,73,visa_or_mastercard
"i am looking to get a visa credit card, what must i do to achieve this?",73,visa_or_mastercard
is there a way i can get a visa card?,73,visa_or_mastercard
can i get the mastercard?,73,visa_or_mastercard
do i have a visa card as an option?,73,visa_or_mastercard
are visa and mastercard accepted,73,visa_or_mastercard
what credit cards do you carry,73,visa_or_mastercard
would a visa or mastercard be more suited to me?,73,visa_or_mastercard
i am interested in a visa or mastercard. do you offer them?,73,visa_or_mastercard
is it ok if i use both visa and mastercard,73,visa_or_mastercard
do i have a choice for a mastercard?,73,visa_or_mastercard
can i use visa or mastercard with your service,73,visa_or_mastercard
can i choose from either visa or mastercard?,73,visa_or_mastercard
can i have a visa card?,73,visa_or_mastercard
would i get a visa or mastercard?,73,visa_or_mastercard
am i able to get both a visa and mastercard from you?,73,visa_or_mastercard
is it possible to get both a visa and a mastercard?,73,visa_or_mastercard
can i choose my visa or mastercard?,73,visa_or_mastercard
my preference is mastercard.,73,visa_or_mastercard
what card types can i choose from?,73,visa_or_mastercard
i want to get a visa,73,visa_or_mastercard
can i choose whether i receive a visa or a mastercard card?,73,visa_or_mastercard
which type of card will i receive?,73,visa_or_mastercard
i would like to have a mastercard.,73,visa_or_mastercard
can i get a visa or mastercard?,73,visa_or_mastercard
do you give out visa or mastercards?,73,visa_or_mastercard
do i have to pick a creditcard brand?,73,visa_or_mastercard
please give me a mastercard instead.,73,visa_or_mastercard
visa or mastercard?,73,visa_or_mastercard
can both visa and mastercard be chosen?,73,visa_or_mastercard
do you let me choose between visa and mastercard?,73,visa_or_mastercard
what cards do you offer?,73,visa_or_mastercard
does it matter if i use visa or mastercard?,73,visa_or_mastercard
how can i choose between visa and mastercard?,73,visa_or_mastercard
i'm happy with mastercard and want to stick with just that credit card.,73,visa_or_mastercard
can both a visa and mastercard be received from you?,73,visa_or_mastercard
i prefer to get a mastercard.,73,visa_or_mastercard
i'm wanting to get a visa card today.,73,visa_or_mastercard
what do i have to do to get a visa card?,73,visa_or_mastercard
i would like to get both a visa and mastercard?,73,visa_or_mastercard
would you give me a mastercard and visa?,73,visa_or_mastercard
i'd like to apply for a visa card.,73,visa_or_mastercard
my first choice would be mastercard.,73,visa_or_mastercard
"i want to get a visa and mastercard, is it possible to get both from you?",73,visa_or_mastercard
are you visa or mastercard?,73,visa_or_mastercard
please help me get a visa card.,73,visa_or_mastercard
i won't be pleased unless i get a mastercard.,73,visa_or_mastercard
can i select my card scheme or do you choose it for me?,73,visa_or_mastercard
no visa please. i want to continue with mastercard.,73,visa_or_mastercard
will the card be a mastercard or a visa?,73,visa_or_mastercard
can i choose my card scheme?,73,visa_or_mastercard
does it matter which card i use,73,visa_or_mastercard
what type of card will i receive?,73,visa_or_mastercard
can i get a visa or does it have to be something else.,73,visa_or_mastercard
"i'd like to get a visa card, please.",73,visa_or_mastercard
visa and mastercard can both be received from you?,73,visa_or_mastercard
can i choose between mastercard and visa?,73,visa_or_mastercard
"i prefer visa, can i get that instead?",73,visa_or_mastercard
will i be able to get both a visa and a mastercard?,73,visa_or_mastercard
i anticipate getting a visa card,73,visa_or_mastercard
what type of card can i get?,73,visa_or_mastercard
will i get visa or mastercard?,73,visa_or_mastercard
"visa and mastercard, can i get them both?",73,visa_or_mastercard
can i choose between visa or mastercard?,73,visa_or_mastercard
i need a visa card,73,visa_or_mastercard
do you take both visa and mastercard?,73,visa_or_mastercard
"which card would i get, visa or mastercard?",73,visa_or_mastercard
could i get a mastercard and visa from you?,73,visa_or_mastercard
i want to get a visa card,73,visa_or_mastercard
is it possible to get both visa and mastercard from you?,73,visa_or_mastercard
can i get both a visa and a mastercard from you?,73,visa_or_mastercard
do you accept visa or mastercard?,73,visa_or_mastercard
"given a choice, i'd rather have mastercard.",73,visa_or_mastercard
can i use both visa and mastercard,73,visa_or_mastercard
is it possible to obtain both a visa and a mastercard from you?,73,visa_or_mastercard
"if i can, i would like to get both mastercard and visa from you.",73,visa_or_mastercard
mastercard is preferred to me.,73,visa_or_mastercard
i need a visa and a mastercard from you.,73,visa_or_mastercard
this transaction needs both a visa and a mastercard.,73,visa_or_mastercard
"i want a mastercard, instead.",73,visa_or_mastercard
i need to get visa and mastercard,73,visa_or_mastercard
could i get a mastercard if that's reasonable?,73,visa_or_mastercard
i need mastercard as well as visa,73,visa_or_mastercard
will i get a visa card or mastercard?,73,visa_or_mastercard
i would like to get a visa card,73,visa_or_mastercard
how can i get a visa and mastercard?,73,visa_or_mastercard
can i get a visa instead of a mastercard?,73,visa_or_mastercard
can i obtained a visa card,73,visa_or_mastercard
"please give me both visa and mastercard, is it possible?",73,visa_or_mastercard
do i get visa or mastercard?,73,visa_or_mastercard
why did i get a different card then requested?,73,visa_or_mastercard
can i use a visa or mastercard?,73,visa_or_mastercard
can i choose between visa and mastercard?,73,visa_or_mastercard
mastercard is my preferred company.,73,visa_or_mastercard
is it possible to get both mastercard and visa card from you?,73,visa_or_mastercard
i'd prefer a mastercard.,73,visa_or_mastercard
can i have a mastercard?,73,visa_or_mastercard
how do i get selected for a visa card?,73,visa_or_mastercard
do i have an option between visa and mastercard?,73,visa_or_mastercard
can i get a visa from you?,73,visa_or_mastercard
i hope to get a visa card,73,visa_or_mastercard
which one are you? visa or mastercard?,73,visa_or_mastercard
how can get a visa card?,73,visa_or_mastercard
can you make sure i get a mastercard and not a visa?,73,visa_or_mastercard
i would prefer a mastercard.,73,visa_or_mastercard
i would like to get both mastercard and visa card from you if that's possible.,73,visa_or_mastercard
will i get a visa or mastercard?,73,visa_or_mastercard
will you guys do visa or mastercard?,73,visa_or_mastercard
do you only use visa or do you have mastercard too?,73,visa_or_mastercard
can i get a visa card?,73,visa_or_mastercard
i would like to know if you use visa or mastercard.,73,visa_or_mastercard
is it acceptable to use either visa or mastercard?,73,visa_or_mastercard
"please tell me, do you use visa or mastercard?",73,visa_or_mastercard
can i choose what card i can use,73,visa_or_mastercard
do you supply both visa and mastercard?,73,visa_or_mastercard
my money i had was gone and i could not get gas!,62,topping_up_by_card
i can not see my top up,62,topping_up_by_card
i can't see my top up in my wallet!,62,topping_up_by_card
i want to transfer money using my credit card.,62,topping_up_by_card
"i tried topping up using my card, but the money is gone?",62,topping_up_by_card
how can my friends top up my account?,62,topping_up_by_card
"i used my card to top up, but the money is not there!",62,topping_up_by_card
my card needs to be topped up.,62,topping_up_by_card
can my friends top up my account?,62,topping_up_by_card
what's the process for topping up by card?,62,topping_up_by_card
is my account able to be topped up by my friends?,62,topping_up_by_card
can anyone else top-up for me?,62,topping_up_by_card
i tried to top up and suddenly my money disappeared,62,topping_up_by_card
my wallet doesn't show my recent top up.,62,topping_up_by_card
can i get my friends to add money to my account?,62,topping_up_by_card
i used my card top-up but all of the money is missing.,62,topping_up_by_card
could you tell me why my top up isn't showing in my wallet?,62,topping_up_by_card
what do i do to top up my card?,62,topping_up_by_card
"i tried topping off my account with a card, but the money is not in my account despite the charge going through",62,topping_up_by_card
is it possible to top up by card?,62,topping_up_by_card
i want to know how to transfer money with my credit card,62,topping_up_by_card
hoe do i use my credit card to transfer money?,62,topping_up_by_card
"i attempted to top up using my card, but now the money just disappeared?",62,topping_up_by_card
my top up isn't in my wallet.,62,topping_up_by_card
can i let other people have access to my account in order to top up?,62,topping_up_by_card
how do i to up by card?,62,topping_up_by_card
how do i add money to my card?,62,topping_up_by_card
"when i tried to top up using my card, all of the money disappeared.",62,topping_up_by_card
"i used my card to top up, but now i don't see the money in my account.",62,topping_up_by_card
can i top up by card?,62,topping_up_by_card
with my credit card i would like to transfer money.,62,topping_up_by_card
i want to top up by card,62,topping_up_by_card
i don't understanfd how to top up,62,topping_up_by_card
why was my card charged when topping off my balance but it's not showing up in my wallet balance?,62,topping_up_by_card
why can't i see my top up?,62,topping_up_by_card
is it simple to transfer money using my credit card?,62,topping_up_by_card
why can't i see the top up i made?,62,topping_up_by_card
can a credit card be used to transfer money?,62,topping_up_by_card
is it possible to transfer money to my credit card?,62,topping_up_by_card
"my wallet isn't showing my top-up, did i do something wrong?",62,topping_up_by_card
how can i transfer money using my credit card?,62,topping_up_by_card
the money disappeared after i topped up my account.,62,topping_up_by_card
the money disappeared when i tried to use my card to top up.,62,topping_up_by_card
i wasn't able to use my top up card because the money i put on there wasn't there anymore,62,topping_up_by_card
top up not available in my wallet.,62,topping_up_by_card
how do i transfer funds directly from my credit card?,62,topping_up_by_card
i need to top up by card.,62,topping_up_by_card
how do i top up on my card?,62,topping_up_by_card
top up by my card is that possible?,62,topping_up_by_card
i tried to get gas but my money was gone!,62,topping_up_by_card
how do i use a card to top up?,62,topping_up_by_card
can my account be topped-up by friends of mine.,62,topping_up_by_card
is it possible for friends to top up my account?,62,topping_up_by_card
how do i top up by card?,62,topping_up_by_card
my top up is not showing up in my wallet!,62,topping_up_by_card
transferring money using credit card,62,topping_up_by_card
will my friends be able to top up my account?,62,topping_up_by_card
i was attempting to top up with my card but the money has vanished!,62,topping_up_by_card
can i allow other people to top up my account?,62,topping_up_by_card
can other people use the app to add money to my account,62,topping_up_by_card
"i tried to top off using the card, but the money just disappeared?",62,topping_up_by_card
show me how can my friends top up my account.,62,topping_up_by_card
how do i set up my credit card to send transfers?,62,topping_up_by_card
i don't see me 'top up' in my wallet,62,topping_up_by_card
what do i need to do to transfer money with my credit card?,62,topping_up_by_card
i used my card to top-up but the money is gone!,62,topping_up_by_card
what happened to the money after i put in the wrong info and it got declined,62,topping_up_by_card
"can i add other people to my account, so they can top up?",62,topping_up_by_card
show me how to top up,62,topping_up_by_card
my friends would like to add to my account. what is the procedure?,62,topping_up_by_card
i want to transfer money with my credit card.,62,topping_up_by_card
something is wrong with my top up and i can't see it. how do i find it?,62,topping_up_by_card
can my account be topped up by my friends?,62,topping_up_by_card
am i the only one who can top-up my account?,62,topping_up_by_card
how do i top up using my card?,62,topping_up_by_card
can a friend top up my account,62,topping_up_by_card
what information am i going to have to have in order to do a transfer with my card?,62,topping_up_by_card
top up with credit card,62,topping_up_by_card
what's the process for topping up my card?,62,topping_up_by_card
i don't see my top up in my wallet.,62,topping_up_by_card
can friends i have top-up my account?,62,topping_up_by_card
i cannot tell what my top up currently is.,62,topping_up_by_card
how do i go about transferring money using my credit card?,62,topping_up_by_card
can you tell me how to top up on my card?,62,topping_up_by_card
my top up isnt there yet where do i find it,62,topping_up_by_card
"if i want a friend to top off my account, can they?",62,topping_up_by_card
my wallet is empty even though i topped it up an hour ago.,62,topping_up_by_card
can somebody else top up my account?,62,topping_up_by_card
i'd like to transfer funds using my credit card.,62,topping_up_by_card
where did my top-up go? i can't find it in my wallet,62,topping_up_by_card
my money disappeared right when i tried to top up,62,topping_up_by_card
how does someone else top up my account,62,topping_up_by_card
who can have access to top up my account?,62,topping_up_by_card
i have a new card. how do i top it up?,62,topping_up_by_card
do i have to top-up with my credit card before i can transfer?,62,topping_up_by_card
"i need my card topped up,",62,topping_up_by_card
what steps do i do to transfer money using my credit card?,62,topping_up_by_card
i topped up my account but the money isn't there now.,62,topping_up_by_card
how can i use my credit card to transfer money?,62,topping_up_by_card
how do i use my card to top up?,62,topping_up_by_card
"i need to transfer some money, can i use my credit card?",62,topping_up_by_card
why is my 'top up' not showing up in my wallet?,62,topping_up_by_card
can other people top up my account?,62,topping_up_by_card
do the disposable cards have any restrictions on them?,29,disposable_card_limits
how many times can i use a virtual card?,29,disposable_card_limits
a friend was telling me about her disposable cards. what would i have to do to be able to get that feature?,29,disposable_card_limits
can i have more disposable cards?,29,disposable_card_limits
"i tried using a virtual card for a hotel but it didn't work, why not",29,disposable_card_limits
what are the guidelines for the disposable cards?,29,disposable_card_limits
do the disposable cards have a transaction limit?,29,disposable_card_limits
can you give me the restrictions of the disposable cards?,29,disposable_card_limits
is there a limit on the number of times i can use a disposable card?,29,disposable_card_limits
how many disposable cards am i allowed to have?,29,disposable_card_limits
what are the restrictions of the disposable cards?,29,disposable_card_limits
what is the most amount of disposable cards allowable?,29,disposable_card_limits
can i get a disposable card? how many can i have? how often can i use them?,29,disposable_card_limits
what number of transactions can i do with one disposable card?,29,disposable_card_limits
whats the maximum disposable virtual cards?,29,disposable_card_limits
how limited is a virtual card?,29,disposable_card_limits
what are the disposable cards restrictions?,29,disposable_card_limits
"i need multiple cards per day, and they all have to be disposable.",29,disposable_card_limits
is there a limit to the number of disposable cards i can have?,29,disposable_card_limits
can i have more than 2 disposable cards?,29,disposable_card_limits
what sort of restrictions are there for the disposable cards?,29,disposable_card_limits
what is the limit on disposable cards?,29,disposable_card_limits
help me create several temp cards every day.,29,disposable_card_limits
are there any limits to using disposable virtual cards?,29,disposable_card_limits
are there a certain amount of transactions i can do with one disposable card?,29,disposable_card_limits
what are the limitations on the disposable cards?,29,disposable_card_limits
"i have a disposable card, how many transactions can i make?",29,disposable_card_limits
what are the policies of disposable cards?,29,disposable_card_limits
is there a limit on how many times i can use a disposable card?,29,disposable_card_limits
i need to make several disposable cards per day.,29,disposable_card_limits
what is the number of transactions i get with a disposable card?,29,disposable_card_limits
how many disposable virtual cards can you have?,29,disposable_card_limits
can you tell me the restrictions for the disposable cards?,29,disposable_card_limits
how can many disposable cards can i have per day?,29,disposable_card_limits
could you tell me about the restrictions that are on the disposable cards?,29,disposable_card_limits
do the disposable cards have any restrictions?,29,disposable_card_limits
i need several cards per day. and i need to be able to throw away all of the cards i make.,29,disposable_card_limits
how many times can i use my disposable card?,29,disposable_card_limits
with one disposable card how many transactions can i do?,29,disposable_card_limits
is there any limits i should know about if i'm going to use a disposable virtual card?,29,disposable_card_limits
i need a number of disposable cards everyday.,29,disposable_card_limits
are there restrictions on disposable virtual cards?,29,disposable_card_limits
please provide me with the restrictions of the disposable cards.,29,disposable_card_limits
i have to make several disposable cards per day.,29,disposable_card_limits
am i limited on the amount of disposable cards i can possess?,29,disposable_card_limits
how many uses are the disposable cards good for?,29,disposable_card_limits
whats the maximum number of disposable cards that i can get?,29,disposable_card_limits
what are some of the restrictions that the disposable cards have?,29,disposable_card_limits
what are the restrictions on the virtual cards?,29,disposable_card_limits
how many purchases can i make with one disposable card?,29,disposable_card_limits
is it possible to have more than one disposable card?,29,disposable_card_limits
can i make several disposable cardsper day?,29,disposable_card_limits
what is limit of disposable cards i can make per day?,29,disposable_card_limits
what are the details of disposable card limitations?,29,disposable_card_limits
i need to make multiple disposable cards in a day.,29,disposable_card_limits
how many transactions can i do with my disposable card?,29,disposable_card_limits
show me the amount of transactions i can do with a disposable card.,29,disposable_card_limits
what is the maximum transactions i can use on a disposable card?,29,disposable_card_limits
are there any limits if i use these virtual cards?,29,disposable_card_limits
are there any restrictions for the disposable cards that i need to be aware of?,29,disposable_card_limits
where can i find a list of descriptions the disposable cards have?,29,disposable_card_limits
what limits are there on the virtual cards?,29,disposable_card_limits
what is the max amount of disposable cards i'm allowed.,29,disposable_card_limits
what stipulations do disposable cards entail?,29,disposable_card_limits
how many disposable cards per person?,29,disposable_card_limits
is there a limit to a disposable virtual card?,29,disposable_card_limits
why can't i use a disposable card?,29,disposable_card_limits
how many transactions can i make on my disposable card?,29,disposable_card_limits
what's the limit for disposable virtual cards?,29,disposable_card_limits
how many active transactions can i make with a disposable card?,29,disposable_card_limits
please specify any limitations that come along with disposable cards.,29,disposable_card_limits
are there downsides to using a disposable virtual cards?,29,disposable_card_limits
how many transactions can go on a disposable card?,29,disposable_card_limits
is there a transaction limit for a disposable card?,29,disposable_card_limits
i need more than one disposable card,29,disposable_card_limits
what is the maximum number of transactions that i can put on a disposable card?,29,disposable_card_limits
i am required to make several disposable cards every day.,29,disposable_card_limits
i must make several disposable cards every day.,29,disposable_card_limits
where can i use a disposable card?,29,disposable_card_limits
are there limits on the virtual cards?,29,disposable_card_limits
how many disposable cards can you own?,29,disposable_card_limits
can you tell me more about limits to disposable virtual cards?,29,disposable_card_limits
how many transactions can i do with a disposable card?,29,disposable_card_limits
how many payments can i make using a virtual card?,29,disposable_card_limits
what is the maximum number of transactions i can do with a disposable card?,29,disposable_card_limits
can you tell me if there are limits to disposable virtual cards?,29,disposable_card_limits
what are the rules for using disposable virtual cards?,29,disposable_card_limits
what are the disposable virtual card limits?,29,disposable_card_limits
how many disposable cards can i have at one time?,29,disposable_card_limits
how many transactions can be made with a disposable card?,29,disposable_card_limits
"i am not a premium customer but i want a virtual card, how do i get it",29,disposable_card_limits
i need several disposable cards made per day.,29,disposable_card_limits
what is the maximum transactions for one disposable card?,29,disposable_card_limits
"for the disposable cards, what are the restrictions?",29,disposable_card_limits
are there any restrictions for the disposable cards?,29,disposable_card_limits
is there a limit on making disposable cards?,29,disposable_card_limits
do the disposable cards have restrictions?,29,disposable_card_limits
can i do more than 10 transactions with a disposable card?,29,disposable_card_limits
what are the disposable card limits?,29,disposable_card_limits
is there a limit to using a disposable virtual card?,29,disposable_card_limits
i have a disposable virtual card. is there a limit to how many times i can use it?,29,disposable_card_limits
are there any places that i can't use the disposable cards at?,29,disposable_card_limits
is there a limit to the number of disposable cards per day?,29,disposable_card_limits
how many disposable cards can i make in a day?,29,disposable_card_limits
let me know how many disposable cards i can have?,29,disposable_card_limits
i must make several disposable cards per day.,29,disposable_card_limits
can you please inform me of the restrictions for the disposable cards.,29,disposable_card_limits
is there a limit on disposable cards?,29,disposable_card_limits
i have to make more then a few disposable cards per day.,29,disposable_card_limits
are there any restrictions on the disposable cards?,29,disposable_card_limits
what are my limits on disposable cards?,29,disposable_card_limits
i would like to know what the restrictions are for the disposable cards.,29,disposable_card_limits
what is the limits on the number of disposable cards i can have?,29,disposable_card_limits
what is the amount of disposable cards i can have?,29,disposable_card_limits
"on my disposable card, is there a transaction limit?",29,disposable_card_limits
who can request disposable cards?,29,disposable_card_limits
how much transactions do i get with a disposable card?,29,disposable_card_limits
what can i and can't do with the disposable cards?,29,disposable_card_limits
is there a transaction limit on a disposable card?,29,disposable_card_limits
how many disposable cards are available per account?,29,disposable_card_limits
what is the number of transactions for one disposable card?,29,disposable_card_limits
i think someone is using my card without my permission!,22,compromised_card
what do i do if i detect fraudulent use on my car?,22,compromised_card
i think my account has been hacked there are charges on there i don't recognize.,22,compromised_card
i don't recognize some transactions. is someone else using it?,22,compromised_card
i just got an email in confirming my purchase with my card. i login to the mobile app on the card and found out there are several purchase were made without me aware of it. evidently someone had stole my card information and made these fraudulent purchase. i need the transaction to be reverse and have my card suspended.,22,compromised_card
how do i stop fraud to my account?,22,compromised_card
card is being used by someone else,22,compromised_card
i think someone else is using my card.,22,compromised_card
someone might be using my card that is not me.,22,compromised_card
there are strange transactions on my account. what should i do if i think someone stole my details?,22,compromised_card
i sees some suspicious spending on my credit card that i don't recall i had made. what should i do?,22,compromised_card
"it looks like someone besides me ordered something with my card, what should i do?",22,compromised_card
there are charges on my card that i haven't purchased.,22,compromised_card
someone might be using my card. what should i do?,22,compromised_card
i suspect someone used my card.,22,compromised_card
please tell me how you can stop unauthorized payments from being made on my card since on this bill i see that this has happened. there are transactions that i never made from a place i've never been to.,22,compromised_card
i think that somebody is utilizing my card without my authorization!,22,compromised_card
"there are a few transaction that i don't recognize, i think someone managed to get my card details and use it.",22,compromised_card
someone has been using my card. there are unfamiliar transactions on there. can you freeze the card to keep this from happening?,22,compromised_card
what can i do if my card details where stolen from my car? i think they used my card to buy gas.,22,compromised_card
i want to cancel my card. i think someone else is using it.,22,compromised_card
"i can't be sure, but i think that someone may be using my card.",22,compromised_card
what should i do if i think someone is using my card without my permission?,22,compromised_card
i believe that someone is using my card without my knowledge!,22,compromised_card
there is unusual activity on my account and i believe someone took my card.,22,compromised_card
someone must have found my card details as i don't recognize these transactions.,22,compromised_card
should i order a new card before i freeze my original one?,22,compromised_card
"i think that someone may be using my card, but i'm not sure,.",22,compromised_card
i think someone has hacked my card!,22,compromised_card
my card has been compromised. i see a bunch of online shopping charges that i didn't make. i need to freeze it immediately.,22,compromised_card
i think my card has been used by somebody else since i was never in the little town where some transactions on this bill have come from. please stop this right away.,22,compromised_card
am suspicious of my card's security,22,compromised_card
"someone is making transactions on my account, i think they took my card information.",22,compromised_card
i think someone stole my card number and brought stuff in different places that i have never been to. i need to suspend any further purchase on my credit card.,22,compromised_card
there's a possibility that my card was compromised.,22,compromised_card
what should i do if i think there are unauthorized transactions?,22,compromised_card
how do i stop fraud to my card?,22,compromised_card
am afraid someone may have gained access to the info on my card.,22,compromised_card
my statement shows charges for things i never purchased. were my account details stolen?,22,compromised_card
what should i do if someone else used my card?,22,compromised_card
what steps can i take if someone else is using my card?,22,compromised_card
someone might have had access to my card.,22,compromised_card
what should i do if i think someone stole my details and used my information to make some transactions?,22,compromised_card
i am not sure but someone else might be using my card,22,compromised_card
what to do if my card has been used without my permission?,22,compromised_card
someone used my card without my permission.,22,compromised_card
think someone is using my card with permission,22,compromised_card
i see some transactions that i don't recognize. i think someone stole my details.,22,compromised_card
how can i tell if someone else is using my card?,22,compromised_card
what do i do if i believe to be a victim of credit card fraud?,22,compromised_card
"my card info was stolen, what do i do?",22,compromised_card
"i didnt make these transactions, i think my card details might be stolen",22,compromised_card
i have transactions that i don't recognize - i think someone is using my card.,22,compromised_card
"my card details could be stolen, as i didnt make these transactions",22,compromised_card
what do i do if someone used my card without my permission?,22,compromised_card
there are transactions that i don't recognize. what do i do if i think someone is using my card?,22,compromised_card
"can you check about unauthorized use of my card, i think someone is using mine without my knowledge?",22,compromised_card
i noticed my card was used in a small town that i have never been to. can you stop the card from being used more?,22,compromised_card
"i froze my account, but how do i order a replacement card?",22,compromised_card
what do i do if i think someone has used my card?,22,compromised_card
my card was stolen and used to make several purchases. please freeze my card so no one can use it.,22,compromised_card
"there are transactions that i don't remember making, i think someone might have gotten my card details and is now using it.",22,compromised_card
my card information seems to have been stolen! i don't know where these transactions came from and i've never even been to the city where they were made. i need my card blocked asap so this person can't keep using my card.,22,compromised_card
"my card was used without my permission, what do i do?",22,compromised_card
what do i do if i think someone has used my card without permission? i can see a few transactions i don't recognize.,22,compromised_card
questionable transactions on my account.,22,compromised_card
i have some transactions on my account i did not make. can you cancel my card and prevent further use.,22,compromised_card
someone besides me might be using my card.,22,compromised_card
someone hacked into my cards account.,22,compromised_card
how do i report fraud on my card?,22,compromised_card
how do i report possible fraudulent activity on my account?,22,compromised_card
someone else might be using my card without my permission.,22,compromised_card
my card must have used my card as there are some transactions that i haven't done myself..,22,compromised_card
how do i order a replacement for stolen card?,22,compromised_card
"i dont recognise some of these transactions, i think someone has my card details",22,compromised_card
somebody used my card without my knowledge!,22,compromised_card
i think my card has been compromised in some way.,22,compromised_card
what should i do if i think that someone might be using me card?,22,compromised_card
"i might be paranoid, but someone may be using my card.",22,compromised_card
my wallet was stolen and all my credit cards were in there. help?!!?,22,compromised_card
there are fraudulent charges that i didn't make on my card. can you please put in the safeguards necessary to stop this from happening anymore?,22,compromised_card
the card has suffered a security breach.,22,compromised_card
my card data has been exposed.,22,compromised_card
"there are transactions that i did not make on my account, i think someone has my information.",22,compromised_card
i think someone may be using my card.,22,compromised_card
i didn't make these transactions. is someone else using my card?,22,compromised_card
i can use this card at which atms?,3,atm_support
can i use the card at any cash machine?,3,atm_support
what locations can i get money from?,3,atm_support
what atms take this card?,3,atm_support
which atm's can i use to make a withdrawal?,3,atm_support
do all atms accept this card?,3,atm_support
will this card work at any atm?,3,atm_support
which atms am i allowed to get money from?,3,atm_support
where is the closest atm to me?,3,atm_support
which atms accept this bill of fare ?,3,atm_support
do i have to use a bank approved atm to withdraw money?,3,atm_support
how do i withdraw money?,3,atm_support
can i use this card at any atm?,3,atm_support
what locations allow me to withdraw money?,3,atm_support
what atms accept my card?,3,atm_support
can i use my card to withdraw from my account?,3,atm_support
can you tell me where i can withdraw money?,3,atm_support
what kind of atms would this card be accepted at?,3,atm_support
are there specific atm's that i can draw money from?,3,atm_support
where can money withdrawals be made?,3,atm_support
do i have to use bank approved atm's,3,atm_support
where can i find mastercard atms?,3,atm_support
what atms can i use my card at?,3,atm_support
what atm machines allow this card?,3,atm_support
where can i do a cash withdrawal?,3,atm_support
where should i withdraw money from?,3,atm_support
where are the atms that accept this card?,3,atm_support
is there a way to find an atm around me?,3,atm_support
will any atm's decline my card?,3,atm_support
what atms can i use my card?,3,atm_support
what cash stations take this card?,3,atm_support
at which atms can i use this card?,3,atm_support
please provide me a list of atms that accept my card.,3,atm_support
can i use my card at an atm?,3,atm_support
where is the closest atm i can use?,3,atm_support
where is the nearest mastercard atm?,3,atm_support
where can i get money from my card?,3,atm_support
how can i find an atm that accepts this card?,3,atm_support
i need an atm right now!,3,atm_support
which atms accept mastercard?,3,atm_support
what is the closest atm?,3,atm_support
what atms use this card?,3,atm_support
what atms can i use this card?,3,atm_support
can i get money out of any machine?,3,atm_support
is the closest atm to me within 2 miles?,3,atm_support
i need to withdraw money. where can i do that?,3,atm_support
can i use my card in another institutions atm?,3,atm_support
where is a atm that accepts mastercard?,3,atm_support
where are the mastercard atms?,3,atm_support
where can i withdraw money from?,3,atm_support
where can i withdraw money from?,3,atm_support
can i use a different bank atm than my own?,3,atm_support
need to know places i can withdraw money,3,atm_support
the card can be used at which atms?,3,atm_support
what's the closest place to withdraw money?,3,atm_support
is there a list of atms that take this card?,3,atm_support
is there a mastercard atm nearby?,3,atm_support
am i limited to what atm i can use my card?,3,atm_support
how do i know where i can get money withdrawn?,3,atm_support
tell me what atms take this card.,3,atm_support
where are the atms that i can use mastercard?,3,atm_support
where is an atm?,3,atm_support
which locations can i withdraw money from?,3,atm_support
can this card be used at all atms?,3,atm_support
are there any atm's near me that accept this card?,3,atm_support
i need help from someone in your department with finding my nearest atm.,3,atm_support
what are the locations i can withdraw money,3,atm_support
which atms accept this circuit board ?,3,atm_support
how many atms will take this card?,3,atm_support
what atms can i use this card at?,3,atm_support
is this card accepted by atms?,3,atm_support
are there only certain atm machines where i can use this card?,3,atm_support
where can i find a mastercard atm?,3,atm_support
tell me what atms use this card.,3,atm_support
which atms take the card?,3,atm_support
how far is the closest atm from me?,3,atm_support
can you tell me the atms i can use with my card?,3,atm_support
where is a mastercard atm?,3,atm_support
i need to know where i can withdraw money.,3,atm_support
are there specific atm's i can use with this card?,3,atm_support
where can i find an atm?,3,atm_support
how can i tell if an amt will take this card?,3,atm_support
how do i know it is a mastercard atm?,3,atm_support
"atms, which ones will accept this card?",3,atm_support
what atm locations are near me?,3,atm_support
what atm accepts mastercard?,3,atm_support
can i withdraw from any atm?,3,atm_support
"hi, i found a large amount payment in my old statements which i am sure was not made by me. i am aware that the time has passed but is there a way to raise a dispute for this payment now?",28,direct_debit_payment_not_recognised
what is the word?,28,direct_debit_payment_not_recognised
please help my find out why there is an odd direct debit in my records.,28,direct_debit_payment_not_recognised
i am seeing in the app a diret debit that its not mine,28,direct_debit_payment_not_recognised
there is a direct debit payment that i did not make.,28,direct_debit_payment_not_recognised
there is a strange charge on my debit statement,28,direct_debit_payment_not_recognised
there is a direct debit that looks suspicious.,28,direct_debit_payment_not_recognised
is there a way for you to find out why my account was deducted from a seller when i didn't approve of it?,28,direct_debit_payment_not_recognised
why is there a direct debit payment on my statement that i didn't do?,28,direct_debit_payment_not_recognised
a direct debit payment that i didn't authorise shows up in my app.,28,direct_debit_payment_not_recognised
my app is showing a payment that i know i did not do. can you please cancel that transaction and credit my account please?,28,direct_debit_payment_not_recognised
i would like to dispute a direct debit payment,28,direct_debit_payment_not_recognised
is it possible to dispute a debit payment from a couple of months ago.,28,direct_debit_payment_not_recognised
a direct debit payment i didn't do shows in my app,28,direct_debit_payment_not_recognised
i see a direct debit transaction in my history that i did not set up.,28,direct_debit_payment_not_recognised
a false direct debit payment is showing in my app,28,direct_debit_payment_not_recognised
i do not understand what this particular direct debit is ?,28,direct_debit_payment_not_recognised
there was some money taken from my account that i don't remember paying for. am i able to look up this transaction which was a few weeks ago to see who took out the money? im not sure i need a refund just want to check to make sure it's legit.,28,direct_debit_payment_not_recognised
please tell me what this direct debit in my statement is,28,direct_debit_payment_not_recognised
what is this charge on my card?,28,direct_debit_payment_not_recognised
"a few weeks ago, a strange transaction was made on my account by a seller i don't know. i am quite sure i didn't do it and will like for you to check it for me.",28,direct_debit_payment_not_recognised
is there a strict timeline regarding disputing transactions made on my account? i just noticed a fraudulent charge on a statement from a couple months ago.,28,direct_debit_payment_not_recognised
there is a mysterious debit transaction on my statement,28,direct_debit_payment_not_recognised
what is the matter?,28,direct_debit_payment_not_recognised
my account shows i made a debit payment to someone that i can't recall and would like to find out who the payment was made to.,28,direct_debit_payment_not_recognised
i don't recognize the direct debit payment from the app.,28,direct_debit_payment_not_recognised
i need a refund on a direct debit that shows in the app because i did not make it.,28,direct_debit_payment_not_recognised
"hey, i think someone stole my card numbers. there is a purchase showing up on my app from a store pretty far away from me.. i really need that money back to pay my rent.",28,direct_debit_payment_not_recognised
i was just going over my transactions for the past couple of months and noticed a large type charge that i know i did not make. even though it's been a while can i please still dispute this?,28,direct_debit_payment_not_recognised
there was a charge made on my card from a couple weeks ago and i don't remember making the purchase. nor do i remember the company itself. can we trace this at all to confirm if i did it or not?,28,direct_debit_payment_not_recognised
there is a direct debit payment i don't recognize.,28,direct_debit_payment_not_recognised
what is this direct debit in my statement?,28,direct_debit_payment_not_recognised
this debit is not my transcation. how do i get my money out back?,28,direct_debit_payment_not_recognised
how can i get my money back for a payment i didnt make,28,direct_debit_payment_not_recognised
i don't recognize the direct debit payment on my account.,28,direct_debit_payment_not_recognised
a direct debit appears in the app but i didn't authorize it.,28,direct_debit_payment_not_recognised
i'm seeing a direct debit payment that is not me.,28,direct_debit_payment_not_recognised
i see a direct debit transaction that i didn't make.,28,direct_debit_payment_not_recognised
could i raise a dispute for a large payment that i found out was not done by me in my couple of last statements? i am aware its delayed now. please help me out.,28,direct_debit_payment_not_recognised
i don't know where a direct debit payment came from,28,direct_debit_payment_not_recognised
who do i contact if there is a direct debit that i did not create.,28,direct_debit_payment_not_recognised
there was a direct debit from my account and i didn't authorise it,28,direct_debit_payment_not_recognised
"i'm checking my statements and i saw a purchase from a couple weeks ago that i don't recall at all. not only that, but i don't even know the business that charged it. i'm not sure if i did it or not, but can we check it and see if we can trace it back to make certain?",28,direct_debit_payment_not_recognised
i don't recognise a direct debit payment,28,direct_debit_payment_not_recognised
there is a direct debit transaction on my statement that i think is not mine. how do i remove?,28,direct_debit_payment_not_recognised
there is a debit i dont recognize,28,direct_debit_payment_not_recognised
there are automatic debits on my account that i did not make.,28,direct_debit_payment_not_recognised
i may need to dispute a direct debit payment.,28,direct_debit_payment_not_recognised
"there's a weird payment showing in my app that i definitely haven't made myself, as i haven't used the card at all that day. please cancel that and return my money.",28,direct_debit_payment_not_recognised
there is a direct debit fee in the app that i didn't do.,28,direct_debit_payment_not_recognised
what do i do about a debit on my account that i didn't make?,28,direct_debit_payment_not_recognised
i did not set up a direct debit i have,28,direct_debit_payment_not_recognised
"if i found an error in my account for a transaction i didn't make, how long to i have to dispute it?",28,direct_debit_payment_not_recognised
there is a direct debit transaction that i did not authorize,28,direct_debit_payment_not_recognised
can you help me figure out what is going on with a debit payment that is showing up on my account i am not sure is suppose to be there.,28,direct_debit_payment_not_recognised
i am seeing a direct debit i wasn't aware of.,28,direct_debit_payment_not_recognised
i found a charge on my debit that i did not make.,28,direct_debit_payment_not_recognised
how can i dispute a direct debit transaction?,28,direct_debit_payment_not_recognised
how can i dispute a debit transaction?,28,direct_debit_payment_not_recognised
my statement shows a strange direct debit.,28,direct_debit_payment_not_recognised
"i have an unknown debit charge in my statement, why?",28,direct_debit_payment_not_recognised
"i just noticed that i supposedly made a payment to a seller a while back. the problem is, i don't recognize the seller. there must be a way to see who it is or track the payment. can you do that, because i don't remember this transaction?",28,direct_debit_payment_not_recognised
"in my app, a direct debit payment that i didn't do shows up.",28,direct_debit_payment_not_recognised
there's an unauthorized direct debit in my app.,28,direct_debit_payment_not_recognised
i see a direct debit that isn't mine? how can i get my money back?,28,direct_debit_payment_not_recognised
my account statements show a debit payment that i didn't make it's from some time ago i need to know if it is disputable.,28,direct_debit_payment_not_recognised
there is a debit transaction on my statement that i did not make,28,direct_debit_payment_not_recognised
there is a direct debit payment on my account that i didn't authorize.,28,direct_debit_payment_not_recognised
i didn't set up the direct debit i have,28,direct_debit_payment_not_recognised
what do i do if i find a debit charge that i know i didn't do in my billing statement?,28,direct_debit_payment_not_recognised
i do not know what this charge is for,28,direct_debit_payment_not_recognised
what do i do if there is a direct debit on my account that shouldn't be there?,28,direct_debit_payment_not_recognised
i think i am a victim of fraud. i noticed there was a charge on my account that i didn't do because i haven't touched my card today. can you please reverse the charge and refund my money?,28,direct_debit_payment_not_recognised
there is a direct debit charge on my account that i don't recognize.,28,direct_debit_payment_not_recognised
"recently, a few weeks ago there was a transaction made on my account by some seller that i don't recognize. i am very certain that didn't happen and will like for you to trace back to make sure.",28,direct_debit_payment_not_recognised
someone else charged my card!,28,direct_debit_payment_not_recognised
"am i able to look back at a transaction to see who with drawled some money from my account? i don't remember authorizing this a few weeks ago, but wanted to double check who took the money.",28,direct_debit_payment_not_recognised
how do i dispute a direct debit on my account?,28,direct_debit_payment_not_recognised
i did not make a direct debit payment as listed on my app,28,direct_debit_payment_not_recognised
there's a direct debit payment that i don't recognize.,28,direct_debit_payment_not_recognised
how do i dispute a debit that i didn't make?,28,direct_debit_payment_not_recognised
i don't know where this debit transaction on my statement came from.,28,direct_debit_payment_not_recognised
the app is showing a direct debit transaction that i did not perform,28,direct_debit_payment_not_recognised
the app is showing a direct debit payment that i never made,28,direct_debit_payment_not_recognised
"i was checking the app for my account and i noticed there is an authorized charge on it. i haven't used my card today, so i know i didn't do it. i would like the transaction reversed and the money replaced.",28,direct_debit_payment_not_recognised
i want a refund on a direct debit.,28,direct_debit_payment_not_recognised
"hi, i was checking my old statements and found a discrepancy with a large amount transaction. i am sure it was not done by me. please let me know if i could raise a dispute as its very late.",28,direct_debit_payment_not_recognised
there is a debit paymet that i don't recognize.,28,direct_debit_payment_not_recognised
what can i do about a direct debit transaction on my card that i didn't make?,28,direct_debit_payment_not_recognised
i need assistance addressing a direct debit that i did not do myself.,28,direct_debit_payment_not_recognised
i see a direct debit transaction in my app that i didn't make.,28,direct_debit_payment_not_recognised
i see a direct debit payment on my statement that wasn't me,28,direct_debit_payment_not_recognised
how long after i receive my statement can i dispute payments on it?,28,direct_debit_payment_not_recognised
how do i dispute a direct debit transaction?,28,direct_debit_payment_not_recognised
"i notice a transaction a couple of weeks ago in my account, from a seller that i don't recognize. is there a way we can trace back the information to make sure it was truly something i did?",28,direct_debit_payment_not_recognised
what is this charge i didnt do it what can i do,28,direct_debit_payment_not_recognised
i have a direct debit on my records that is strange and i need help.,28,direct_debit_payment_not_recognised
i would like to dispute a payment i didnt make,28,direct_debit_payment_not_recognised
i found a direct debit i would like to dispute,28,direct_debit_payment_not_recognised
"i saw money was taken out of my account by a seller a while back. i do not recognize the seller, but i'm pretty certain i didn't make that payment. can you track who the seller is?",28,direct_debit_payment_not_recognised
there is a direct debit patentp that i haven't authorized.,28,direct_debit_payment_not_recognised
i can't recognise this direct debit payment.,28,direct_debit_payment_not_recognised
i would like to dispute a direct debit transaction,28,direct_debit_payment_not_recognised
"please help! i was looking at my account and saw a transaction with a seller i don't remember. is it possible for you to track the sale, because i really don't think i made a payment to them.",28,direct_debit_payment_not_recognised
why is there a direct debit set up in my name?,28,direct_debit_payment_not_recognised
i don't recognize this debit transaction in my billing statement?,28,direct_debit_payment_not_recognised
i didn't set up a direct debit payment on my account.,28,direct_debit_payment_not_recognised
i need to dispute a direct debit.,28,direct_debit_payment_not_recognised
my account shows a direct debit charge that i have never seen before,28,direct_debit_payment_not_recognised
i might have been charged on my debit statement by fraud.,28,direct_debit_payment_not_recognised
"i just went through a old statement and noticed that a very large payment went through and i did not make it. it was from a few months ago, can i still dispute the payment?",28,direct_debit_payment_not_recognised
i am not recognizing a debit payment from my account.,28,direct_debit_payment_not_recognised
i have a direct debit that i did not set up,28,direct_debit_payment_not_recognised
i have gone through my statements and noticed there is a large payment that i did not make. can i still dispute the payment? its been a while,28,direct_debit_payment_not_recognised
i see a charge for a direct debit that was not me.,28,direct_debit_payment_not_recognised
there was a strange transaction made on my account a couple weeks ago by a seller i don't recognize. may you please check on this transaction for me.,28,direct_debit_payment_not_recognised
there is a potentially fraudulent direct debit on my account.,28,direct_debit_payment_not_recognised
i have a direct debit i didn't set up,28,direct_debit_payment_not_recognised
help! in the app there is a direct debit that i don't remember.,28,direct_debit_payment_not_recognised
please help me regarding a direct debit in the app that i don't recognize.,28,direct_debit_payment_not_recognised
how do i get a refund for a direct debit payment i didn't make,28,direct_debit_payment_not_recognised
i need to cancel a transaction on my debit card.,28,direct_debit_payment_not_recognised
i think i was charged by mistake on my debit statement.,28,direct_debit_payment_not_recognised
purchases i did not make are appearing in my bank statement?,28,direct_debit_payment_not_recognised
"on my app i can see that a direct debit payment that i didn't do, appears.",28,direct_debit_payment_not_recognised
there's a payment showing in the app today even though i have not used my card at all. i want a refund.,28,direct_debit_payment_not_recognised
unusual direct deposit,28,direct_debit_payment_not_recognised
i didn't make the direct debit payment on my account.,28,direct_debit_payment_not_recognised
people are using my debit card - help!,28,direct_debit_payment_not_recognised
i have an unfamiliar direct debit in my statement.,28,direct_debit_payment_not_recognised
how do i dispute a direct debit that i didn't do?,28,direct_debit_payment_not_recognised
weird direct debit payment,28,direct_debit_payment_not_recognised
i have an unauthorized direct debit on my account,28,direct_debit_payment_not_recognised
i have an unknown charge.,28,direct_debit_payment_not_recognised
what do i do if there is an electronic debit that is not correct?,28,direct_debit_payment_not_recognised
there is a payment showing that i know i didn't make. i didn't use my card that day and i'm sure of it. can you please cancel that transaction and return my money? thankyou,28,direct_debit_payment_not_recognised
after going over my transactions for the last couple of months i noticed a pretty large charge that i know i did not make. i know it's been a while but can i still dispute this charge?,28,direct_debit_payment_not_recognised
someone else made a direct debit transaction on my account,28,direct_debit_payment_not_recognised
how can i dispute a direct debit charge on my account?,28,direct_debit_payment_not_recognised
i have a direct debit i didn't make,28,direct_debit_payment_not_recognised
i have an unauthorized charge.,28,direct_debit_payment_not_recognised
a debit came through that i need to dispute.,28,direct_debit_payment_not_recognised
there is a payment in my app that i did not make. i have not used that card all day please reimburse my money.,28,direct_debit_payment_not_recognised
i don't know what this direct debit payment is.,28,direct_debit_payment_not_recognised
i see a direct debit payment on my app that i did not do,28,direct_debit_payment_not_recognised
how do i get a refund for an unauthorized direct debit payment?,28,direct_debit_payment_not_recognised
there was a direct debit i don't recognize.,28,direct_debit_payment_not_recognised
i see an unfamiliar direct debit payment.,28,direct_debit_payment_not_recognised
in the app i see a direct debit that i don't recognize.,28,direct_debit_payment_not_recognised
why am i seeing a direct debit thats not mine?,28,direct_debit_payment_not_recognised
can i dispute a debit payment that i am seeing that i didn't make from a couple of months ago?,28,direct_debit_payment_not_recognised
there is a direct debit set up that i didn't create.,28,direct_debit_payment_not_recognised
"there is a direct debit charge that i don't recognize, what can i do?",28,direct_debit_payment_not_recognised
"i have not used my card all day, however, there is an unusual payment showing in my app. i would like to have that amount reimbursed.",28,direct_debit_payment_not_recognised
i don't know what this direct debit payment on my account is for.,28,direct_debit_payment_not_recognised
there is a direct debit charge on my account that is not mine.,28,direct_debit_payment_not_recognised
i see a direct debit transaction in the app that is not mine,28,direct_debit_payment_not_recognised
there is a direct debit set up that was not authorized by me.,28,direct_debit_payment_not_recognised
i didn't initiate a direct debit that i see on my account,28,direct_debit_payment_not_recognised
why is there a direct debit fee in the app when i didn't do it?,28,direct_debit_payment_not_recognised
there is a payment i don't recognise!,28,direct_debit_payment_not_recognised
a couple weeks ago there was a debit taken from my account from a transaction i don't recall. is it possible to trace this transaction to make sure i'm not being scammed?,28,direct_debit_payment_not_recognised
what should i do about a direct debit that i did not set up?,28,direct_debit_payment_not_recognised
there was a direct debit transaction i have don't think should be there.,28,direct_debit_payment_not_recognised
i just found a payment from a while back in my account that i didn't make. can i still dispute it even though it was a couple of months ago?,28,direct_debit_payment_not_recognised
i do not recognize a direct debit payment that i see on my app,28,direct_debit_payment_not_recognised
my account was charged a debit payment i don't recognize.,28,direct_debit_payment_not_recognised
"in my app, a direct debit payment i didn't do shows in my app",28,direct_debit_payment_not_recognised
my accounts been charged a payment for something i didn't make.,28,direct_debit_payment_not_recognised
looking back on my transactions from a couple of months ago i have noticed a charge that is fairly large that i'm certain was not completed by me. i know it has been a while but can i please dispute this charge?,28,direct_debit_payment_not_recognised
i see a direct debit charge that i did not approve,28,direct_debit_payment_not_recognised
the app shows direct debit payments that i didn't make,28,direct_debit_payment_not_recognised
i have an unknown direct debit payment on my account,28,direct_debit_payment_not_recognised
"there is a direct debit that i didn't set up, what should i do?",28,direct_debit_payment_not_recognised
i see a direct debit that i didn't authorize,28,direct_debit_payment_not_recognised
"i know this very late, but i just went through my statements from the last couple months and there's one quite large-ish payment that i definitely haven't made. is it still possible to dispute it?",28,direct_debit_payment_not_recognised
i checked my account and see that funds were deducted from a seller i didn't approve of. can you help me understand?,28,direct_debit_payment_not_recognised
there is a transaction showing in my app that i did not make as i have not used that card all day. please reimburse this amount to my account.,28,direct_debit_payment_not_recognised
my app shows a direct debit that isn't mine.,28,direct_debit_payment_not_recognised
i haven't used my card all day but there is a payment showing in the app. please cancel it!,28,direct_debit_payment_not_recognised
there is a payment showing on my app that i didn't do. will you please cancel this payment and refund my money ?,28,direct_debit_payment_not_recognised
why is there a direct debit to my account? i didn't do that.,28,direct_debit_payment_not_recognised
help me! i don't know what my password is.,44,passcode_forgotten
"i thought i knew my password but i guess i was wrong, what can i do now?",44,passcode_forgotten
i am unable to access my app due to forgetting my passcode.,44,passcode_forgotten
i can't recall my password.,44,passcode_forgotten
what should i do if i don't know my password?,44,passcode_forgotten
need a new passcode.,44,passcode_forgotten
i can't log in with this passocde,44,passcode_forgotten
i forgot my passcode. now what?,44,passcode_forgotten
what are the steps to reset my passcode?,44,passcode_forgotten
where do i go to reset the passcode?,44,passcode_forgotten
i am unaware of what my password is.,44,passcode_forgotten
i can't remember my passcode.,44,passcode_forgotten
i forgot my code,44,passcode_forgotten
help me. the passcode doesn't work.,44,passcode_forgotten
the passcode isn't working for me.,44,passcode_forgotten
is there a way to recover my password?,44,passcode_forgotten
can you lookup my password?,44,passcode_forgotten
what is my password?,44,passcode_forgotten
i forgot my password to get into the app!,44,passcode_forgotten
why doesn't my passcode work?,44,passcode_forgotten
i happened to forget my password,44,passcode_forgotten
i forgot the passcode on my app.,44,passcode_forgotten
i seem to of forgotten my passcode.,44,passcode_forgotten
i do not understand why my pass-code is not working.,44,passcode_forgotten
my passcode won't work.,44,passcode_forgotten
how do i reset my passcode?,44,passcode_forgotten
not sure what my password is.,44,passcode_forgotten
how to recover my passcode,44,passcode_forgotten
i don't remember my login code,44,passcode_forgotten
i need a new login code,44,passcode_forgotten
help! i forgot my password.,44,passcode_forgotten
i happened to forget my passcode,44,passcode_forgotten
"what is going on, i have entered my passcode and its not working",44,passcode_forgotten
passcode retrieval,44,passcode_forgotten
my passcode is not being accepted,44,passcode_forgotten
i would like to better understand why my pass-code is not working.,44,passcode_forgotten
i can't find my code,44,passcode_forgotten
my password doesn't work.,44,passcode_forgotten
my passcode was denied.,44,passcode_forgotten
i don't know the code for the app.,44,passcode_forgotten
i can't remember my password.,44,passcode_forgotten
please help me. i don't know my code to get into the app.,44,passcode_forgotten
"i used to know my password, but not anymore.",44,passcode_forgotten
i've forgotten my passcode. can i reset?,44,passcode_forgotten
i am entering my passcode but getting an error.,44,passcode_forgotten
i don't remember my password,44,passcode_forgotten
where can i get a new passcode?,44,passcode_forgotten
what are the steps for changing my passcode?,44,passcode_forgotten
i lost the code and can not get into the app. help!,44,passcode_forgotten
i think my passcode was changed,44,passcode_forgotten
how can i reset the passcode if i need to do that?,44,passcode_forgotten
i can't log into my account because i lost my password,44,passcode_forgotten
what do i do if i can't access my passcode?,44,passcode_forgotten
the app passcode has completely slipped my mind.,44,passcode_forgotten
can you help me reset my passcode? i forgot it.,44,passcode_forgotten
how do i change my passcode?,44,passcode_forgotten
i cannot remember my passcode.,44,passcode_forgotten
i don't have a password.,44,passcode_forgotten
where do i go to reset my passcode?,44,passcode_forgotten
what do i do if i forgot my passcode?,44,passcode_forgotten
i've completely forgot the code to get into the app.,44,passcode_forgotten
how can i go about resetting my passcode?,44,passcode_forgotten
how can i change my password?,44,passcode_forgotten
is there a way to reset the passcode?,44,passcode_forgotten
i can't log in,44,passcode_forgotten
help! i've forgot my app passcode!,44,passcode_forgotten
"i need to reset my passcode, this one isn't working",44,passcode_forgotten
i don't remember my passcode?,44,passcode_forgotten
what do i do if i have forgotten my passcode?,44,passcode_forgotten
can you tell me my code to get into the app?,44,passcode_forgotten
"i cannot remember my passcode, is there a way to retrieve it?",44,passcode_forgotten
what should i do if my passcode won't work?,44,passcode_forgotten
i have forgotten my passcode,44,passcode_forgotten
can my password be reset if i do not have it?,44,passcode_forgotten
i can't access my account.,44,passcode_forgotten
lost password,44,passcode_forgotten
"i'm locked out of my account as i can't remember my code, what do i do now?",44,passcode_forgotten
"disaster, i've totally forgotten my passcode, can you help me?",44,passcode_forgotten
"i want to reset my passcode, how can i do that?",44,passcode_forgotten
i tried entering my passcode and it isn't working. can you help?,44,passcode_forgotten
i can't get into the app with the passcode.,44,passcode_forgotten
for some reason i forgot the passcode i have.,44,passcode_forgotten
i've forgotten my app passcode completely.,44,passcode_forgotten
how do i reset my password?,44,passcode_forgotten
i lost my passcode.,44,passcode_forgotten
i don't know my password anymore.,44,passcode_forgotten
instruct me how to reset the passcode.,44,passcode_forgotten
i can't remember what my password is,44,passcode_forgotten
i need to reset my passcode. where do i go to do that?,44,passcode_forgotten
how can i reset my passcode?,44,passcode_forgotten
how do i get the passcode reset?,44,passcode_forgotten
can someone please help assist me by explaining to me why my pass-code is not working?,44,passcode_forgotten
i don't have my passcode to access the app.,44,passcode_forgotten
can i reset the passcode?,44,passcode_forgotten
are there directions to get a new passcode if i forgot mine?,44,passcode_forgotten
i need to reset the passcode.,44,passcode_forgotten
i can't enter my passcode.,44,passcode_forgotten
i think i forgot my passcode,44,passcode_forgotten
i don't know my password,44,passcode_forgotten
i forgot the code i need to get into the app.,44,passcode_forgotten
"i don't know what my passcode is, can you help?",44,passcode_forgotten
how can i reset my passcode ?,44,passcode_forgotten
what can i do if my passcode won't work?,44,passcode_forgotten
"i can't remember my app code, can you reset it?",44,passcode_forgotten
can someone help with my passcode?,44,passcode_forgotten
"i tried to withdraw cash and got declined, why is that?",26,declined_cash_withdrawal
why was i declined when i tried to get my money?,26,declined_cash_withdrawal
i could not access my money at the atm,26,declined_cash_withdrawal
"i needed money for a night out with the girls but i was declined, why?",26,declined_cash_withdrawal
why was i blocked from withdrawing from the atm?,26,declined_cash_withdrawal
i tried to get funds in hard cash but it was rejected!,26,declined_cash_withdrawal
why won't cash come out of the atm?,26,declined_cash_withdrawal
my withdrawals were going smooth until i got declined today. what is going on?,26,declined_cash_withdrawal
i tried to use my card to withdrawal money from the atm in notting hill but it didn't work. this is the first time i've tried using it. is my card working?,26,declined_cash_withdrawal
why was my request for cash declined?,26,declined_cash_withdrawal
where did my money go? i'm not able to withdraw it from my atm.,26,declined_cash_withdrawal
why was my withdrawal declined,26,declined_cash_withdrawal
how come i can't get money at the atm,26,declined_cash_withdrawal
why was my atm withdrawal cancelled?,26,declined_cash_withdrawal
i couldnt get cash in an atm,26,declined_cash_withdrawal
why can't i get cash out?,26,declined_cash_withdrawal
why can't i take cash out of the atm?,26,declined_cash_withdrawal
every atm i visit is rejecting my card and i don't know why. there should be money on it. can you check it to see if something is wrong or if i'm doing something wrong?,26,declined_cash_withdrawal
i can't get money out of the atm. is my card actually working? it's the first time i tried using it,26,declined_cash_withdrawal
the atm keeps declining my transaction . i tried two different atms already would you please check if everything is okay with my account?,26,declined_cash_withdrawal
is there a reason my cash withdrawal was declined?,26,declined_cash_withdrawal
my card won't let me withdraw money.,26,declined_cash_withdrawal
i can't withdraw money,26,declined_cash_withdrawal
could you tell me why my cash withdrawal was declined?,26,declined_cash_withdrawal
"the atm would not give me cash,why?",26,declined_cash_withdrawal
my atm transaction was cancelled.,26,declined_cash_withdrawal
i was denied cash at an atm,26,declined_cash_withdrawal
i was not able to use the atm to get cash,26,declined_cash_withdrawal
why did i get declined when trying to get cash?,26,declined_cash_withdrawal
the atm keeps declining my card! i tried two different atms already can you please check if everything is alright with my account??,26,declined_cash_withdrawal
why wouldn't the atm give me my money?,26,declined_cash_withdrawal
why are my withdrawals suddenly being declined?,26,declined_cash_withdrawal
can you tell me why i was declined from getting cash?,26,declined_cash_withdrawal
why couldn't i make a withdrawal from the atm?,26,declined_cash_withdrawal
why is my atm cash withdrawal not working?,26,declined_cash_withdrawal
is my card broken? i can't get cash out of the atm,26,declined_cash_withdrawal
i went to the notting hill atm to use my card the first time for a cash withdrawal but it didn't work. does this mean that my card isn't working yet?,26,declined_cash_withdrawal
i tried to withdraw money but was told i didn't have funds,26,declined_cash_withdrawal
the atm keeps declining my transaction . i tried two different atms already can you please check if everything is okay with my account?,26,declined_cash_withdrawal
"please double check my card - withdrawal was working fine so far, but this morning on the way to work it suddenly got declined!",26,declined_cash_withdrawal
i was declined when trying to withdrawal cash!,26,declined_cash_withdrawal
i needed cash from the atm but i couldn't get it.,26,declined_cash_withdrawal
my atm withdrawal was declined.,26,declined_cash_withdrawal
"when i went to get cash, it was declined!",26,declined_cash_withdrawal
"is my card working? it's the first time i tried using it i tried to get money out of an atm, but got nothing.",26,declined_cash_withdrawal
the atm machines keep declining my card and i don't know why. i thought i had money in my account. why is this happening?,26,declined_cash_withdrawal
why was my withdrawal requested cancelled by the atm?,26,declined_cash_withdrawal
i have tried using my card for the first time at the atm of notting hill to withdrawal cash but it didn't work. does this mean my card isn't working?,26,declined_cash_withdrawal
a withdraw i tried to make at the atm was declined i don't know why.,26,declined_cash_withdrawal
tried using my atm card earlier at one of your locations for the first time. it didn't work. what is going on?,26,declined_cash_withdrawal
why can't i take money from my account?,26,declined_cash_withdrawal
"this morning i wanted to make a withdrawal before work, but my card was declined! please double check it for me as this is the first time it was declined.",26,declined_cash_withdrawal
why was i declined from getting cash?,26,declined_cash_withdrawal
"i tried to get money out of the notting hill atm earlier, but wasn't able to. is my card working okay? it's the first time i tried using it.",26,declined_cash_withdrawal
my atm card isn't working for a withdrawl,26,declined_cash_withdrawal
is my card actually working? it's the first time i tried using it,26,declined_cash_withdrawal
is there a reason why my card was declined when i attempted to withdraw money?,26,declined_cash_withdrawal
is the atm broken? i can't get cash from it.,26,declined_cash_withdrawal
what is my monthly spending limit because i was refused my money at an atm,26,declined_cash_withdrawal
i can't get cash from the atm!,26,declined_cash_withdrawal
"when i tried to access my cash, i wasn't allowed!",26,declined_cash_withdrawal
"my card has been declined by two separate atm, and i'm worried something is wrong with my account. would you please see if my account is okay?",26,declined_cash_withdrawal
has my account been frozen? i tried to use my card but the atm would not dispense cash.,26,declined_cash_withdrawal
i tried to withdraw cash from the atm machine and it did not work. can you tell me why?,26,declined_cash_withdrawal
atm withdrawal not working.,26,declined_cash_withdrawal
i tried using my atm card at your notting hill location today. it did not work. am i doing something wrong?,26,declined_cash_withdrawal
"i tried to get money out of an atm in notting hill earlier, but it didn't work. is my card actually working? it's the first time i tried using it",26,declined_cash_withdrawal
i cannot withdraw money from the atm,26,declined_cash_withdrawal
my withdrawal from the atm was cancelled.,26,declined_cash_withdrawal
i'm trying to take money from my account but its not letting me. help!,26,declined_cash_withdrawal
why won't the atm let me withdraw money?,26,declined_cash_withdrawal
my cash withdrawal was declined. why?,26,declined_cash_withdrawal
why couldn't i get cash from an atm?,26,declined_cash_withdrawal
i attempted to get cash in the atm but it was not authorized,26,declined_cash_withdrawal
is there something wrong with my atm card? tried using it earlier and it did not work.,26,declined_cash_withdrawal
the atm keeps rejecting my payment. i tried two different atms but did not work .can you please check if everything is okay with my account?,26,declined_cash_withdrawal
why can't i withdraw cash from this atm?,26,declined_cash_withdrawal
i was getting some cash out of the atm but it cancelled on me without warning.,26,declined_cash_withdrawal
i wasn't able to withdraw money at an atm,26,declined_cash_withdrawal
why can't i withdraw funds from my account?,26,declined_cash_withdrawal
i tried to get cash in the atm but it was not approved,26,declined_cash_withdrawal
my card rejected a cash withdrawal. why?,26,declined_cash_withdrawal
why was my cash withdrawal declined by the atm?,26,declined_cash_withdrawal
i could not get the atm to work,26,declined_cash_withdrawal
totally unacceptable. i'm stranded with no cash because the atm wouldn't give me any money!,26,declined_cash_withdrawal
help! my card isn't working at the atm and i know i used the right pin. trying to get my money.,26,declined_cash_withdrawal
i tried to pull cash from an atm but it wouldn't let me.,26,declined_cash_withdrawal
"i tried to get money out of the notting hill atm earlier, but i wasn't able to get it to work. is my card with issue? it's the first time i tried using it.",26,declined_cash_withdrawal
can you please tell me why i cant get money from the atm?,26,declined_cash_withdrawal
"how do i get money from an atm using my card? i can't seem to get it to work? i used the pin i had, but maybe it's wrong? what do i need to do to fix this?",26,declined_cash_withdrawal
"hello, is there any way to double check my card? i have never had issues with withdraws in the past, but this morning on the way to work it was unexpectedly declined.",26,declined_cash_withdrawal
my card didn't work at the atm in notting hill. is my card working?,26,declined_cash_withdrawal
why am i not able to get cash from the atm?,26,declined_cash_withdrawal
my card was frozen due to putting in the wrong pin too much. how many tries do i have,26,declined_cash_withdrawal
i cant get money out of the atm with my card. i just put my card in the atm but it will not allow me to take any money out. what do i need to do to fix this?,26,declined_cash_withdrawal
why was i not able to take cash from the atm?,26,declined_cash_withdrawal
"would you please check my card. as withdrawal was working fine so far, but this morning suddenly got declined. can you please check the problem?",26,declined_cash_withdrawal
why would the atm machine fail to give me the cash withdrawal i requested?,26,declined_cash_withdrawal
i am having trouble withdrawing cash.,26,declined_cash_withdrawal
why is the atm not allowing me to get cash?,26,declined_cash_withdrawal
why can i not take out cash?,26,declined_cash_withdrawal
i tried to get cash but it was declined!,26,declined_cash_withdrawal
"hi, i am unable to use my card in atm. i had tried my card in two atms but both atms declined it. could you please check my account?",26,declined_cash_withdrawal
the atm won't let me take out cash,26,declined_cash_withdrawal
i'm not able to withdraw money from the atm but i'm not sure why.,26,declined_cash_withdrawal
why wouldnt the atm give me money,26,declined_cash_withdrawal
"my cash withdrawal was declined, why?",26,declined_cash_withdrawal
"i think there may be something wrong with my card. i have never had issues with withdraws before, but this morning on the way to work it was suddenly declined.",26,declined_cash_withdrawal
why can i not get cash from the atm?,26,declined_cash_withdrawal
why was i not able to get cash from the atm?,26,declined_cash_withdrawal
my card doesn't work. i can't get cash out at an atm,26,declined_cash_withdrawal
why am i not able to withdraw cash from this atm?,26,declined_cash_withdrawal
why can't i withdraw money?,26,declined_cash_withdrawal
the atm wouldn't give out cash,26,declined_cash_withdrawal
what caused my cash withdrawal to be declined?,26,declined_cash_withdrawal
why wont the atm give me cash?,26,declined_cash_withdrawal
why do i get declined when i try to withdraw cash?,26,declined_cash_withdrawal
what was the cause for my card to be declined?,26,declined_cash_withdrawal
the atm cancelled a transaction on me when i was trying to get some cash out.,26,declined_cash_withdrawal
why can't i get cash from the atm?,26,declined_cash_withdrawal
atm refused to give me money,26,declined_cash_withdrawal
i was declined when i tried to withdraw cash!,26,declined_cash_withdrawal
i couldn't get money from the atm,26,declined_cash_withdrawal
i tried to use the atm today but it would not accept my card.,26,declined_cash_withdrawal
the atm wouldn't let me withdraw cash.,26,declined_cash_withdrawal
"i tried to get money out of the notting hill atm earlier, but i wasn't able to get anything out. is there a problem with my card? it's the first time i tried using it.",26,declined_cash_withdrawal
please help me with my card. as i have tried to use my card in two different atms but repeatedly it was declining by atm.,26,declined_cash_withdrawal
the atm wouldn't allow me to withdraw money,26,declined_cash_withdrawal
why am i unable to withdraw my money through this card?,26,declined_cash_withdrawal
is there a problem with my account? when i tried to withdraw cash at an atm i was denied.,26,declined_cash_withdrawal
atm apparently not working? couldn't access funds in my account?,26,declined_cash_withdrawal
why is my card being declined at the atm? i have tried multiple atms and i keep running into the same problem. could you verify that everything is okay with my account?,26,declined_cash_withdrawal
the atm wouldn't let me have my money.,26,declined_cash_withdrawal
i tired to get cash in the atm but it was cancelled,26,declined_cash_withdrawal
is there something wrong with the atm? it would not let me pull cash out of my account.,26,declined_cash_withdrawal
"hi, in morning, i was trying to withdraw money from my card, but it got declined. so far it was working fine. could you please check my card.",26,declined_cash_withdrawal
when going to the atm to take out some cash today my withdrawal was declined. i need to fix this problem as soon as possible. whats going on?,26,declined_cash_withdrawal
i can't get any money from my account.,26,declined_cash_withdrawal
"i tried to withdraw cash, but got declined!",26,declined_cash_withdrawal
"the atm will not let me get cash, why?",26,declined_cash_withdrawal
i can't withdraw any money from my account. ive tried a couple different atm machines and both of them wouldn't give me my money. what's going on? is my account frozen or something?,26,declined_cash_withdrawal
why was my atm withdrawl declined,26,declined_cash_withdrawal
why would i be declined if i had money iin my account,26,declined_cash_withdrawal
why was my cash withdrawal cancelled at the atm?,26,declined_cash_withdrawal
why can't i withdraw cash?,26,declined_cash_withdrawal
why am i unable to withdrawal cash?,26,declined_cash_withdrawal
i just had my card get declined at the atm! i need to get money out but i am unable to. why has this happened?,26,declined_cash_withdrawal
i entered the correct pin but i still couldnt get funds.,26,declined_cash_withdrawal
my card wont work at an atm,26,declined_cash_withdrawal
"why does the atm continually decline my card? i've tried multiple times on different machines with the same results. i thought i had enough funds for this, so please help me understand why this is happening.",26,declined_cash_withdrawal
i entered my pin in wrong and got it frozen. how many tries do i have,26,declined_cash_withdrawal
this is the first time i've tried to get my money out of an atm and it didn't work. please give me my money,26,declined_cash_withdrawal
why am i having trouble withdrawing cash?,26,declined_cash_withdrawal
"i tried to make a withdrawal from the atm, but it was cancelled.",26,declined_cash_withdrawal
i could not get money from an atm,26,declined_cash_withdrawal
i think i am having an issue with withdraws on my card. it was declined on the way to work this morning. this hasn't happened in the past.,26,declined_cash_withdrawal
i attempted to get money in cash but it was refused!,26,declined_cash_withdrawal
my atm withdrawal was cancelled,26,declined_cash_withdrawal
i might need a new card because it's not working at any of the atms. i don't think ive used all my money. why is it doing this?,26,declined_cash_withdrawal
"please check my card. as withdrawal was working fine so far, but this morning suddenly got declined. can you please check the problem?",26,declined_cash_withdrawal
"i tried to withdraw some funds from my card, but was declined. how can i get my money?",26,declined_cash_withdrawal
i can't get the atm to give me any cash,26,declined_cash_withdrawal
i am unable to get cash from the atm,26,declined_cash_withdrawal
how come the atm won't give me my money?,26,declined_cash_withdrawal
i tried to withdraw cash from your atm but my transaction was cancelled.,26,declined_cash_withdrawal
why did the atm cancel my transaction,26,declined_cash_withdrawal
why wouldn't the atm give me cash?,26,declined_cash_withdrawal
why wouldn't my withdrawal go through?,26,declined_cash_withdrawal
i attempted to get cash in the atm but i was denied,26,declined_cash_withdrawal
the atm didnt let me get cash,26,declined_cash_withdrawal
why am i unable to withdraw money even though in the past i've done it just fine?,26,declined_cash_withdrawal
i was declined when i tried to take out cash!,26,declined_cash_withdrawal
how come i was declined,26,declined_cash_withdrawal
what does it mean when a payment is pending?,45,pending_card_payment
could you please tell me why my purchases from this morning say payment is pending?,45,pending_card_payment
the purchase i made is still pending.,45,pending_card_payment
is there a problem with the payment that i see is still pending?,45,pending_card_payment
there is a payment that i made that hasn't gone through yet.,45,pending_card_payment
how long does it actually take for a card payment to go through? there's one stuck since a couple days already that doesn't seem to move,45,pending_card_payment
why does my payment appear as pending?,45,pending_card_payment
how long does a payment usually show as pending? is it normal that mine is still pending?,45,pending_card_payment
why is my payment in pending status?,45,pending_card_payment
i have a card payment which shows as pending,45,pending_card_payment
i made a payment with my card and it hasn't changed. how long do you think this will take?,45,pending_card_payment
why is the payment showing as pending from things i bought this morning?,45,pending_card_payment
i made a card payment which is showing me pending.,45,pending_card_payment
why are my payments not working and show pending?,45,pending_card_payment
"i put in a payment a while ago and it has still not cleared and is showing up as ""pending"", how long does it take to clear?",45,pending_card_payment
why are the things i bought earlier today still showing as pending?,45,pending_card_payment
card payment still pending.,45,pending_card_payment
"my card payment is just showing up as pending since forever, what's going on with that, it should be going through at some point?",45,pending_card_payment
i have a payment that has not gone through yet,45,pending_card_payment
"i initiated a payment a while ago and it is still showing as ""pending"", how long will it take to clear?",45,pending_card_payment
why is my purchase showing as pending?,45,pending_card_payment
how long will it take for my payment to go through?,45,pending_card_payment
after making a payment with my card it doesn't seem to have worked. it's just showing to be pending. when will this actually be going through?,45,pending_card_payment
"it says ""pending payment?"" why is it saying this?",45,pending_card_payment
is there a reason my payments are pending?,45,pending_card_payment
why is my card payment still a pending transaction?,45,pending_card_payment
"card payment is still pending, why is that the case?",45,pending_card_payment
i have been waiting for my card payment to be moved from pending status for an unusually long time. what is going on here and do you have an idea of when i can expect it to go through?,45,pending_card_payment
how come my card payment is still pending?,45,pending_card_payment
i notice there's a pending payment on my card.,45,pending_card_payment
how is my card payment still pending?,45,pending_card_payment
why is my card payment still pending?,45,pending_card_payment
what does pending payment mean?,45,pending_card_payment
why is my payment still pending?,45,pending_card_payment
what does it mean when it says that i have a payment that is pending?,45,pending_card_payment
my card payment is showing pending however this transaction was a couple of days ago. is there a reason why it it still pending?,45,pending_card_payment
a card payment on my account is shown as pending.,45,pending_card_payment
why is their a charge pending on my card still?,45,pending_card_payment
my card payment says pending and it hasn't changed,45,pending_card_payment
card payment is showing as pending,45,pending_card_payment
what is the longest that a payment will show pending? there is one showing that has been sitting there a few days.,45,pending_card_payment
i tried to pay through my account but the payment is not going through. what's going on?,45,pending_card_payment
why is the payment on my card still pending?,45,pending_card_payment
what's taking so long for this payment to go through?,45,pending_card_payment
why haven't i gotten my payment yet?,45,pending_card_payment
it looks like a payment i've made hasn't made it through yet.,45,pending_card_payment
my card payment has had the status of pending forever. what is the issue? it should have gone through at some point.,45,pending_card_payment
a payment is pending,45,pending_card_payment
why hasn't my card payment cleared yet?,45,pending_card_payment
i've made a card payment a couple of days ago now but it looks like the money is stuck. how long does it typically take for the payment to go through?,45,pending_card_payment
my payment is taking a long time to go through.,45,pending_card_payment
what does it mean if my payment is pending?,45,pending_card_payment
when will my payment go through?,45,pending_card_payment
my card payment still pending,45,pending_card_payment
how long does a payment show as pending before i should worry about it?,45,pending_card_payment
why is my card payment pending?,45,pending_card_payment
i made a card payment by my card but it failed. please let me know when the payment will get completed as its still pending.,45,pending_card_payment
"hi, status of one of my card payment is still pending from a while. please let e know how much time it will take to complete.",45,pending_card_payment
"after i make a payment, how long will it be before it transitions from ""pending"" to complete?",45,pending_card_payment
"my card payment is showing up as pending for a very long time, what's going on with that, it should be going through at some point?",45,pending_card_payment
my purchases from this morning are showing up as payment pending. can you tell me why?,45,pending_card_payment
there is a payment that has not processed.,45,pending_card_payment
i'm still waiting on a payment,45,pending_card_payment
i need to find out why my pending payment hasn't gone through.,45,pending_card_payment
i am waiting for a payment to be processed,45,pending_card_payment
i don't understand why my card payment is pending. it has been pending for too long. why is this and when might it go through?,45,pending_card_payment
"i did a payment with my card but seem that didn't work, it's still listed as pending since a while ago. when does this actually go through?",45,pending_card_payment
i need to know when a payment will actually go through. i completed a payment using my card but it is just showing as pending at this point and it has been a while ago.,45,pending_card_payment
when will the transaction go through?,45,pending_card_payment
my card payment has been stuck on pending. what is the problem? it should have gone through by now.,45,pending_card_payment
why is the purchase i made this morning still pending?,45,pending_card_payment
a transaction on my card shows as pending.,45,pending_card_payment
i have a pending payment on my card. why?,45,pending_card_payment
i have a card payment that has been pending for some time and would like to know when it is going to go through.,45,pending_card_payment
"i made a payment a while ago and it is still showing as ""pending"" in the account. how long will this payment take to complete?",45,pending_card_payment
what does a 'pending payment' mean?,45,pending_card_payment
"hello, i made a payment with my card and it's not working. it's been a while and still says its pending. can you tell when this will go through?",45,pending_card_payment
"hi, one of payment is still coming as pending for which i have already paid by card. i guess it did not processed, could you please check and update me.",45,pending_card_payment
my purchase from this morning still is pending.,45,pending_card_payment
why is my card payment still listed as pending?,45,pending_card_payment
one of my card payments looks like it's stuck but i have made the payment days ago. how long until the payment will be applied to my account?,45,pending_card_payment
i don't know what pending transaction means.,45,pending_card_payment
"my card payment is just showing up as pending since forever, what's going on with that, when should it be going through?",45,pending_card_payment
it says pending status for my payment. why?,45,pending_card_payment
pending transaction?,45,pending_card_payment
i noticed that there's a payment on my card that's pending.,45,pending_card_payment
when is a payment i made with my card going to clear>,45,pending_card_payment
my card payment has been pending for a long time now. why is it taking so long to take. it should have already made it through.,45,pending_card_payment
what does it mean if it says that my payment is pending?,45,pending_card_payment
why are my purchases from this morning still pending?,45,pending_card_payment
"i was wondering why my payment hasn't gone through yet, its been a while.",45,pending_card_payment
my card payment has been on pending forever. what is the problem? it should have gone through at some time by now.,45,pending_card_payment
i did a card payment but its status is still coming as pending. please check and inform when it would complete.,45,pending_card_payment
i have made a card payment but it did not completed still showing as pending. please tell me when it will be completed.,45,pending_card_payment
why hasn't my payment gone through?,45,pending_card_payment
why is my card payment still pending? it should have gone through already.,45,pending_card_payment
"i made a purchase this morning, and it is showing as pending.",45,pending_card_payment
there is a single payment on my card which shows as pending.,45,pending_card_payment
how long does it actually take my card payment to make it to the account? i've made a payment a couple of days ago but it hasn't moved since.,45,pending_card_payment
how long does it take for my payment to process?,45,pending_card_payment
why would my payment for my card show as pending?,45,pending_card_payment
why aren't my payment funds available to me?,45,pending_card_payment
i got some items this morning but the payment says pending,45,pending_card_payment
why is the payment i made still pending?,45,pending_card_payment
is there a problem that makes my payments show pending?,45,pending_card_payment
i made a purchase earlier today but it is still listed as pending- when will it go through?,45,pending_card_payment
why didn't my payment process,45,pending_card_payment
i have a payment that hasn't went through yet.,45,pending_card_payment
i made a payment but it's still pending,45,pending_card_payment
how long does it take for a new purchase to stop being considered pending?,45,pending_card_payment
i was wondering how long does it take for a payment to go thru? it seems my last payment is stuck and hasn't moved.,45,pending_card_payment
what is the cause of the delay in applying my card payment to my account?,45,pending_card_payment
why would my payment still show as pending?,45,pending_card_payment
i have a payment which has not been approved.,45,pending_card_payment
what does it mean when it says i have a payment pending?,45,pending_card_payment
"there is a pending payment on my account, what does this mean?",45,pending_card_payment
why has my card payment not yet been applied to my account?,45,pending_card_payment
i bought some things in the morning but the payment shows as pending,45,pending_card_payment
i don't know what a pending payment is.,45,pending_card_payment
why do i have a pending payment?,45,pending_card_payment
how long does it actually take for a card payment to go through? there's one stuck since a couple of days already that doesn't seem to move,45,pending_card_payment
i purchases several items today. why are they still showing pending?,45,pending_card_payment
there is a payment showing as pending and hasn't posted for a few days. when will it post?,45,pending_card_payment
"i have made a payment by my card, and its still pending since a long time. could you please tell me when it will process.",45,pending_card_payment
i completed a payment with my card a while ago. it's still showing up as pending. what time frame does this normally take? it doesn't appear to have worked.,45,pending_card_payment
the payment on my card shows as pending.,45,pending_card_payment
i have a payment that is still pending,45,pending_card_payment
i bought something this morning and the payment is still pending,45,pending_card_payment
"there is a pending transaction on my account, what does this mean?",45,pending_card_payment
i made a payment that's pending. will it go through?,45,pending_card_payment
it's been a few days since i've tried to pay a seller but the funds aren't going through. what is happening?,45,pending_card_payment
i made a payment that seems to be stuck. it's been a couple of days already. can you tell me how long it will take?,45,pending_card_payment
i made a payment that is not yet complete.,45,pending_card_payment
why hasn't my payment shown up yet?,45,pending_card_payment
what is the meaning of a pending payment?,45,pending_card_payment
my payment is in the app but hasn't gone through yet,45,pending_card_payment
how many days does a regular transaction take to complete? i see a pending payment that hasn't changed in the last several days.,45,pending_card_payment
why hasn't my payment gone through yet?,45,pending_card_payment
my payment's stuck on pending.,45,pending_card_payment
is there a reason my payment is still pending?,45,pending_card_payment
what's the pending length for credit transactions? i've had one in my pending category now for days and it won't move to processed.,45,pending_card_payment
how long does it take for a payment to change from pending?,45,pending_card_payment
my credit card payment has been in pending status for a super long time. i don't get it. why is it like this? when will it go through?,45,pending_card_payment
why hasn't payment gone through yet?,45,pending_card_payment
why is this payment pending?,45,pending_card_payment
why is the payment from my card still pending?,45,pending_card_payment
what is the pending payment on my card about?,45,pending_card_payment
"it says that my payment is pending, what does that mean?",45,pending_card_payment
i tried to make a payment with my card and it was declined. why is it pending?,45,pending_card_payment
why is it saying i have a pending payment?,45,pending_card_payment
"is there something wrong with my card payment? it's been pending a really, really long time.",45,pending_card_payment
my purchases from this morning still have pending payments.,45,pending_card_payment
when will my pending payment finish?,45,pending_card_payment
"i used my card to make a payment a while ago and its still pending, why is it taking so long?",45,pending_card_payment
how long does it take for a purchase to go from pending to authorised?,45,pending_card_payment
"my card has been pending for a while, what should i do?",45,pending_card_payment
there is a payment that i made that i noticed has not gone thru yet. can i ask why?,45,pending_card_payment
"my card payment is just showing up as pending and it has been a while , what's going on with that, it should be going through at some point?",45,pending_card_payment
how long will my payment be pending?,45,pending_card_payment
"my phone was stolen, what should i do first?",42,lost_or_stolen_phone
"my phone was stolen, what should i do?",42,lost_or_stolen_phone
"i lost my phone, what should i do?",42,lost_or_stolen_phone
"someone has stolen my phone, what should i do?",42,lost_or_stolen_phone
i think i lost my phone. is there a way to prevent anyone from getting into my account on it?,42,lost_or_stolen_phone
my phone was stolen! what do i need to do?,42,lost_or_stolen_phone
can i use the app without my phone?,42,lost_or_stolen_phone
"my bag was stolen from me yesterday, so i can't use any apps or anything. i need some help.",42,lost_or_stolen_phone
"someone stole my phone, what is my next step?",42,lost_or_stolen_phone
"i forgot my phone at the hotel, so i can't access the app.",42,lost_or_stolen_phone
"help, my phone was stolen, please advise!",42,lost_or_stolen_phone
my phone was lost,42,lost_or_stolen_phone
i need help- i got mugged yesterday and they took everything so i can't use the app.,42,lost_or_stolen_phone
i can't find my phone and i'm worried someone is going to use it,42,lost_or_stolen_phone
i lost my phone! will my card still work?,42,lost_or_stolen_phone
i can not find my phone or it has been stolen.,42,lost_or_stolen_phone
i can't use the app because i got mugged yesterday and they took everything. please help.,42,lost_or_stolen_phone
can you tell me what i steps i should take since my card was stolen?,42,lost_or_stolen_phone
what do i do if my phone was stolen?,42,lost_or_stolen_phone
what do i do if i can't access the app?,42,lost_or_stolen_phone
what do i do if my phone is stolen?,42,lost_or_stolen_phone
i left my phone somewhere and can't use the app.,42,lost_or_stolen_phone
someone mugged my and stole everything. i can't use the app. what should i do?,42,lost_or_stolen_phone
"i got mugged yesterday and they took everything. i can't use the app, so i need some help.",42,lost_or_stolen_phone
i am not sure where my phone is.,42,lost_or_stolen_phone
"if my phone was stolen, do i need to do anything?",42,lost_or_stolen_phone
please help! i was mugged and everything stolen. what do i do to stop them from accessing my account?,42,lost_or_stolen_phone
i have an emergency and lost my phone. i need help accessing my account.,42,lost_or_stolen_phone
"stolen phone, what should i do",42,lost_or_stolen_phone
help me. my phone has been lost or stolen!,42,lost_or_stolen_phone
my app was on the phone and i was mugged. what do i do?,42,lost_or_stolen_phone
i don't have the device i used to log onto the platform so i can't access it.,42,lost_or_stolen_phone
i lost my phone. can i use my card without the app?,42,lost_or_stolen_phone
what should i do if my smart phone is lost or stolen?,42,lost_or_stolen_phone
"if i lost my phone, what steps do i need to take to stop someone from using my account?",42,lost_or_stolen_phone
can someone else use my account if they have my phone? i lost mine.,42,lost_or_stolen_phone
"my phone was stolen, help!",42,lost_or_stolen_phone
"phone is gone, what should i do",42,lost_or_stolen_phone
"i'm currently not in possession of my phone, is it still possible to go about things normally without access to the app?",42,lost_or_stolen_phone
i lost my phone. can i disable to app?,42,lost_or_stolen_phone
"phone is gone, dont want others to access account information",42,lost_or_stolen_phone
is there something that i can do since my phone was stolen yesterday?,42,lost_or_stolen_phone
i think my phone was stolen. what can i do?,42,lost_or_stolen_phone
is it possible to access my phone from the hotel/,42,lost_or_stolen_phone
i lost my phone. what do i need to do?,42,lost_or_stolen_phone
someone has taken my phone from my hotel room!,42,lost_or_stolen_phone
can my account me accessed by a thief? i was mugged.,42,lost_or_stolen_phone
my phone is missing or stolen.,42,lost_or_stolen_phone
i misplaced my phone so i can't use the app! does this mean i can't use my card?,42,lost_or_stolen_phone
i left my phone at the hotel i was staying at so i can't use the app!,42,lost_or_stolen_phone
"my phone was stolen yesterday, can you help me with this?",42,lost_or_stolen_phone
i was recently mugged and would like to know if i have to have access to the app to use your services and how i would go about setting up your services on a new device belonging to a current user?,42,lost_or_stolen_phone
my phone is at the hotel. how can i use the app?,42,lost_or_stolen_phone
my cards were stolen,42,lost_or_stolen_phone
my phone has been lost or stolen,42,lost_or_stolen_phone
my phone has been stolen by someone,42,lost_or_stolen_phone
what should i do if someone stole my phone?,42,lost_or_stolen_phone
my phone has been stolen. how can i make sure no one uses my account from it?,42,lost_or_stolen_phone
can i use your services without access to the app?,42,lost_or_stolen_phone
i was mugged. they took everything. i can't use the app. what do i do?,42,lost_or_stolen_phone
how do i protect my phone from someone using it after i lost it.,42,lost_or_stolen_phone
my phone was left behind. can i still use my card?,42,lost_or_stolen_phone
phone is gone,42,lost_or_stolen_phone
i just replaced my phone so do i have to make a new account?,42,lost_or_stolen_phone
"everything i have was stolen yesterday making it so i don't have access to the app, what should i do?",42,lost_or_stolen_phone
i don't have my mobile device and am unable to make the payment because i forgot my details.,42,lost_or_stolen_phone
what do i do if i lost my phone?,42,lost_or_stolen_phone
i don't have my cell phone with me so i cannot access the system to complete the transaction.,42,lost_or_stolen_phone
"i no longer have my phone, what should i do?",42,lost_or_stolen_phone
i lost my phone and need help so someone doesn't access my account.,42,lost_or_stolen_phone
yesterday i had my phone stolen. please advise what i should do.,42,lost_or_stolen_phone
i lost my phone and need help protecting it.,42,lost_or_stolen_phone
i don't know where my phone is.,42,lost_or_stolen_phone
i can't use the app because i got mugged yesterday and they took everything. i need some help.,42,lost_or_stolen_phone
what should i do if my phone is lost or stolen?,42,lost_or_stolen_phone
what do i do if i cannot access the app?,42,lost_or_stolen_phone
i have lost my phone.,42,lost_or_stolen_phone
what to do about stolen phone,42,lost_or_stolen_phone
"i have lost my phone, what steps can i take to prevent someone using my account?",42,lost_or_stolen_phone
is there anything to do because my phone was stolen?,42,lost_or_stolen_phone
help! i think my phone may be stolen or lost!,42,lost_or_stolen_phone
"i no longer have my phone with the app, what should i do?",42,lost_or_stolen_phone
can i still access the app even though my phone was stolen?,42,lost_or_stolen_phone
what do i do to lock my phone after losing it so my account isn't accessed,42,lost_or_stolen_phone
i no longer have my phone.,42,lost_or_stolen_phone
"i cannot get to my app, what should i do?",42,lost_or_stolen_phone
yesterday my phone was stolen from me :( what do i need to do about it?,42,lost_or_stolen_phone
"my phone got stolen, how can i use the app?",42,lost_or_stolen_phone
"my phone was stolen, what can i do?",42,lost_or_stolen_phone
i accidentally left my phone at the hotel so now i'm not able to use the app.,42,lost_or_stolen_phone
how can i access my account when i have lost my phone?,42,lost_or_stolen_phone
i have lost my phone or it has been stolen.,42,lost_or_stolen_phone
i can't find my phone; what can i do to prevent someone from accessing my account on it?,42,lost_or_stolen_phone
what should i do if i lost my phone?,42,lost_or_stolen_phone
my phone was left at a hotel and i can't access the app.,42,lost_or_stolen_phone
"hi, i lost my phone yesterday, what can i do to stop someone using my account on it?",42,lost_or_stolen_phone
"i cannot find my phone, what should i do?",42,lost_or_stolen_phone
my phone is missing.,42,lost_or_stolen_phone
do i need my phone to use the app?,42,lost_or_stolen_phone
"left my phone at hotel, cant use app",42,lost_or_stolen_phone
how do i use my card if i lost my phone?,42,lost_or_stolen_phone
hello i have lost my phone and i'm worried someone's going to steal money from me,42,lost_or_stolen_phone
"if i lost my phone, how can i stop someone from accessing my account through the app?",42,lost_or_stolen_phone
"my phone was taken yesterday, is there something that i need to do?",42,lost_or_stolen_phone
i can't use the app. my phone is lost at the hotel.,42,lost_or_stolen_phone
"if i lost my phone at the hotel, can i still use the app?",42,lost_or_stolen_phone
i'm not sure where my phone is. can someone else use the app?,42,lost_or_stolen_phone
"my phone was taken yesterday, what should i do about my account?",42,lost_or_stolen_phone
"my phone is lost i don't want someone to use my account, what can i do?",42,lost_or_stolen_phone
my phone has been stolen.,42,lost_or_stolen_phone
i just replaced my phone but how do i use my card information?,42,lost_or_stolen_phone
what do i do if my smart phone was stolen?,42,lost_or_stolen_phone
how can i stop someone from using my card after i lost it yesterday.,42,lost_or_stolen_phone
do i need to do anything? my phone was stolen yesterday.,42,lost_or_stolen_phone
help! what should i do? my phone was stolen yesterday.,42,lost_or_stolen_phone
i left my phone at the hotel.,42,lost_or_stolen_phone
everything was stolen from me. i can't use the app. please advise.,42,lost_or_stolen_phone
my things were stolen and i need to know if i can still use this app.,42,lost_or_stolen_phone
"lost my phone, what is account security?",42,lost_or_stolen_phone
i lost my phone. what do i do to block someone else from using my account?,42,lost_or_stolen_phone
"phone is at a hotel, can i still use app",42,lost_or_stolen_phone
how long does it take to get a refund on something i bought?,52,request_refund
please tell me how to get a refund for something i bought.,52,request_refund
can i cancel this purchase?,52,request_refund
i want to return an item for a refund can i do that?,52,request_refund
can i request a refund,52,request_refund
"i am not sure how this will work, but i have not received a product i ordered. i want a refund, but should i just cancel the payment?",52,request_refund
where do i go for a refund?,52,request_refund
i'm interested in learning more about product refunds.,52,request_refund
do you offer refunds? i would like to return purchase.,52,request_refund
what's the procedure for canceling a purchase?,52,request_refund
i need to cancel a purchase that i made the other day.,52,request_refund
hello. how do i go about getting a refund of an item i bought ? i want to cancel the payment since i have not received the item yet.,52,request_refund
"i need a refund and cancel a transaction on an item i purchased and i need it as soon as possible, please!",52,request_refund
i bought the wrong size and would like a refund,52,request_refund
i want to know about your refund policy.,52,request_refund
can i cancel an order if i haven't received the item yet? and how can i get my money back? please help. thanks.,52,request_refund
"hey i want to get a refund on something i bought, but not sure how to go about it. can you please just cancel the payment, i have not received the item yet.",52,request_refund
i am quite aggravated that i ordered online almost a month ago and i never got my package and i paid for it. i would really appreciate it if i could get a full refund back now.,52,request_refund
my statement has a charge that shouldn't have been made.,52,request_refund
my product hasn't arrived even though i ordered it a while ago. i want a refund!,52,request_refund
is there a way you can have money from a purchase i made refunded to my account.,52,request_refund
i've changed my mind on an item. how do i get a refund?,52,request_refund
"i decided i no long want something that i ordered, and want a refund. how do i go about doing that?",52,request_refund
how do i get a refund for something i bought?,52,request_refund
i made a purchase recently but i have decided that i'm not buying it and i need to receive my money back. can you please give me a refund asap. it's extremely urgent.,52,request_refund
please help me get a refund?,52,request_refund
what is the refund policy?,52,request_refund
i just bought an item and changed my mind. i have not received it yet how can i get refunded. thank you.,52,request_refund
are refunds allowed for certain items.,52,request_refund
i need to cancel a purchase?,52,request_refund
i have an incorrect charge and would like a refund.,52,request_refund
i want a refund on the things i bought,52,request_refund
i would like my money back for an item i purchased,52,request_refund
please could you give me a refund,52,request_refund
"if i bought something i didn't like, can i get a refund?",52,request_refund
i bought something that i need a refund for.,52,request_refund
i want to cancel a purchase,52,request_refund
am i able to get a refund for something i bought?,52,request_refund
"my order hasn't shown up yet, what can i do?",52,request_refund
my package is taking too long to arrive and i don't want it anymore. can i get a refund?,52,request_refund
i would like to cancel my order.,52,request_refund
i want this fee reversed from my account.,52,request_refund
i want a refund,52,request_refund
i'd like to discuss an order i placed quite a long time ago. i have yet to receive it and am growing upset. i want a refund as i now refuse to pay for the product.,52,request_refund
i ordered something online a while ago and i haven't gotten it. i would like a refund.,52,request_refund
"i received the wrong color and size, can i return it?",52,request_refund
is it possible to get a refund?,52,request_refund
what's your refund policy if i bought an item from you?,52,request_refund
i want to cancel my purchase,52,request_refund
can i get an item refunded?,52,request_refund
please help! i need a refund on a transaction on something i bought and i need the refund right away!,52,request_refund
i purchased this item and would like a refund,52,request_refund
hello i changed my mind and really need a refund on one of things i bought recently. can you please cancel the transaction and get me my money back. pls it's urgent,52,request_refund
how can i get a refund for an item i purchased but has not yet arrived?,52,request_refund
can you please assist on my item that needs to be refunded?,52,request_refund
i didn't enjoy my tutor session and want a refund back. how do i go about doing this?,52,request_refund
i would like to cancel my previous purchase.,52,request_refund
can you please refund my item?,52,request_refund
i made a purchase and would like to get a refund for what i bought can you have the money put back in my account?,52,request_refund
"hey, i ordered a thing but changed my mind and want a refund on it. since i haven't received the thing, would you just go ahead and cancel the payment for me?",52,request_refund
can i have my money refunded for an item,52,request_refund
what do i need to do for a refund?,52,request_refund
i am interested in cancelling a purchase,52,request_refund
"it's been over a month and i still haven't received my goods! i ordered a pencil for crying out loud, it's not that hard to deliver that! i'm done with these people, give me a refund immediately! i'll search for my japanese exclusive pencil elsewhere!",52,request_refund
how do i get my money back for something i bought?,52,request_refund
"hi need your help for getting the refund or cancel the payment of an item, i have ordered but still have not received it.",52,request_refund
"i need your help to get a refund for an item i just bought, can you cancel the payment since what i bought hasn't arrived yet.",52,request_refund
how do i reverse a transaction on my account?,52,request_refund
am i able to get a refund for a purchase?,52,request_refund
i need a refund for something i bought.,52,request_refund
i want a refund for my item,52,request_refund
can i receive a refund for an item i purchased?,52,request_refund
give me a refund,52,request_refund
i want a refund on this.,52,request_refund
is it possible to have an item refunded?,52,request_refund
i made an online purchase and the order has not shown up. give me my money back.,52,request_refund
what is the refund procedure?,52,request_refund
hello i changed my mind and really need a refund on something i bought recently. can you please cancel the transaction and get me my money back. please it's urgent.,52,request_refund
how do i begin the process of a refund?,52,request_refund
i bought something and want the money refunded can i get some help with that?,52,request_refund
what is your refund policy for products i have purchased?,52,request_refund
i would like to receive a refund for something i bought.,52,request_refund
my product was faulty.,52,request_refund
i need a refund. this is not what i wanted.,52,request_refund
i bought something online a week ago and i never got it in the mail.can i just get my money back now i don't want to keep waiting on something that isn't going to show up.,52,request_refund
can i get a refund on an item?,52,request_refund
i think i deserve a refunded on a certain item.,52,request_refund
"i bought a product a week ago, but may need to return it.",52,request_refund
i would like to cancel my purchase.,52,request_refund
"hello, i recently ordered an item and i need help with cancelling and processing a refund as soon as possible. it's very important that i get my refund quickly.",52,request_refund
i would like to cancel a purchase.,52,request_refund
i ordered online weeks ago and i never received my package in the mail and i don't want to wait any more. so if i could get my money back now that would be great.,52,request_refund
can i have the item refunded?,52,request_refund
i did not get the item i ordered. how should i go about this? should i just cancel my order or my payment? please help me.,52,request_refund
it has been forever ago that i made an order online. the product simply is not coming. just give me back my money because i'm not paying these people.,52,request_refund
"i want a refund, but i haven't received the item yet. can i cancel it and get my funds back? how do i do that.",52,request_refund
i'm going to cancel a purchase.,52,request_refund
am i able to return an item for a refund?,52,request_refund
how do i go about getting a refund?,52,request_refund
how can i get a refund for something i just bought?,52,request_refund
do you give refunds?,52,request_refund
tell me how to get a refund for something i bought.,52,request_refund
"i don't want to buy this car anymore, can i cancel the transaction and get a quick refund back?",52,request_refund
"i'd like to get a refund for something i bought, is that possible?",52,request_refund
i changed my mind on something i purchased through you and i need the transaction canceled and a refund as soon as possible. can you help me please?,52,request_refund
is it possible to get a refund for something i purchased?,52,request_refund
i want to get a refund.,52,request_refund
how do i request a refund?,52,request_refund
how do i get my refund back?,52,request_refund
would i be able to refund an item?,52,request_refund
i want my purchases cancelled.,52,request_refund
how can i get a refund for a purchase?,52,request_refund
"i need to refund my item, can you please help?",52,request_refund
how do i get a refund for an item i bought?,52,request_refund
"how can i get my money back on an order. i haven't gotten the item yet, so i want to cancel the order. how?",52,request_refund
do you have a return policy?,52,request_refund
i am unhappy with an item i bought. how do i get a refund?,52,request_refund
i would like to report an issue with my product and want to get it refunded,52,request_refund
"i've been waiting for something that i've ordered for months now and it still hasn't arrived. i genuinely don't know what this company is doing, but put plainly, i've had enough. please issue a refund immediately, i would not like to waste anymore of my time on these people.",52,request_refund
how can i go about getting a refund?,52,request_refund
"the product is not working, can i get a refund?",52,request_refund
my order needs to be canceled.,52,request_refund
"give me back my money, i'm not paying the sellers. it has been a long time ago that i made an order and it just isn't coming.",52,request_refund
"i ordered something, and now i have buyer's remorse. since what i ordered hasn't come yet, can you just cancel the payment since i already know i want a refund for it?",52,request_refund
can i return an item?,52,request_refund
i need my purchase cancelled.,52,request_refund
how do i cancel a purchase?,52,request_refund
i would like it if i could get an item refunded,52,request_refund
i bought an item and now i want a refund.,52,request_refund
i need to cancel a payment. something i purchased a while ago still has not arrived and i'm not going to pay them if they won't send me what i purchased.,52,request_refund
i would like to return my purchases,52,request_refund
what is the refund process?,52,request_refund
can you please help me in canceling my order.,52,request_refund
can you refund my purchase?,52,request_refund
"i just bought an item and would like to stop payment, is this possible? the item has not been received yet.",52,request_refund
"hello, i have recently made a purchase and have decided to cancel my purchase. is there any way that you can cancel that transaction for me so i can get the money back? it's very important.",52,request_refund
i have not received an item i ordered yet so i want to cancel it and get a refund. can you please guide me on how to go about it?,52,request_refund
i bought something and now i want a refund.,52,request_refund
canceling my order is what i need to do right now.,52,request_refund
are purchases returnable for full refund?,52,request_refund
i want to talk about an order that i placed a long time ago and have yet to receive. i demand a refund due to lack of delivery of the product! i refuse to pay for something i never got.,52,request_refund
i need this item refunded,52,request_refund
it's been some time ago that i placed an order and it just isn't coming. at this point just give me back my money because i'm not paying them.,52,request_refund
"hello-can you please help me get a refund from this merchant? i ordered a product and would like to return it. i have been unsuccessful in getting the merchant to return my request for the past several days. i understand it can take up to 45 days to process the dispute and issue a refund, however, if this can be expedited faster it would be very helpful to me.",52,request_refund
i need to have an item refunded.,52,request_refund
i want a refund for an item,52,request_refund
how do i return something for a full refund?,52,request_refund
"i did not receive my purchase, how do i cancel it?",52,request_refund
how does on apply fora refund on an item he ordered? i ordere an item and have not received it yet so i want to cancel it and get a refund,52,request_refund
is it possible to get a refund for the item?,52,request_refund
can you help me process a refund?,52,request_refund
is it possible to refund an item?,52,request_refund
i just bought an item and would like to stop payment can you tell me if the item has been sent yet?,52,request_refund
i haven't received my order and want a refund,52,request_refund
hello i changed my mind and want a refund on one of things i bought recently. can you please cancel the transaction and get me my money back. please it's urgent.,52,request_refund
i would like my refund for this item i bought.,52,request_refund
can i get my money back on an item?,52,request_refund
i would like to retract my purchase.,52,request_refund
i would like to get an item refunded,52,request_refund
"hello, i'd like to inform you of an issue i'm currently experiencing. the goods i have ordered from your website have still not arrived yet; it has been over 3 weeks. i would like to be issued a refund swiftly and be redirected to more competent people. thank you for your assistance.",52,request_refund
what is the return policy?,52,request_refund
i'm cancelling this charge. i still have not received what i bought from these people a while ago.,52,request_refund
can i get a refund?,52,request_refund
can i have a refund for one of your products?,52,request_refund
can i exchange an item for a refund?,52,request_refund
i want to have an item refunded can i do that?,52,request_refund
"can you explain your refund policy, please?",52,request_refund
how do i receive a refund for my item?,52,request_refund
i no longer want this can i cancel my purchase?,52,request_refund
"transfer unable to be completed, states 'declined'",27,declined_transfer
why was my transfer request decline?,27,declined_transfer
my transfer was rejected,27,declined_transfer
i tried to buy something online yesterday and got a message saying declined. i tried again today and got the same message. what's the problem?,27,declined_transfer
"i am having trouble doing a transfer. a ""decline "" message appears after making the transfer.",27,declined_transfer
the bank transfer was declined,27,declined_transfer
"why do you keep declining my transfers? it's been working well so far, but when i just tried to buy something, the card got declined. i tried it a few times, but same thing happened every try.",27,declined_transfer
why was a transfer declined,27,declined_transfer
"while doing a transfer, it says declined.",27,declined_transfer
i have transfered to my account before but it is being declined now?,27,declined_transfer
transfer was declined.,27,declined_transfer
please check and let me know why my transfers are getting declined.,27,declined_transfer
tell me why my transfer is declined.,27,declined_transfer
i see my transfer was declined.,27,declined_transfer
explain to me why a transfer would be declined.,27,declined_transfer
why has my transfer been declined?,27,declined_transfer
why would my transfer be declined?,27,declined_transfer
why did you decline my transfer?,27,declined_transfer
why do you keep declining my transfers? it's always been working really well so far but when i tried to buy something just now the card got declined . i tried couple of times already but same thing is happening .,27,declined_transfer
i have a problem with a transfer. it didn't work. can you tell me why?,27,declined_transfer
transfer declined.,27,declined_transfer
i am trying to make a transfer to a different account but they keep getting declined. i have double checked all the details and the information is correct.,27,declined_transfer
"why did my transfer not work, it says it was declined?",27,declined_transfer
i have no idea why but my transfers keep getting declined. i have double checked all the recipient details several times already and they're definitely correct.,27,declined_transfer
i tried to buy something over the internet yesterday and got a declined error. i tried again today and got the same message. what is the issue?,27,declined_transfer
"i was doing a transfer and received a ""decline"" message.",27,declined_transfer
how do i make my transfer go through,27,declined_transfer
my transfer was not approved,27,declined_transfer
i noticed my transfer was declined.,27,declined_transfer
i tried to buy something online yesterday but it kept saying declined. tried another time today but same thing happened. what's broken?,27,declined_transfer
why would i get a decline message in a transfer?,27,declined_transfer
why was one of my transfers declined?,27,declined_transfer
why am i getting declines when trying to make a purchase online?,27,declined_transfer
i have been trying to make transfers to another account but i keep getting a declined notice. i have checked all of my information more than once and my information is accurate.,27,declined_transfer
"i tried to buy something and it was declined and my transfers keep getting declined, why?",27,declined_transfer
"i have been doing some online shopping, but when checking out, it keeps getting declined. i tried a few times and it wouldn't work. what could be wrong?",27,declined_transfer
"it seems you keep declining my transfers. before, it's always worked very well.just now when i tried to buy something the card was declined. i tried more than once and it was the same thing each time.",27,declined_transfer
i need to make a transfer but it keeps getting declined i need help!,27,declined_transfer
can you tell me why my transfer declined?,27,declined_transfer
"on my transfer there was a ""decline"" message",27,declined_transfer
"hello, my transfers are getting failed continuously, in spite of the fact that all the recipient details are correct. please advise.",27,declined_transfer
"i get a ""decline"" message when doing a transfer",27,declined_transfer
it declined my transfer.,27,declined_transfer
my recent transfer didn't go through - why not?,27,declined_transfer
how do i make sure my transfer isn't goin to an unsupported merchant?,27,declined_transfer
what went wrong with my transfer?,27,declined_transfer
"i'm having issues with my card. you guys keep declining it for some reason. i haven't had any issues up until this point. what is going on? i've tried a handful of times with the same, unfortunate, result!",27,declined_transfer
how can i check for an unsupported merchant for my transfer request?,27,declined_transfer
why are my transfers getting declined?,27,declined_transfer
i couldn't make a transfer because it was declined,27,declined_transfer
shopping on line i was declined when trying to buy something.,27,declined_transfer
how come my transfer got declined,27,declined_transfer
what does the decline message mean,27,declined_transfer
"i can't make any transfers, they won't go through, the details are correct as i checked them. can you look in to this please?",27,declined_transfer
how do i contact customer support about my declined transfer?,27,declined_transfer
"transfer was declined, could not complete request.",27,declined_transfer
it appears my transfer was declined.,27,declined_transfer
"hello. my credit keeps being declined, last night and again today, as i try to buy something. what is the status of my card?",27,declined_transfer
i have a transfer that was declined.,27,declined_transfer
i don't have any idea what's going on but all of my transfers keep getting declined. i have double-checked over all of my recipient names and they are correct.,27,declined_transfer
what would be a reason my transfer got declined?,27,declined_transfer
i was declined a transfer,27,declined_transfer
why did my transfer get declined?,27,declined_transfer
i am unable to transfer money. i believe it is not working because it states it was declined.,27,declined_transfer
i was making a purchase and it was declined and i wanted to know why.,27,declined_transfer
why do transfers get declined?,27,declined_transfer
"hi, during online shopping payment is getting declined yesterday and today as well. please check the issue.",27,declined_transfer
please help me as my online payment is getting declined since yesterday while i am trying to purchase something online.,27,declined_transfer
"it's declining my transfers. normally this works, but my card is being declined now and i've tried more than once.",27,declined_transfer
i tried to transfer but it was declined,27,declined_transfer
seems like my transfer was declined how come?,27,declined_transfer
help me figure out why my transfer was declined,27,declined_transfer
i didn't see any reason why my transfer was declined. what gives?,27,declined_transfer
tell me why my transfer was declined.,27,declined_transfer
i got a message that my transfer was declined.,27,declined_transfer
my transfer was declined. what might the reason be?,27,declined_transfer
i tried to do a transfer but i got a message that it was declined.,27,declined_transfer
"i had everything lined up to make a transfer, and then it rejected it.",27,declined_transfer
why are my transfers and purchases keep getting declined?,27,declined_transfer
how come my transfer declined,27,declined_transfer
"what do i do with my ""decline"" message on a transfer?",27,declined_transfer
i tried to buy something online yesterday and was told declined. i got the same error today after trying again. what is the problem?,27,declined_transfer
why did my payment get declined?,27,declined_transfer
"my transfer was declined, why is that?",27,declined_transfer
i've made more than one attempt to make a purchase and the card keeps getting declined. why do you keep denying my transfers?,27,declined_transfer
"could not complete transfer, states 'declined'",27,declined_transfer
i'm having problems making a transfer to another account. i keep getting a declined message. i know that the information i'm putting in is accurate because i have checked it more than once.,27,declined_transfer
my transfer has been declined.,27,declined_transfer
i wanted to know why my transaction didn't go through.,27,declined_transfer
"unable to complete transfer, states 'declined'",27,declined_transfer
i received a decline message on a transfer,27,declined_transfer
"i wanted to buy something online yesterday, but i could not because the card got declined on the day of and the following day. what is wrong with the card?",27,declined_transfer
why did i get declined transfer,27,declined_transfer
i am sure i have plenty of money to transfer but my transfer is being declined.,27,declined_transfer
why are my transfers being declined? it normally works but now it's declining my card. i've tried it a few times but it's still not working.,27,declined_transfer
is there a reason my transfer would have been declined?,27,declined_transfer
"i received a ""declined"" message when doing a transfer",27,declined_transfer
why did i get declined during a transfer?,27,declined_transfer
it says the transfer wasn't accepted.,27,declined_transfer
i can't seem to figure out why my transfers are getting declined.,27,declined_transfer
i tried to do a transfer and it's saying it declined.,27,declined_transfer
i tried to buy something online yesterday but it kept saying declined. tried again today but same thing happened. what's wrong?,27,declined_transfer
"i'm trying to move money from my account to elsewhere, but it's giving me an error message.",27,declined_transfer
i have tried a couple of times to make a purchase and my card keeps getting declined. why do you keep denying my transfers? i have already tried a couple of times and it's not working.,27,declined_transfer
unsupported transfer declined,27,declined_transfer
why would my transfer result in a decline message?,27,declined_transfer
the transfer that i was trying to complete was declined. what was the cause?,27,declined_transfer
i got declined when attempting a transfer,27,declined_transfer
what are the reasons for a declined transfer?,27,declined_transfer
why would you cancel my transfer?,27,declined_transfer
my transfer was declined. why did this happen?,27,declined_transfer
why does my card continually get declined? i thought i had enough money in there but i've tried several times now and it still isn't working.,27,declined_transfer
"please help me with this transfer, for some reason i can't transfer to a cryptocurency account",27,declined_transfer
transfer could not be completed due to being declined.,27,declined_transfer
i just noticed my transfer was declined and i don't know why. can you help me?,27,declined_transfer
i have been trying to make a transfer and it won't go through. i have checked all the receipts and its all correct but still won't let me do it.,27,declined_transfer
i got a declining message during a transfer? please tell me why,27,declined_transfer
i think there has been a mistake with my transfer,27,declined_transfer
i have double-checked all of my recipient details but for some reason all of my transfers keep getting declined. i have no clue as to why.,27,declined_transfer
why are my transfers getting declined? i havent had a problem in the past.,27,declined_transfer
help me. my transfer was declined. how could this happen?,27,declined_transfer
"i have tried everything to complete a transfer but can't, what should i do next",27,declined_transfer
i don't know what's going on but all of my transfers keep getting declined. i have checked over the recipient details twice. these details are all correct.,27,declined_transfer
"hi, yesterdays i was unable to do online shopping as it was getting declined. today i am facing the same issue. please help me in this respect.",27,declined_transfer
"my transfers keep on getting declined. my card was working fine up until now, however it has suddenly stopped working. why is this?",27,declined_transfer
i went to do a transfer and it was declined.,27,declined_transfer
"why are all my transfers failing? i have the details right and they won't complete. i've been trying all day and they still won't go through, this is urgent, please help.",27,declined_transfer
"declined, transfer not completed.",27,declined_transfer
i saw that my transfer was declined.,27,declined_transfer
"why do you keep declining my transfers? it's always been working really well so far but when i tried to buy something just now the card got declined, i tried couple of times already but same thing is happening.",27,declined_transfer
how can i find a way to transfer money without it being rejected?,27,declined_transfer
i have a problem with my account. i tried to transfer some funds and the message came back declined. can you help me?,27,declined_transfer
please explain why my transfer attempt was declined. thank you.,27,declined_transfer
"i don't see my refund money yet in my account. i asked the merchant a while ago for a refund, so i don't know what's taking so long. can you look into it and see if the money is there, just not in my account yet?",51,Refund_not_showing_up
why am i missing my refund,51,Refund_not_showing_up
please help me. i am still waiting on a refund.,51,Refund_not_showing_up
i requested a refund but am unable to see it in my account. why is that?,51,Refund_not_showing_up
when will my refund come through,51,Refund_not_showing_up
why is my refund not showing up on the statement?,51,Refund_not_showing_up
i need my refund,51,Refund_not_showing_up
why cant you just refund me instead of a merchant,51,Refund_not_showing_up
why haven't i received a refund yet?,51,Refund_not_showing_up
when will i get my refund?,51,Refund_not_showing_up
they said i would get a refund but i don't see it on my statement.,51,Refund_not_showing_up
a refund is taking too long.,51,Refund_not_showing_up
"i requested a refund from a merchant a while ago, and upon repeatedly checking my statement, the merchant has yet to refund me my money. i don't know what's going on, or why the money is getting into my account--could you please help?",51,Refund_not_showing_up
why isn't my refund showing up in my statement?,51,Refund_not_showing_up
i can't see a refund for a return i completed recently.,51,Refund_not_showing_up
how come my refund hasn't appeared on my statement?,51,Refund_not_showing_up
why am i still waiting for my refund,51,Refund_not_showing_up
i keep checking my statements but nothing shows up. i requested a refund a long time ago but seems it's not reaching my account for some reason. would you please help me get the money back from the seller.,51,Refund_not_showing_up
why is my refund not visible on my statement?,51,Refund_not_showing_up
the refund doesn't show in my account,51,Refund_not_showing_up
i have not received a refund.,51,Refund_not_showing_up
where is my recent refund in the my statement?,51,Refund_not_showing_up
i am missing a refund amount on my account.,51,Refund_not_showing_up
i asked for a refund but its not here yet,51,Refund_not_showing_up
i have a missing refund,51,Refund_not_showing_up
i need a refund right away but the funds aren't available in my account,51,Refund_not_showing_up
when will my returned transaction show up on my account?,51,Refund_not_showing_up
there is a refund missing.,51,Refund_not_showing_up
"my refund has not arrived, and i am unsure why. who do i contact?",51,Refund_not_showing_up
i need my refund as soon as possible. what else do i have to do?,51,Refund_not_showing_up
i can't see my refund in my history.,51,Refund_not_showing_up
the refund isn't appearing in my account,51,Refund_not_showing_up
how can i check if i have received a refund if it is not yet on my statement?,51,Refund_not_showing_up
why isn't a refund showing on my statement?,51,Refund_not_showing_up
i can not find my refund.,51,Refund_not_showing_up
"i requested a refund from a merchant several days ago, but don't see anything showing up in my account yet. can you check on your end to see if the money has reached you guys?",51,Refund_not_showing_up
i am waiting on the refund,51,Refund_not_showing_up
how can i investigate a missing refund?,51,Refund_not_showing_up
"hi, last week i have contacted the seller for a refund as directed by you, but i have not received the money yet. please look into this issue with seller and help me in getting the refund.",51,Refund_not_showing_up
i still don't have a refund.,51,Refund_not_showing_up
transaction refund missing from my statement.,51,Refund_not_showing_up
i am suppose to be getting a refund from something i purchased but it hasn't showed up in my account.,51,Refund_not_showing_up
i've been waiting for a refund where is it?,51,Refund_not_showing_up
i was supposed to get a refund but it is not showing up on my card,51,Refund_not_showing_up
i've been waiting for a refund to show up and i don't see it on my statement yet.,51,Refund_not_showing_up
i cannot see a refund in my account,51,Refund_not_showing_up
give me a refund now!! i am still waiting.,51,Refund_not_showing_up
i made a purchase a few weeks ago but wasn't happy with it so recently requested a refund from the supplier. can you check where the money is?,51,Refund_not_showing_up
my refund has not hit my account yet,51,Refund_not_showing_up
why hasn't my refund been appiled to my account?,51,Refund_not_showing_up
my refund has not yet been credited on my statement,51,Refund_not_showing_up
my refund is not showing.,51,Refund_not_showing_up
when do i see my recent refund in my statement,51,Refund_not_showing_up
why isn't my refund shown on my statement?,51,Refund_not_showing_up
"hello. i bought an item a while ago, and have since requested a refund. however, upon checking my online statements, it seems that i haven't been issued a refund yet. how can this be remedied?",51,Refund_not_showing_up
"hurry and refund me, i am waiting",51,Refund_not_showing_up
"i received a refund, however i cannot see it in my account",51,Refund_not_showing_up
i was supposed to get a refund but i do not see it on my statement. when is it going to be updated?,51,Refund_not_showing_up
i did all that was asked of me and i am rather frustrated. i don't understand why you just won't credit me my money back. i have contacted the seller and nothing has been done. it's been a week!,51,Refund_not_showing_up
how will i know when i get my refund?,51,Refund_not_showing_up
"it's been more than a week since i had a return charged to my card, why hasn't it showed up?",51,Refund_not_showing_up
my refund isn't going fast enough.,51,Refund_not_showing_up
my account isn't showing the refund,51,Refund_not_showing_up
i requested a refund from a merchant but don't see the money in my account. are you able to check with the merchant or process the refund manually?,51,Refund_not_showing_up
the refund i asked for isn't showing up,51,Refund_not_showing_up
the refund on my account hasn't shown up,51,Refund_not_showing_up
i'm supposed to have a refund but it isn't there,51,Refund_not_showing_up
my statement has not shown my refund.,51,Refund_not_showing_up
no refund showing in my statement.,51,Refund_not_showing_up
i can't see all the refunds in my statement,51,Refund_not_showing_up
"i'm expecting a large refund from a store i returned merchandise to recently. they say they have sent the money but i don't see it in my account, can you help.",51,Refund_not_showing_up
a while ago i requested a refund from a seller. i keep checking my statement but i have not been refunded yet. i'm confused why i haven't gotten my money back yet but i need your help getting it please.,51,Refund_not_showing_up
please update me on whether you have received the funds for the refund of the large purchase i made recently. i have requested this from the merchant days ago but still haven't got anything.,51,Refund_not_showing_up
i cannot find my refund on my statement.,51,Refund_not_showing_up
"i have received my statement but i do not see my refund, why is that?",51,Refund_not_showing_up
what is taking so long with my refund?,51,Refund_not_showing_up
can you tell me why a refund i'm owed is not showing on my statement?,51,Refund_not_showing_up
i requested a refund directly from the seller but i still don't have it. i just want you to send me my money back. i did what you said to do and i still don't have it.,51,Refund_not_showing_up
when should i receive my refund,51,Refund_not_showing_up
card refund is not showing up in my statement.,51,Refund_not_showing_up
why is my refund missing in my statement?,51,Refund_not_showing_up
please send my refund now.,51,Refund_not_showing_up
"hi! a seller that i requested a refund from a long time ago has yet to send the money into my account, even though i keep checking it. can the seller be contacted by you guys to see what's going on?",51,Refund_not_showing_up
why is the refund not on my statement?,51,Refund_not_showing_up
my refund is still pending,51,Refund_not_showing_up
i requested a refund from next because the dress i purchased had three arm holes. they said they sent the refund last wednesday which is nearly a week ago and i still don't have it. why not?,51,Refund_not_showing_up
where is my refund? it appears to be missing.,51,Refund_not_showing_up
who should i contact if my refund doesn't go through?,51,Refund_not_showing_up
"please, i need your help as to whether or not you have money for a large refunded purchase i made. i requested it some time ago from the seller, but nothing is showing up.",51,Refund_not_showing_up
i requested a refund for a large order the other day and don't think i received the funds. can you tell me if you see them or not?,51,Refund_not_showing_up
why isn't my refund showing up?,51,Refund_not_showing_up
i contacted the seller and he won't respond. please just refund me my money.,51,Refund_not_showing_up
i am still waiting for a refund,51,Refund_not_showing_up
"i requested a refund from a seller a while ago, but when i check my statements it doesn't show up. can you help me get my refund.",51,Refund_not_showing_up
i was supposed to get a refund but i do not see it.,51,Refund_not_showing_up
i contacted a seller about a refund last week but he still hasn't returned my money. i am frustrated and need these funds. please help me get my money back.,51,Refund_not_showing_up
i am noticing that a refund of a large purchase still has not been credited to my account. i contacted the merchant a few days ago and he assured me that he would submit it right away. is there a status update?,51,Refund_not_showing_up
hi i'm waiting for a refund for an item i bought. i have contacted the merchant directly but had nothing back. can you tell me whether or not you are able to refund me for the item?,51,Refund_not_showing_up
"would you please tell me the status of my refund request for a large purchase i made not long ago? i contacted the merchant nearly a week ago, but haven't received it.",51,Refund_not_showing_up
i can't find my refund. please help.,51,Refund_not_showing_up
i requested a refund but can't see it.,51,Refund_not_showing_up
"i keep checking to see if i've received a refund that i requested from a seller, but i'm not seeing the refund. i need you to help me get the refund.",51,Refund_not_showing_up
how does my statement get updated so i know when a refund will reflect on my balance,51,Refund_not_showing_up
can i check my recent refund in my statement?,51,Refund_not_showing_up
"i was suppose to be getting a refund for something i purchased a while ago, but it still hasnt been applied to my account. when will i get my money back?",51,Refund_not_showing_up
my refund has not shown up on my statement.,51,Refund_not_showing_up
what is the status of my refund,51,Refund_not_showing_up
"hello. please, would you tell me if you have or have not received funds for a refund that i recently requested for a big purchase? i've contacted the merchant, but i can't tell that they have taken any action on it.",51,Refund_not_showing_up
did i not get my refund? i don't see it.,51,Refund_not_showing_up
i am still waiting to find out the status of my refund. i have made previous attempts to find out what the status is to no avail. will you please look into this for me?,51,Refund_not_showing_up
i keep checking my statements but nothing shows up! i requested a refund a long time ago but seems it's not reaching my account for some reason. can you please help me get the money back from the seller for me,51,Refund_not_showing_up
i contacted the seller for a direct refund last week but he still hasn't give me my money. what should i do?,51,Refund_not_showing_up
i cannot view the refunded amount in my account.,51,Refund_not_showing_up
why hasn't my refund appeared on my statement?,51,Refund_not_showing_up
my refund is not showing up in my account. where is it?,51,Refund_not_showing_up
my refund has not shown up in my account. where is it?,51,Refund_not_showing_up
when can i expect my refund?,51,Refund_not_showing_up
how long will it take to refund me,51,Refund_not_showing_up
i keep checking my statements but no progress.i requested a refund but seems it's not reaching my account for some reason. can you please help me get the money back from the seller for me,51,Refund_not_showing_up
"can you let me know where my refund money is? i requested a refund a few days back, but it's not showing up yet. do you guys have the money yet? maybe it's just not in my account. let me know when it will become available, please.",51,Refund_not_showing_up
my statement does not reflect that a refund has been issued,51,Refund_not_showing_up
why isn't my refund on my statement?,51,Refund_not_showing_up
when will i be able to see the refund,51,Refund_not_showing_up
my refund isn't showing up on my statement.,51,Refund_not_showing_up
a refund for a recent return has not arrived on my card.,51,Refund_not_showing_up
i am missing my refund.,51,Refund_not_showing_up
i keep checking my statements but nothing shows up.i requested a refund a long time ago but seems like it's not submitting my account for some reason. can you please help me get the money back from the seller for me,51,Refund_not_showing_up
"three months ago i bought a new house for my cat, fluffy. unfortunately fluffy was not a fan of the house and it had to be returned to pet smart last week. they said they have sent a refund but it's not there, can you tell me where it is?",51,Refund_not_showing_up
how do i find the refund on my statement?,51,Refund_not_showing_up
"i need a refund from you because the merchant is refusing, can you do that?",51,Refund_not_showing_up
i returned an item but don't see it on my account?,51,Refund_not_showing_up
"as advised by you, i requested seller to refund my money. a week has passed but i haven't got any update from seller. please track the refund with the seller.",51,Refund_not_showing_up
why isn't my refund showing in my statement?,51,Refund_not_showing_up
"i'm looking at my statement, and my refund is not on there.",51,Refund_not_showing_up
i'm due a refund and it is not on my statement.,51,Refund_not_showing_up
why did i not get my refund yet?,51,Refund_not_showing_up
why hasn't my return cleared my account?,51,Refund_not_showing_up
i was told i would be getting a refund but i have yet to see it,51,Refund_not_showing_up
my refund isn't showing up,51,Refund_not_showing_up
is there a reason my refund isn't showing on my statement?,51,Refund_not_showing_up
are the funds i requested from a merchant a few days ago in my account? i do not see them.,51,Refund_not_showing_up
"i'm supposed to be getting a refund but it hasn't shown up, now what?",51,Refund_not_showing_up
my refund for a purchase hasn't cone through yet.,51,Refund_not_showing_up
how long does it take for a refund to appear?,51,Refund_not_showing_up
i don't see a refund in my account.,51,Refund_not_showing_up
my refund is not here yet,51,Refund_not_showing_up
"i am waiting on this refund, hurry up.",51,Refund_not_showing_up
i returned something to a store but can't see my refund.,51,Refund_not_showing_up
can you tell me if a credit/refund is coming from a seller? i asked for refund directly from them and am still waiting. it's been a week now and i still havn't seen my refund yet.,51,Refund_not_showing_up
why can't i see my refund in my statement?,51,Refund_not_showing_up
where is the refund on my statement?,51,Refund_not_showing_up
i should have a refund in my statement but i can't see it,51,Refund_not_showing_up
i'm expecting a refund but it's no where to be seen,51,Refund_not_showing_up
there is not a refund in my statement.,51,Refund_not_showing_up
"i have checked my statements multiple times, but my refund that i requested a while back is not showing on my account. is there a reason for this? can i get some help getting my money back from this transaction?",51,Refund_not_showing_up
im not sure if a seller is giving me my money back! i asked them to refund my money for the item but it's been a week now and still nothing has been given back to me. can you resolve this for me?,51,Refund_not_showing_up
when will a refund post to my account?,51,Refund_not_showing_up
when will i be able to see my refund?,51,Refund_not_showing_up
"i made a big purchase that i regretted and cancelled, the merchant said that my refund was submitted. can you confirm to me that all of my money was truly returned to me?",51,Refund_not_showing_up
i've been checking my statement to see if i've received a refund i requested from a seller a while ago has arrived. but it has not. this should have come back to me already. can you help me figure out why it's not here and get my money back?,51,Refund_not_showing_up
still waiting on my refund...,51,Refund_not_showing_up
i can't see my refund on my account,51,Refund_not_showing_up
i'm not sure why my card didn't work,25,declined_card_payment
my card is not working at stores.,25,declined_card_payment
do you know why my card payment has been declined?,25,declined_card_payment
why isn't my card working? i was pumped to use my new card but it keeps getting declined. help please.,25,declined_card_payment
i could not use my card in a store.,25,declined_card_payment
if my card payment isn't working what do i do?,25,declined_card_payment
i'm not sure why the card payment didn't work.,25,declined_card_payment
tell me why my card payment has been declined.,25,declined_card_payment
i was just shopping online for some tickets and the payment was declined by you. why has this happened? i am certain i have the right amount of funds in my account.,25,declined_card_payment
i am very upset that i went to use my new card today and it kept getting declined. why is this happening and what do i do to not have it declined?,25,declined_card_payment
what are the reasons why a card payment would be declined?,25,declined_card_payment
the card payment i attempted to make failed.,25,declined_card_payment
why has my card been declined?,25,declined_card_payment
i went to use my new card today and the card was repeatedly declined. i would really like to use this card and need to know what to do about it.,25,declined_card_payment
"i was out today looking forward to paying with my new card, but the payment just kept getting declined. this is really sad, what's going on?",25,declined_card_payment
what is the reason my payment was not accepted?,25,declined_card_payment
"may monthly payment to apple has been declined but i don't know why, they are going to re-try the payment and it must go through, can you tell me what is going on please?",25,declined_card_payment
you have declined my payment.,25,declined_card_payment
can you tell me why my card keeps getting declined every time i try to use it?,25,declined_card_payment
can you tell me why my card is not working? i keep trying to use it but it keeps rejecting my payment. i am being careful and entering the info correctly but it still happens.,25,declined_card_payment
"apparently, i went out today to use my new card and was informed my payment was decline. this is really embarrassing, what happen?",25,declined_card_payment
i need help with my card!!!!! please. it keeps getting declined when i try to use it. i have tried a few times to use it and it keeps getting rejected. i have no idea why.,25,declined_card_payment
how do i check to see why my card payment was declined?,25,declined_card_payment
why was my card declined in a shop?,25,declined_card_payment
the payment for the card did not go through,25,declined_card_payment
my card was rejected,25,declined_card_payment
i use this card all the time so why did it get declined at the store today?,25,declined_card_payment
i couldn't pay with my card,25,declined_card_payment
why are all my card payments being declined?,25,declined_card_payment
i couldn't pay with card in a shop,25,declined_card_payment
why is my payment declined? it looked like everything worked ok and my account was fine.,25,declined_card_payment
my card payment failed.,25,declined_card_payment
"my payment has been declined!! what's going on, i thought everything was alright and working well?",25,declined_card_payment
my latest payment was declined! what happened! i was told everything had been resolved and was back to working order again.,25,declined_card_payment
my card wasn't working in a shop,25,declined_card_payment
i'm sure i have enough money so why didn't the store accept my card?,25,declined_card_payment
why has my payment been declined? i paid by card.,25,declined_card_payment
can you tell me why my card was declined?,25,declined_card_payment
my card didn't go through. it doesn't make sense. you told me that everything was ok.,25,declined_card_payment
please explain why my payment was declined? i thought everything was good.,25,declined_card_payment
"when i use my card, it says decline?",25,declined_card_payment
my card payment didn't work,25,declined_card_payment
"i was just shopping and my payment was declined in a store! it was very embarrassing, what is going on and when will it be fixed?",25,declined_card_payment
why was my card declined?,25,declined_card_payment
i tried to make a purchase in the store but my card was declined.,25,declined_card_payment
my card payment wasn't accepted.,25,declined_card_payment
is there a reason that my payment didnt go through,25,declined_card_payment
my card payment did not go through.,25,declined_card_payment
explain the payment that was declined!,25,declined_card_payment
explain why my card payment wouldn't go through.,25,declined_card_payment
why didn;t my payment work,25,declined_card_payment
my card couldn't pay in a shop.,25,declined_card_payment
my payment card was declined - could you tell me why?,25,declined_card_payment
"hi, is everything in good standing with my card? i am receiving multiple ""decline"" messages.",25,declined_card_payment
why didn't my card payment work?,25,declined_card_payment
my card payment didn't go through.,25,declined_card_payment
how can a payment be declined,25,declined_card_payment
the store card reader would not accept my card.,25,declined_card_payment
why was my payment declined? i keep trying my card but it's not working.,25,declined_card_payment
my card was declined,25,declined_card_payment
my payment was rejected,25,declined_card_payment
i was wondering why my card was declined,25,declined_card_payment
"please help me in this, as i was unable to make any payment by my new card, it was getting declined repeatedly. i am not very happy with this incident.",25,declined_card_payment
why did my card payment not work?,25,declined_card_payment
"my card payment has been declined, do you know why?",25,declined_card_payment
my credit card has been declined.,25,declined_card_payment
why did my card payment get declined?,25,declined_card_payment
why won't you accept my payment? i keep trying with this card and it's not working.,25,declined_card_payment
my card payment is being declined and i've tried several times.,25,declined_card_payment
for some reason my card payment didn't work,25,declined_card_payment
why has my card declined,25,declined_card_payment
a shop i go to didn't let me pay.,25,declined_card_payment
why did my payment fail?,25,declined_card_payment
can you tell me why my card payment did not work?,25,declined_card_payment
my card would not work at a shop.,25,declined_card_payment
i could not get my card to work at a shop.,25,declined_card_payment
my card payment has been declined,25,declined_card_payment
i've tried using my card multiple times and it keeps getting declined.,25,declined_card_payment
my card was refused,25,declined_card_payment
why is it saying my card payment is declined when i made it?,25,declined_card_payment
my card failed to work when i was shopping in a store,25,declined_card_payment
why couldn't i use my card at a store?,25,declined_card_payment
my card did not work at store.,25,declined_card_payment
why does is payment not going through? did my account get frozen or some other issue i don't know about. what can i do to fix this problem?,25,declined_card_payment
why was my new card declined?,25,declined_card_payment
why do you keep declining my payment?i tried several times with this card and it is just not working.,25,declined_card_payment
why do you keep declining my payment? i tried several times already with this card and it is just not working.,25,declined_card_payment
why am i being declined?,25,declined_card_payment
could you explain why my card payment did not work?,25,declined_card_payment
"hi, today i have tried to make payment by my new card, but payment got declined many times. i am very disappointed, please look into this.",25,declined_card_payment
i don't know why my card payment did not work,25,declined_card_payment
"my card was refused, why?",25,declined_card_payment
i don't understand why my payment was declined. i thought everything was ok.,25,declined_card_payment
i tried to pay with my card and it didn't work,25,declined_card_payment
why do you keep declining my payment?i tried several times already with this card and it is just not working.,25,declined_card_payment
the card payment is declined. please inform me why.,25,declined_card_payment
"my card payment has been declined, why?",25,declined_card_payment
why would you decline my card?,25,declined_card_payment
my payment for my card is not working,25,declined_card_payment
why would a card payment be declined?,25,declined_card_payment
i was so embarrassed. why didn't my payment clear?,25,declined_card_payment
it seems like my card payment didn't work.,25,declined_card_payment
"i've tried many times to make a payment, but it's not going through. what's wrong?",25,declined_card_payment
why has my card been declined? whats the deal?,25,declined_card_payment
for some reason my card payment hasn't worked. what can i do to look into that?,25,declined_card_payment
could you please tell me why my card payment didn't work?,25,declined_card_payment
"my payment was rejected, do you know why?",25,declined_card_payment
my card payment doesn't work.,25,declined_card_payment
"i made a card payment, but it has been declined?",25,declined_card_payment
"everything seems fine with my account, so why did it decline my payment?",25,declined_card_payment
"i'm not sure why my payment has been declined? please tell me why, i thought it was all good.",25,declined_card_payment
my payment has been declined several times. can you help me?,25,declined_card_payment
i had a decline on my card. why?,25,declined_card_payment
when i tried to pay in a store my card din't work,25,declined_card_payment
i was just needing to know why my card got declined,25,declined_card_payment
my payment was declined,25,declined_card_payment
why was the payment on my card declined?,25,declined_card_payment
i made a card payment but it didn't work. why not?,25,declined_card_payment
"i was out today looking forward to paying with my brand new card, turns out the payment just kept getting declined. this is pretty sad, what's going on?",25,declined_card_payment
do you know the reason why my card payment was declined?,25,declined_card_payment
what is going on with it saying my card payment was declined?,25,declined_card_payment
"i keep trying to make a payment, but it doesn't work.",25,declined_card_payment
what could the reason be that my payment card was declined?,25,declined_card_payment
my card did not go through in a shop,25,declined_card_payment
is there an issue with my card payment as it has not gone through.,25,declined_card_payment
why wasn't my card payment accepted?,25,declined_card_payment
i keep trying to use my card to buy some things and you keep declining it. why? i've tried multiple times to make it go through but it won't.,25,declined_card_payment
the card payment i made didn't work.,25,declined_card_payment
"i received my new card and tried using it today, just to have it show declined over and over again. why is this happening?",25,declined_card_payment
my card payment won't work.,25,declined_card_payment
my card payment has failed.,25,declined_card_payment
whats the reason for my payment being declined? it looked like everything went through ok and my account was good.,25,declined_card_payment
i just got my new card and tried using it and it was declined?,25,declined_card_payment
"i know there's money in my account, why did my account decline me?",25,declined_card_payment
why are the payments being declined on my new card? i tried several times to use my new card to pay for my gas at the shell station in my neighborhood. i am very distressed about my new card not working.,25,declined_card_payment
why would my card payment not work?,25,declined_card_payment
my card payment wasn't declined,25,declined_card_payment
reason for my card to decline,25,declined_card_payment
why have you declined my card payment?,25,declined_card_payment
my card was not accepted in a shop,25,declined_card_payment
i had a card payment that was declined. why?,25,declined_card_payment
how come my card payment has been declined?,25,declined_card_payment
"i have enough money in my account, so why is my card being declined?",25,declined_card_payment
can you please advise if there is something wrong with my card? i have had multiple rejections and do not know the reason. thanks!,25,declined_card_payment
"card payment was declined, do you know why?",25,declined_card_payment
i've tried several times to make a payment and every time my card is declined? could my card be locked? i don't know what to do.,25,declined_card_payment
"i had a problem with my card payment, can you help?",25,declined_card_payment
i tried to used my card in a shop and the transaction was declined.,25,declined_card_payment
"i was out today looking forward to paying with my new card, turns out the payment kept getting declined. this is really sad, what's going on?",25,declined_card_payment
card payment didn't go through.,25,declined_card_payment
please help to explain to me why my new card was declined when i tried to use it at my grocery store this morning to pay for the items i needed. i tried three times to use it and it kept being declined. i was very embarrassed standing there trying to buy my groceries.,25,declined_card_payment
my card payment was not successful.,25,declined_card_payment
tell me why my card payment was declined.,25,declined_card_payment
"i put in money for vacation and its not showing. i need that money today, how long will it take",48,pending_transfer
i can't figure out why a transfer is still pending?,48,pending_transfer
"transfers can take up to one day to process before departing for the beneficiary accounts. please confirm that you've entered your account details correctly. sepa transfers can take up to two working days, while swift transfers can take up to five working days.",48,pending_transfer
when will my transfer finish pending?,48,pending_transfer
"how long do transfers take, mine just says pending?",48,pending_transfer
how long does it take for a transfer to finish pending?,48,pending_transfer
how long does it take for a money transfer to show up?,48,pending_transfer
why is a transfer i have still pending?,48,pending_transfer
"transfers may show up as pending for up to one day while they are processed by one of our payment processors. then, they will depart for the beneficiary accounts. please also double-check that you have entered the correct account details. sepa transfers can take up to two business days, and swift transfers can take up to five business days.",48,pending_transfer
what's the time frame on eu transfers? i purchased something a couple of days ago but the seller hasn't received my payment.,48,pending_transfer
when will the transaction post to my account?,48,pending_transfer
i sent a transfer and it has been pending for awhile. how long will it stay pending?,48,pending_transfer
"i transferred money to another country several days ago, but my transaction is still pending. i have checked that the accounts are keyed in correctly. what sees to be the problem?",48,pending_transfer
what is the reason a transfer shows as pending?,48,pending_transfer
why is the transfer showing pending?,48,pending_transfer
hi i am trying to transfer money to another country but it is showing pending and it has been a long time. i have checked numbers and they are correct. could you please help?,48,pending_transfer
why does my transfer say it is pending?,48,pending_transfer
what am i supposed to do if the funds haven't show up from a transfer completed this morning?,48,pending_transfer
how long do i have to wait for the transfer to be finalized?,48,pending_transfer
my payment shows that it is pending will i be charged more money?,48,pending_transfer
why is my transfer still pending?,48,pending_transfer
tell me why my transfer is pending.,48,pending_transfer
how long will my transfer be pending for?,48,pending_transfer
"i'm hoping you can answer my question about a pending transfer that i've had for a while now. i know that all of the account details are correct, so why is it taking so long to go through?",48,pending_transfer
how long is a transfer in the pending status?,48,pending_transfer
why is it taking so long for my pending transaction to post as cleared?,48,pending_transfer
"i haven't received my transfer funds yet, where are they?",48,pending_transfer
i'm confused as to why my transfer is still listed as pending on the website.,48,pending_transfer
"how long do eu transfers actually take? i recently bought something online a few days ago, sent the money immediately online but the seller says it's still not there yet.",48,pending_transfer
why is my transfer pending?,48,pending_transfer
i sent payment with eu transfer and they still haven't received it. how long does it take?,48,pending_transfer
i bought something on line a and the seller hasn't received the money i sent could you please tell me how long an eu transfer takes?,48,pending_transfer
how long is the wait for a money transfer to show up?,48,pending_transfer
what is going on? i have checked over and over and the details of my account are right. why is my transfer still pending? it's 2018 not 1818. transfering money to another country can't be that hard.,48,pending_transfer
"as i double checked that i have the correct account details that i submitted , they're right for sure. transfer is still pending so far.",48,pending_transfer
how long until transfers complete?,48,pending_transfer
my money transfer has not yet occurred,48,pending_transfer
my transfer is still pending,48,pending_transfer
will my transfer be done soon?,48,pending_transfer
"how long do you expect me to wait for the transfer? it finally worked out, but has been pending for a long time and it's quite urgent.",48,pending_transfer
"my transfer is quite urgent, and finally worked out, but i've been waiting for it for quite some time. can you tell me how long to expect to wait for it?",48,pending_transfer
my transfer still says pending,48,pending_transfer
"i bought something online a couple days ago, sent the money immediately online but the seller says it's still not there yet. how long do eu transfers actually take?",48,pending_transfer
the transfer was accepted but now it's stuck on pending. when will it go through?,48,pending_transfer
i have not seen any changes in my account balance(s) after making a transfer.,48,pending_transfer
i have an outgoing transaction,48,pending_transfer
"how long does a transfer to another country normally take? i check over and over again and see that my transfer is still pending. it's 2018, nothing should take this long. i have confirmed my account information, so there is no error. what is the hold up?",48,pending_transfer
i have a pending transaction,48,pending_transfer
how long is the wait for a money transfer to post?,48,pending_transfer
my money transfer hasn't appeared yet.,48,pending_transfer
why is my transfer still pending after all this time?,48,pending_transfer
why have i got a pending transfer? i'm confused!!,48,pending_transfer
it seems like a transfer is pending.,48,pending_transfer
how long will my transfer stay pending?,48,pending_transfer
how long will the transfer take?,48,pending_transfer
how long does it take for pending to go through,48,pending_transfer
the transfer went through but now it has been pending for quite a while. i need this to go through already,48,pending_transfer
"i've been waiting for a pending transfer to go through for a while now, and don't see any reason why i've been waiting this long. i know that i have the correct account details, so that isn't the problem.",48,pending_transfer
i am still waiting for a transfer to show up,48,pending_transfer
"my transfer is still pending, why?",48,pending_transfer
"hey i double checked that i have the correct account details already, they're right for sure. transfer is still pending since forever. it's not that difficult to transfer money to another country in 2018 is it?",48,pending_transfer
a transfer is pending.,48,pending_transfer
why isn't my pending transfer finished?,48,pending_transfer
a transfer to my account shows as still pending and i wanted to know how long it is suppose to take to clear.,48,pending_transfer
is my transfer pending?,48,pending_transfer
i did a transfer but its still pending,48,pending_transfer
how come i have pending transfers?,48,pending_transfer
i recently purchased something and the seller says my money has not arrived yet. it was in eu's. how long does this take?,48,pending_transfer
could you please help me figure out why the seller has not received their money after i sent it.,48,pending_transfer
"how long do eu transfers actually take? i bought something online a couple days ago, sent the money immediately online but the seller says it's still not there yet.",48,pending_transfer
"how long do eu transfers take? i bought something online a couple days ago , sent the money immediately online but the seller says it is still not there yet",48,pending_transfer
"i didn't think my country-to-country money transfer would take so long. it still says that it's pending so i re-checked all of the account information--everything seems right, so what's the deal?",48,pending_transfer
my transfer hasn't appeared yet,48,pending_transfer
i transfered and yet it is still pending,48,pending_transfer
my transfer is stuck pending? how do we fix it to it goes through?,48,pending_transfer
what is the reason why the transfer shows as pending?,48,pending_transfer
i am still waiting for a transfer to show,48,pending_transfer
when will my transfer move from pending to confirmed?,48,pending_transfer
how long does a transfer take?,48,pending_transfer
i have a transfer that is still pending.,48,pending_transfer
i have a transfer that is pending.,48,pending_transfer
my transfer has been pending for a long time now. i already double checked my account info and it is correct. why is it taking so long in 2018 to transfer money?,48,pending_transfer
my account says i have a pending transfer.,48,pending_transfer
how long would does it take for a seller to receive an eu transfer if i bought something from them and sent them the money immediately?,48,pending_transfer
money was transferred to me and i am unable to see it,48,pending_transfer
how long does it take for pending transfer transactions to post?,48,pending_transfer
i finished my transfer. i am having an issue with it still pending. it has been a long time and i'm growing impatient,48,pending_transfer
why is there a pending time on my transfer?,48,pending_transfer
why does it show that my transfer is still pending?,48,pending_transfer
can you tell me when my money transfer will go through,48,pending_transfer
how long will my transfer be pending?,48,pending_transfer
how long will a transfer be pending for?,48,pending_transfer
why is a transfer i did recently still processing?,48,pending_transfer
i have a trasnger that is pending and wondered about it.,48,pending_transfer
i wanted to know why there is a transfer of mine pending.,48,pending_transfer
"i'm waiting for a money transfer to show, still.",48,pending_transfer
i am still waiting for a money transfer to appear.,48,pending_transfer
there has been a transfer pending in my account and i wanted to know how long it is going to take to go through.,48,pending_transfer
what is the average pending time for a transaction?,48,pending_transfer
can you explain why my payment is still pending?,48,pending_transfer
i did a transfer but it is still pending.,48,pending_transfer
why is the transfer still pending? can i do something?,48,pending_transfer
i am having to wait for my transfer to be fully processed. it seems to be taking a very long time in the pending phase. what is the normal turn around time that i can expect to see it completed?,48,pending_transfer
when will my transfer clear,48,pending_transfer
"the transfer finally worked, but how long does it stay pending?",48,pending_transfer
"how long do eu transfers take? i bought something online a couple of days ago , sent the money immediately online but the seller says it is still not there yet.",48,pending_transfer
why does my transfer still say it is pending?,48,pending_transfer
my money transfer has not happened yet,48,pending_transfer
i don't see a money transfer yet,48,pending_transfer
i have a transfer waiting.,48,pending_transfer
how long will it take for my transfer to stop pending,48,pending_transfer
"i double checked that i have the correct account details already, they're right for sure. transfer is still pending since forever. it should not have been done so.",48,pending_transfer
how long do i wait for a transfer to take?,48,pending_transfer
"hello. how long does it usually take to transfer money to another country? i've made sure all the information is correct, but the transfer still says that it's ""pending.""",48,pending_transfer
why is my last transfer pending?,48,pending_transfer
i have an outgoing transfer,48,pending_transfer
"transfers may show up as pending for up to one business day while they are processed, and then they'll depart for the beneficiary accounts. please confirm that you have correctly entered your account details. sepa transfers typically take up to two working days, while swift transfers can take up to five working days.",48,pending_transfer
"how long does eu transfer take? i bought something online a couple days ago , sent the money immediately online but the seller says it is still not there yet",48,pending_transfer
my transfer's stuck on pending.,48,pending_transfer
"hello, i went ahead and checked my account details to be sure, and they are definitely correct. i've had a transfer pending for a while, and i can't understand why it hasn't gone through yet.",48,pending_transfer
"so, my transfer is showing as pending, when will it actually go through?",48,pending_transfer
why is the transaction not posting?,48,pending_transfer
i made a transfer recently but it has not changed on my dashboard.,48,pending_transfer
when will my transfer move out of pending stage?,48,pending_transfer
why is my transfer stuck on pending?,48,pending_transfer
there is a transfer pending.,48,pending_transfer
the wait for this transfer seems to be taking a very long time. it is very important that it goes through quickly. can you please tell me how long it may take?,48,pending_transfer
how much longer do i have to wait until my transaction is complete? i transferred money to another country many hours ago and the transaction is still pending.,48,pending_transfer
"why is my transfer appearing as ""pending""?",48,pending_transfer
do eu transfers happen quickly? i purchased something a few days ago and the seller hasn't received my money yet.,48,pending_transfer
"it seems like i have been waiting forever for this international transfer. why is it taking so long? c'mon, it's 2018, things happen at a click of a button. all of the account information is correct, so how long will this take?",48,pending_transfer
"hi, i'm trying to transfer money from one country to another, but it's taking a long time! all the account information is right, so why is it taking so long?",48,pending_transfer
why is my transfer pending when i already made it?,48,pending_transfer
i have a pending money transfer,48,pending_transfer
"what does it mean when a transfer is ""pending""?",48,pending_transfer
for what reason is my transfer still pending now?,48,pending_transfer
the seller of the items i bought online the other day hasn't received the eu transfer yet. how long do these usually take?,48,pending_transfer
"my transfer is pending, why?",48,pending_transfer
can you tell me why my transfer is pending still?,48,pending_transfer
i am still waiting for a money transfer to process.,48,pending_transfer
i have a transfer that was approved that i'm urgently waiting for. how long am i supposed to wait for it?,48,pending_transfer
"how long does the ""pending"" period of a transfer take?",48,pending_transfer
"my transfer went through, but it seems to be caught up in a pending status. this was very important that it got done quickly, can you give me a status update on how long it will take?",48,pending_transfer
my transfer says pending. what does that mean?,48,pending_transfer
can you tell me when the transfer will be completed?,48,pending_transfer
i need to know why a money transfer is available.,48,pending_transfer
i'm still waiting for a money transfer to show.,48,pending_transfer
"pending still shows on this transfer, why?",48,pending_transfer
how do i deactivate my account?,55,terminate_account
remove my account immediately.,55,terminate_account
are you able to delete my account?,55,terminate_account
how do i discontinue my account?,55,terminate_account
please delete account,55,terminate_account
i need you to delete my account now.,55,terminate_account
"i would like to delete my account now, please.",55,terminate_account
i would like to invalidate my account. i am very disappointed with your services.,55,terminate_account
i need to delete my account.,55,terminate_account
can you delete the account?,55,terminate_account
"for god sake, just delete my account i am sick of this",55,terminate_account
"i need to delete my account, please.",55,terminate_account
unhappy with service need to delete account,55,terminate_account
"this company is bad, delete my account now.",55,terminate_account
how do i shut down my account and get out of this company?,55,terminate_account
how do i close my account?,55,terminate_account
i want to shut down my account as soon as possible.,55,terminate_account
cancel my account,55,terminate_account
help me close my account.,55,terminate_account
i want to close my account due to poor customer service.,55,terminate_account
"i would like to close my account, as i'm not happy.",55,terminate_account
what's the process for terminating an account?,55,terminate_account
what steps do i need to do to delete my account?,55,terminate_account
how do i delete my account now,55,terminate_account
i want to cancel my account.,55,terminate_account
"i want to get rid of the account, and delete personal information .",55,terminate_account
if im not using my account should i close it or just let it sit,55,terminate_account
i'm not satisfied with the services and no longer want to be a customer,55,terminate_account
i am not satisfied with your company and wish to delete all accounts immediately.,55,terminate_account
i want to delete my account.,55,terminate_account
i am not happy with your company. please delete my account asap.,55,terminate_account
"how can i close my account, i don't want it.",55,terminate_account
i am upset with your service. please delete my account.,55,terminate_account
i would like to cancel my account.,55,terminate_account
"i don't like the services, please close my account",55,terminate_account
i'd like to delete my account.,55,terminate_account
i want to stop my account,55,terminate_account
please delete my account immediately.,55,terminate_account
how do i delete my account? i am dissatisfied with the service.,55,terminate_account
this place has been too much work so i'd just like to close out my account & be done.,55,terminate_account
do i have to talk to someone to close an account or can i in the app,55,terminate_account
i want to close my account now.,55,terminate_account
"your company is awful, i would like to delete my account please",55,terminate_account
i hate this company! can you delete my account?,55,terminate_account
i am asking to end my account.,55,terminate_account
i want to delete my account. how do i do this?,55,terminate_account
i am not happy with your service and request that my account be terminated!,55,terminate_account
i want to terminate my account,55,terminate_account
how can i delete my account?,55,terminate_account
i want to end my account,55,terminate_account
delete my account now please.,55,terminate_account
help me terminate and close my account.,55,terminate_account
your company is lame. shut down all my account services right now.,55,terminate_account
i am not satisfied with your company. close my account.,55,terminate_account
how do i terminate my account.,55,terminate_account
how to i close my account?,55,terminate_account
i need to terminate my account.,55,terminate_account
i'm not happy with the services i'm getting with this company. can you please delete my account?,55,terminate_account
i want to close my account. the service you provide is unsatisfactory to me.,55,terminate_account
delete all of my account information and my account right now.,55,terminate_account
i want to close my account & i will never do business with you again.,55,terminate_account
what are the steps to finishing up with this account?,55,terminate_account
help me delete my account. i am not satisfied with the service.,55,terminate_account
can you close my account please?,55,terminate_account
what do i do to close my account?,55,terminate_account
i need to terminate my account immediately.,55,terminate_account
how can i close my account?,55,terminate_account
"i don't want this account anymore, how do i delete it?",55,terminate_account
please delete this account.,55,terminate_account
i want to inactivate my account.,55,terminate_account
i no longer want to keep this account.,55,terminate_account
i am trying to delete my account.,55,terminate_account
where do i go to terminate my account?,55,terminate_account
i'm not happy with service and would like to delete this account.,55,terminate_account
please delete my account now.,55,terminate_account
i would like to terminate my account.,55,terminate_account
how do i cancel my account,55,terminate_account
"how to delete account, not happy",55,terminate_account
"how do i close my account, since i'm dissatisfied?",55,terminate_account
make my account go away,55,terminate_account
please help me delete this account.,55,terminate_account
i would like to delete my account. i'm not happy with the service you're providing,55,terminate_account
terminate my account please,55,terminate_account
your service is bad. close my account.,55,terminate_account
i'm dissatisfied with the service and would like to terminate the account.,55,terminate_account
i am looking to delete my account. i'm not happy with the service provided by you.,55,terminate_account
i wish to remove my account.,55,terminate_account
close down my account. i don't like your service.,55,terminate_account
i am very dissatisfied with the services that you are providing. i want to cancel my account.,55,terminate_account
i need you to delete my account right now.,55,terminate_account
i want to deactivate my account.,55,terminate_account
"this is terrible, i want to delete my account",55,terminate_account
i'd like my account to be deleted. i'm not satisfied with the service you provide.,55,terminate_account
is it possible to delete the account?,55,terminate_account
i need to close my account. your company is terrible!,55,terminate_account
tell me how to delete my account.,55,terminate_account
please delete my account and personal information.,55,terminate_account
"i'm not happy, i want to close my account.",55,terminate_account
delete my account please. now!,55,terminate_account
"the service here is horrible, i want to delete my account.",55,terminate_account
how do i delete an account?,55,terminate_account
can you please disable my current account.,55,terminate_account
"the company is no good, please terminate my account.",55,terminate_account
"i am dissatisfied, i would like to close my account.",55,terminate_account
i'm not satisfied with the services that you are providing. i would like to end my services and delete my account.,55,terminate_account
i need to close my account as soon as possible.,55,terminate_account
i am not satisfied with your service. close my account.,55,terminate_account
"i no longer want this account, what should i do?",55,terminate_account
what do i do if the atm took my card?,18,card_swallowed
what do i do now my credit card has been swallowed by the atm?,18,card_swallowed
an atm machine didn't give me back my card.,18,card_swallowed
"my card got trapped inside an atm, what should i do?",18,card_swallowed
what do i do if i can't get my card out of the atm?,18,card_swallowed
my card got stuck in an atm.,18,card_swallowed
your machine took my card. how do i get it back?,18,card_swallowed
"i can't get my card out of the atm, what should i do now?",18,card_swallowed
my card is stuck in the atm?,18,card_swallowed
i didn't get my card back from the atm.,18,card_swallowed
"the atm at metro bank on high st. kensington didn't return my card, and the bank is now closed. how do i get back a card swallowed by an atm?",18,card_swallowed
i need a new card because the atm took mine.,18,card_swallowed
the atm stole my card!,18,card_swallowed
how can i get my card out of the stupid atm that ate it?,18,card_swallowed
the atm took my card.,18,card_swallowed
the atm won't give me my card back. i need it back now!,18,card_swallowed
how do i get my card back quickly from a bank machine that it?,18,card_swallowed
the atm sucked my card in.,18,card_swallowed
the atm did not give me my card back?,18,card_swallowed
i was getting cash and the card got stuck inside,18,card_swallowed
what should i do since my card is trapped in the atm?,18,card_swallowed
what do i need to do if the atm kept my card?,18,card_swallowed
the atm machine would not give my card back,18,card_swallowed
i can't get my card out of the atm,18,card_swallowed
why did the atm take my card and keep it?,18,card_swallowed
what are the steps to get my card back that was kept by the atm?,18,card_swallowed
how do i get my card out of the atm?,18,card_swallowed
why did the atm eat my card?,18,card_swallowed
please send a new card; the atm ate mine.,18,card_swallowed
the atm didnt return my card!,18,card_swallowed
i was removing a dollar amount from my account and now don't have access to my card.,18,card_swallowed
a bank atm did not give my card back. what do i do now?,18,card_swallowed
why did the atm swallow my card?,18,card_swallowed
lost my card in atm,18,card_swallowed
i cannot get my card out of the atm.,18,card_swallowed
an atm machine didn't return my card.,18,card_swallowed
my card is stuck inside the atm.,18,card_swallowed
the bank machine didn't give my card back how do i get a new one fast?,18,card_swallowed
what should i do if the atm eats my card?,18,card_swallowed
what do i do? the atm took my card!,18,card_swallowed
the atm kept my card?,18,card_swallowed
who do i talk to about the atm swallowing my card?,18,card_swallowed
an atm swallowed my credit card!,18,card_swallowed
what do i do if the atm swallowed my card?,18,card_swallowed
"please help, the atm swallowed my card, what do i do?",18,card_swallowed
i have lost my credit card in the atm!,18,card_swallowed
how can the money machine keep my card what do i need to do?,18,card_swallowed
how do i get a new card as your machine swallowed mine!,18,card_swallowed
the atm machine ate my card.,18,card_swallowed
how to get new card after atm eats it,18,card_swallowed
my card was eaten by the cash machine what do i do?,18,card_swallowed
what do i do after the atm takes my card.,18,card_swallowed
how can i get my card out of the atm?,18,card_swallowed
will you please help me get my card back?,18,card_swallowed
the atm ate my card; how do i get a new one?,18,card_swallowed
how do i get my card back after the atm swallowed it.,18,card_swallowed
"my card is stuck in an atm machine, how do i get it back quickly?",18,card_swallowed
atm ate my card,18,card_swallowed
what are the steps i should take to recover my swallowed card?,18,card_swallowed
"my card is stuck inside the atm, what am i supposed to do?",18,card_swallowed
what should i do with my stuck atm?,18,card_swallowed
a transaction shows duplicate times.,63,transaction_charged_twice
there is a repeat charge for the same item,63,transaction_charged_twice
how can i fix this? there is a double charge on my account.,63,transaction_charged_twice
my card got charged twice for the same thing!,63,transaction_charged_twice
"my husband and i went out for our weekly ""dinner and a movie,"" and it was my turn to pick up the check. now i see that my card was charged twice. who should i contact about negating the second charge and getting my card credited?",63,transaction_charged_twice
how do i query a payment on my card? it looks like i have paid for the same thing twice.,63,transaction_charged_twice
i have duplicated transactions on my statement,63,transaction_charged_twice
"i only made one transaction at this place, but it's appearing multiple times.",63,transaction_charged_twice
"one of my charges was declined, but the second one went through. but i notice on my app that one of them has gone through, and the other one is still pending. please ensure that only one charge is processed. thanks",63,transaction_charged_twice
what do i do if i've been charged twice for the same transaction?,63,transaction_charged_twice
"i think i was charged twice, please help!",63,transaction_charged_twice
i think there is a mistake. i am being charged twice.,63,transaction_charged_twice
"my transaction history is looking a little off. i have been charged twice for multiple different purchases, and would like to have those duplicate charges refunded.",63,transaction_charged_twice
i was charged for the same thing twice,63,transaction_charged_twice
my account was charged twice for one purchase,63,transaction_charged_twice
"i was charged twice for a restaurant, can you take the second charge off?",63,transaction_charged_twice
i have a transaction that shows multiple times.,63,transaction_charged_twice
what happens when i am charged twice?,63,transaction_charged_twice
i have been charged twice for the same transaction.,63,transaction_charged_twice
how do i get my money back for a duplicated charge?,63,transaction_charged_twice
i have a duplicate payment on my card.,63,transaction_charged_twice
several items i have charged this week are appearing twice. please review my statement and remove any duplicate charges.,63,transaction_charged_twice
i have a transaction showing multiple times.,63,transaction_charged_twice
"hi, i just looked at my card transactions and saw that i've been charged twice for a restaurant i went to this week. can you remove the double charge, please?",63,transaction_charged_twice
i have been double charged,63,transaction_charged_twice
i was double charged at a restaurant can you take the second charge off?,63,transaction_charged_twice
i have a duplicate charge,63,transaction_charged_twice
i got charged two times for a transaction,63,transaction_charged_twice
what happens with the duplicate charge in my account?,63,transaction_charged_twice
why have i been charged twice?,63,transaction_charged_twice
i have two of the same charges on my account!,63,transaction_charged_twice
why am i being charged for the same thing twice?,63,transaction_charged_twice
who do i talk to for transactions debited twice?,63,transaction_charged_twice
there is a duplicate charge on my account.,63,transaction_charged_twice
i have been charged twice this week for a couple of things on my card. can you please check this out for me and return the double charged items back?,63,transaction_charged_twice
i got charged twice for the same payment. please removed the pending payment. thank you.,63,transaction_charged_twice
i think i got charged twice for the same thing,63,transaction_charged_twice
it looks like i was charged twice for a single transaction,63,transaction_charged_twice
"i had a duplicate card and bought something and it showed up twice. i canceled my card, how do i get my money back?",63,transaction_charged_twice
there is a transaction showing up several times.,63,transaction_charged_twice
transaction showing up many times.,63,transaction_charged_twice
"looks like my card payment was made twice by mistake. i went to pay at the store earlier which rejected once, second time it worked. app is on pending for one of the payments. can you please remove one of them as it's wrong and clearly was declined?",63,transaction_charged_twice
please tell me why the same transaction is showing up on my account more than once.,63,transaction_charged_twice
i have duplicate charges for the same transaction,63,transaction_charged_twice
i got double charged!,63,transaction_charged_twice
"looks like my card payment was duplicated after all. i went to pay at the store earlier, got declined once, second time it works. app still stays pending for one of the payments. can you please remove one of them as it's wrong and clearly was declined?",63,transaction_charged_twice
there are two of the same charges on my account.,63,transaction_charged_twice
"hello, i just checked my card transactions and saw that i was charged twice for a restaurant visit i did earlier this week. is it possible to remove one of them and get my false paid money pack?",63,transaction_charged_twice
"i'm really concerned because i only made one transaction, but it's appearing multiple times.",63,transaction_charged_twice
"hello, i am a college student who i recently attended my high school reunion at a local restaurant. i paid with my credit card and now my transaction history reflects a second charge of the seemingly same payment. what could be the reason for this? is there any way to have the fraudulent payment credited back onto my card?",63,transaction_charged_twice
i was charged twice for an in-store purchase that i thought was declined. my app says that it's still pending for one of the payments. please make sure one of the charges is removed.,63,transaction_charged_twice
"good day, in reviewing my credit card activity over the last several days, i see a repeated charge for a restaurant that i went to. the charge was put through twice, so i would like one of the charges corrected and the amount that was withdrawn to be reinstated please.",63,transaction_charged_twice
why do i have duplicate transactions for one purchase?,63,transaction_charged_twice
i have a payment that shows twice,63,transaction_charged_twice
i have been overcharged.,63,transaction_charged_twice
i have noticed that my account was double charged for a couple of items this week. please review and refund the double charged items back.,63,transaction_charged_twice
why was i double charged?,63,transaction_charged_twice
there's a duplicate charge on my account?,63,transaction_charged_twice
why does the same transaction appear multiple times?,63,transaction_charged_twice
why did i get charged twice for the same thing,63,transaction_charged_twice
i have been charged two times for one transaction.,63,transaction_charged_twice
duplicate transactions appear on my account,63,transaction_charged_twice
i made a payment and it is showing up twice,63,transaction_charged_twice
i was charged several times for something,63,transaction_charged_twice
my card is showing the same transaction over and over again.,63,transaction_charged_twice
a transaction is showing more than once.,63,transaction_charged_twice
i was charged multiple times at the same location at the same time,63,transaction_charged_twice
hello. i checked my transactions and saw i was double charged for a restaurant visit. can i get my money back?,63,transaction_charged_twice
"hi, i was at a restaurant later the week and when i went to look at my account i noticed that i got charged twice. i would like to get my money back from one of those transactions.",63,transaction_charged_twice
i was charged twice.,63,transaction_charged_twice
i was charged twice for the same purchase!,63,transaction_charged_twice
i was charged multiple times for one transaction.,63,transaction_charged_twice
i got charged twice with a duplicate card. how do i resolve this?,63,transaction_charged_twice
i was charged more than once for a card payment i made.,63,transaction_charged_twice
there were two of the same charge to my account,63,transaction_charged_twice
i was charged more than once in a single transaction,63,transaction_charged_twice
you charged me more than once for the same transaction!,63,transaction_charged_twice
why do i have a transaction showing up more than once?,63,transaction_charged_twice
why was i charged twice for my item!,63,transaction_charged_twice
my account is showing a double charge.,63,transaction_charged_twice
why did my card get charged twice for a transaction?,63,transaction_charged_twice
why am i being charged again?,63,transaction_charged_twice
"i was charged twice, when i didn't purchase anything twice.",63,transaction_charged_twice
one of my payments was doubled,63,transaction_charged_twice
i think i was double charged,63,transaction_charged_twice
"i should only have one charge, but it shows two.",63,transaction_charged_twice
"my account shows i have been charged twice for the same meal. how do i get the second payment voided and returned to me? i do not eat out much and my family is living paycheck to paycheck, mostly. i cannot afford to spend more money than necessary, as is, so i must see to it that the cost be promptly credited back onto my card.",63,transaction_charged_twice
what do i do if i have been charged twice?,63,transaction_charged_twice
i was charged two times for the same thing.,63,transaction_charged_twice
"hi, i was looking over my card receipts for the past week and i realize i had a charge put through two times for the same single restaurant visit. can one of the charges be removed so that i can get the money back that was mistakenly taken from my account?",63,transaction_charged_twice
can you help me? i have a duplicate transaction on my account and i don't understand why.,63,transaction_charged_twice
why does a payment show up twice?,63,transaction_charged_twice
there is the same transaction showing more than once.,63,transaction_charged_twice
why am i being double charged for something?,63,transaction_charged_twice
i see a duplicate payment.,63,transaction_charged_twice
will the duplicated payment be refunded?,63,transaction_charged_twice
i have been charged twice on my statement.,63,transaction_charged_twice
i am concerned that i am being doubled charged for several items purchased in the past week. please review my statement and correct.,63,transaction_charged_twice
"i went to the store and tried to make a purchase. the first time, it was declined, but the second one went through. but my app shows me that i've already been charged once and the second charge is still pending. can you make sure that i'm not charged twice?",63,transaction_charged_twice
why was i charged twice?,63,transaction_charged_twice
i was charged multiple times for one purchase,63,transaction_charged_twice
why have i been charged more than once for the same transaction?,63,transaction_charged_twice
"hi, i was just checking over my card transactions and notice i was charged twice for a restaurant visit this week. can you please remove one of these false charges from my account?",63,transaction_charged_twice
please delete the duplicate payment that was made to my account. one payment is still pending and i do not want to pay twice.,63,transaction_charged_twice
a payment is showing twice. why is that?,63,transaction_charged_twice
"hello, i was just went through my recent transaction on my bank account and i just noticed that i was charged twice at a place that ate at this past week. can i get that second transaction removed from my account?",63,transaction_charged_twice
i received duplicate charges.,63,transaction_charged_twice
why am i getting double charged for multiple transactions?,63,transaction_charged_twice
after taking over my card transactions i noticed that was charged twice for a restaurant purchased from earlier this week. can you please remove one of these transactions from my account since it is not accurate?,63,transaction_charged_twice
i made a payment and it appears it is showing twice,63,transaction_charged_twice
"looks like my card payment was duplicated after all. i went to pay at the store earlier, got declined once,second time it works. app still stays pending for one of the payments. can you remove one of them as it's wrong and clearly was declined?",63,transaction_charged_twice
i noticed that my card was charged more than once for one thing.,63,transaction_charged_twice
"i got double charged from something, what can i do?",63,transaction_charged_twice
"hi, i checked my transactions and saw that i was charged twice during a restaurant visit. i would like to get my money back.",63,transaction_charged_twice
why did i get charged more than once?,63,transaction_charged_twice
why do i have a transaction showing multiple times?,63,transaction_charged_twice
"help, i was charged twice!",63,transaction_charged_twice
hi. please can you help me fix a double charge on my card? i'm looking at my transactions and this restaurant i went to earlier in the week has charged me twice! please remove the additional charge for me.,63,transaction_charged_twice
there is a duplicate payment on my card. why?,63,transaction_charged_twice
to many charges on my card how do i go about fixing that?,63,transaction_charged_twice
there are two of the same charge on my statement.,63,transaction_charged_twice
my statement shows different transaction times.,63,transaction_charged_twice
i have a transaction showing up multiple times.,63,transaction_charged_twice
my card is showing multiple charges for the same items on my recent statement. i was wondering what actions of needed to take to fix this issue,63,transaction_charged_twice
my card was declined but it shows as multiple charges?,63,transaction_charged_twice
it appears as though my card payment was duplicated. i paid at the store earlier today. the first time it was declined and the second time it worked. the app is still showing one of the payments to be pending. please take one of these off because clearly the first was declined and is not correct.,63,transaction_charged_twice
what do i do if a transaction shows up twice?,63,transaction_charged_twice
hi. i noticed i have a duplicate charge which i have not made twice. who should i talk to take care of this?,63,transaction_charged_twice
there is a payment that i was charged two times for.,63,transaction_charged_twice
i got charged in double and want a refund,63,transaction_charged_twice
i have multiple of the same transaction,63,transaction_charged_twice
there is more than one charge on my account for a transaction.,63,transaction_charged_twice
i need a transaction reversed from my account.,63,transaction_charged_twice
"it seems my card payment was completed twice. i paid at the store previously and the first one did not seem to go through. after a second attempt, it did go through. i now see within the app that i have been charged twice with one of them pending. can you please remove the pending amount because it is clearly something that was declined?",63,transaction_charged_twice
i have been charged for one thing two times.,63,transaction_charged_twice
how come there is a duplicate charge on my card?,63,transaction_charged_twice
why was i charged twice for the same thing?,63,transaction_charged_twice
i have a duplicate payment on my account,63,transaction_charged_twice
why does my statement show various transaction times?,63,transaction_charged_twice
why are there multiple transactions showing for one purchase?,63,transaction_charged_twice
i was double-charged for a transaction,63,transaction_charged_twice
why do i have two charges it should only be one charge?,63,transaction_charged_twice
my bill shows the same charge more than once,63,transaction_charged_twice
"i went for a meal in seattle and paid the bill but i think they charged me twice, the first time they swiped the card i got a notification to say the money had gone out the account but then i added a tip and i think they swiped it all again. can you refund one of the charges?",63,transaction_charged_twice
a transaction posted twice to my account.,63,transaction_charged_twice
i noticed a duplicate charge on my statement.,63,transaction_charged_twice
"hey there, i just went through my most recent credit card payments and i notice the same charge for a restaurant was processed twice. there was only one meal at this place, so i would like one of the charges to be reversed and my money to be put back in the account.",63,transaction_charged_twice
i was charged twice for the same thing.,63,transaction_charged_twice
is there a reason to why i was charged twice for a transaction?,63,transaction_charged_twice
there are duplicate transactions on my account,63,transaction_charged_twice
my transaction is showing several times.,63,transaction_charged_twice
"looks like my card payment was made two time by mistake. i went to pay at the store earlier which rejected once, second time it worked. app is on pending for one of the payments. can you please remove one of them as it's wrong and clearly was declined?",63,transaction_charged_twice
"in reviewing my statement, i show i have two charges for the same purchase at the same time, which i have not made in duplicate? how do i get this solved?",63,transaction_charged_twice
"looks like my card payment was made twice by mistake. i paid at the store earlier which rejected once, second time it worked. app stays at pending for one of the payments. can you please remove one of them as it's wrong and clearly was declined?",63,transaction_charged_twice
"looks like my card payment was duplicated after all. i went to pay at the store earlier, got declined once,second time it works. app still stays pending for one of the payments. can you please remove one of them as it's wrong and was declined?",63,transaction_charged_twice
i was charged twice for a few things this week when i only bought one. what do i do?,63,transaction_charged_twice
"i have been double charged for a couple of things this week, and would appreciate a refund for the duplicate charges.",63,transaction_charged_twice
how do a reverse a duplicated charge?,63,transaction_charged_twice
the first payment i attempted for my card at the store earlier did not process so i had to make a second attempt. the second time it worked. it now appears i was charged twice. after looking at the app i see a pending charge. please remove the pending amount because it is clearly not accurate and was declined.,63,transaction_charged_twice
i've got a repeated tranasaction on my card.,63,transaction_charged_twice
i got charged twice,63,transaction_charged_twice
i have a transaction showing up more than once.,63,transaction_charged_twice
can you explain the various transaction times shown on my statement?,63,transaction_charged_twice
i was charged too many times for one transaction.,63,transaction_charged_twice
who should i talk to or go to resolve a duplicate charge on my statement?,63,transaction_charged_twice
why was i charged twice for the same transaction?,63,transaction_charged_twice
looking at my statement i see that i was double charged for a payment i made.,63,transaction_charged_twice
i have been charged twice for the same thing!,63,transaction_charged_twice
i think i was charged double for something i bought - how long should i wait before reporting this?,63,transaction_charged_twice
why is there a payment showing twice?,63,transaction_charged_twice
a duplicated payment was made for something.,63,transaction_charged_twice
why is there are there two of the same transaction?,63,transaction_charged_twice
my account seems a bit off and getting weird charges.,63,transaction_charged_twice
i have have multiple charges for one transaction.,63,transaction_charged_twice
hello. i just noticed i was charged two times for a restaurant i visited this week. can you reverse the additional charge?,63,transaction_charged_twice
where exactly does money come from,70,verify_source_of_funds
where did my money come from?,70,verify_source_of_funds
can i check to see where the funds came from?,70,verify_source_of_funds
what are the sources for the funds in my account?,70,verify_source_of_funds
need to know where money comes from,70,verify_source_of_funds
show me how to look at the source of my current funds?,70,verify_source_of_funds
can i trace where my funds came from?,70,verify_source_of_funds
i have to verify my source of funds.,70,verify_source_of_funds
who can put money in my account?,70,verify_source_of_funds
can i see where my money came from?,70,verify_source_of_funds
my source of funds need verification.,70,verify_source_of_funds
what source do my fund come from?,70,verify_source_of_funds
can you tell me where my readily available cash has come from?,70,verify_source_of_funds
i would like to know where my source of funds came from.,70,verify_source_of_funds
what is my source of funds?,70,verify_source_of_funds
where to i get my funds from?,70,verify_source_of_funds
"i need to know this, where do my funds come from?",70,verify_source_of_funds
what information do i need to see my source of money?,70,verify_source_of_funds
how will i know where my funds are coming from?,70,verify_source_of_funds
how can i tell where the money came from?,70,verify_source_of_funds
is there a way to view the history on where my funds came from?,70,verify_source_of_funds
can i see the source of my available money?,70,verify_source_of_funds
i require verification for my source of funds.,70,verify_source_of_funds
what is source of my money,70,verify_source_of_funds
how can i look at where my available cash is coming from?,70,verify_source_of_funds
where can i find information about where my money came from?,70,verify_source_of_funds
where can i see where funds came from?,70,verify_source_of_funds
who is giving me my money?,70,verify_source_of_funds
where do i go to see the source of my available money?,70,verify_source_of_funds
is there a way for me to check my balance?,70,verify_source_of_funds
i need to know where do my funds come from,70,verify_source_of_funds
where do my available funds come from?,70,verify_source_of_funds
what kind of security protects my money?,70,verify_source_of_funds
can you tell me how i would go about learning where my funds came from?,70,verify_source_of_funds
can i track history on funds?,70,verify_source_of_funds
where can i see who sent me funds,70,verify_source_of_funds
what do i need to do to verify my funds?,70,verify_source_of_funds
my source of funds require verification.,70,verify_source_of_funds
"my money, where is it coming from?",70,verify_source_of_funds
i need to know where my funds come from.,70,verify_source_of_funds
i would like to know where the funds are at.,70,verify_source_of_funds
help me find where this money came from,70,verify_source_of_funds
what do i need to see my source of money?,70,verify_source_of_funds
is there a way to see where my money originally came from?,70,verify_source_of_funds
where are the transfers originating,70,verify_source_of_funds
how do i verify my source of funds?,70,verify_source_of_funds
i want to know where my money comes from.,70,verify_source_of_funds
i need to verify the source of funds.,70,verify_source_of_funds
how do i verify the source of my funds?,70,verify_source_of_funds
how can i lookup the source for my available money?,70,verify_source_of_funds
i need to see where my money came from.,70,verify_source_of_funds
are there steps to see where my funds come from?,70,verify_source_of_funds
i would like to verify my source of funds.,70,verify_source_of_funds
how do i find out where my funds came from?,70,verify_source_of_funds
can i see where my money is being transferred from?,70,verify_source_of_funds
i would like to know how to work out where my funds came from?,70,verify_source_of_funds
where can i see where my funds came from?,70,verify_source_of_funds
is there a way to tell where the money came from?,70,verify_source_of_funds
need to verify source of funds,70,verify_source_of_funds
how do i know where my money comes from?,70,verify_source_of_funds
how can i find the source for my available funds and money?,70,verify_source_of_funds
why do i need to verify my funds?,70,verify_source_of_funds
my funds must be verified,70,verify_source_of_funds
how do i track the moeney,70,verify_source_of_funds
what is the source of funds for my money?,70,verify_source_of_funds
how do i know where my funds come from?,70,verify_source_of_funds
can you tell me how to tell where my funds come from?,70,verify_source_of_funds
can i see my available money?,70,verify_source_of_funds
is there a way to see where funds come from,70,verify_source_of_funds
is there a way to see my money's source?,70,verify_source_of_funds
please verify my source of funds.,70,verify_source_of_funds
i must verify the source of my funds,70,verify_source_of_funds
where can i get the info for my funds,70,verify_source_of_funds
can you tell me where my funds come from?,70,verify_source_of_funds
is there a way to lookup where funds came from?,70,verify_source_of_funds
verify my source of funds?,70,verify_source_of_funds
how can i prove the source of my funds?,70,verify_source_of_funds
how can i know where did my funds come from?,70,verify_source_of_funds
how can i receive verification for the source of my funds?,70,verify_source_of_funds
where is this money from,70,verify_source_of_funds
how can i tell the source for my available funds?,70,verify_source_of_funds
i need to verify my funds.,70,verify_source_of_funds
how do i see my source of funds?,70,verify_source_of_funds
i require verification of my source of funds.,70,verify_source_of_funds
where do my fund come from?,70,verify_source_of_funds
i want to know the source of my funds.,70,verify_source_of_funds
where can i see money source?,70,verify_source_of_funds
where did my funds come from?,70,verify_source_of_funds
i need to trace a deposit,70,verify_source_of_funds
how can i find out the source of my available cash?,70,verify_source_of_funds
can i see money source?,70,verify_source_of_funds
where can i find out where my funds came from?,70,verify_source_of_funds
show me the source of my money.,70,verify_source_of_funds
where can i find my fund information?,70,verify_source_of_funds
how do i find out my source of funds?,70,verify_source_of_funds
how do i know where the funds come from?,70,verify_source_of_funds
please explain to me how to know where my funds are from.,70,verify_source_of_funds
where is my top-up generated from?,70,verify_source_of_funds
where did my deposit for my source of funds come from?,70,verify_source_of_funds
can i see where my funds come from?,70,verify_source_of_funds
where can i check out the source of available funds in my account?,70,verify_source_of_funds
can someone please explain to me where my source of funds came from?,70,verify_source_of_funds
want to know where funds come from,70,verify_source_of_funds
where can i check to see where the money in my account came from?,70,verify_source_of_funds
how can i find out where the funds are flow?,70,verify_source_of_funds
what do i do to verify my source of funds?,70,verify_source_of_funds
i'd like to know where my funds come from.,70,verify_source_of_funds
how can i check to see where my funds come from?,70,verify_source_of_funds
is there a way i can see source of money?,70,verify_source_of_funds
how can i verify my source of funds?,70,verify_source_of_funds
where do my funds originate from?,70,verify_source_of_funds
what is the source of the money in my account?,70,verify_source_of_funds
how do i see the source of my money?,70,verify_source_of_funds
how long am i to wait before the transfer gets to my account?,67,transfer_timing
will the transfer show up in my account soon?,67,transfer_timing
what time will a transfer from the us take?,67,transfer_timing
when will the money reach my account?,67,transfer_timing
how long does it take to get my money,67,transfer_timing
when does my transfer from the us arrive in my account?,67,transfer_timing
"i desperately need to transfer something from china, please give me the wait time.",67,transfer_timing
i am yet to receive the money in my account how long will this take?,67,transfer_timing
does a us transfer take long,67,transfer_timing
how long will this transfer from europe take?,67,transfer_timing
will i see the transfer in my account within the week?,67,transfer_timing
how long should i have to wait before i see the transfer in my account?,67,transfer_timing
when will my transfer post to my account?,67,transfer_timing
how long does a european transfer take?,67,transfer_timing
how many days do i have to wait for the transfer to reach my account?,67,transfer_timing
i am waiting for the money to enter my account. how long does it take?,67,transfer_timing
how long will an urgent transfer from china take?,67,transfer_timing
how long do transfers from europe take?,67,transfer_timing
i have to quickly transfer something to china. how long will it take to arrive there?,67,transfer_timing
how long will i have to wait for my money to be in my account?,67,transfer_timing
"in the us, how long is the wait for a transfer?",67,transfer_timing
where is my money transfer?,67,transfer_timing
how long does a transfer take to reach one's account.,67,transfer_timing
where's the money from my transfer from europe?,67,transfer_timing
how long will a transfer from europe take?,67,transfer_timing
there is an urgent thing that i need to transfer from china. approximately how long will it take?,67,transfer_timing
i need to transfer funds from china and quick expedition is crucial. approximately how long does it take for a transfer from china to go through?,67,transfer_timing
how long will a transfer from the us take?,67,transfer_timing
how long do i wait for a transfer from the united states?,67,transfer_timing
what is the timeframe for a transfer in europe?,67,transfer_timing
how long do i have to wait for a us transfer?,67,transfer_timing
"i have been waiting for my transfer, shouldn't it be here already?",67,transfer_timing
how fast can i transfer something from china?,67,transfer_timing
"my bank is in europe, how long will the transfer take?",67,transfer_timing
i urgently need to transfer something from china. how long can i expect it to take?,67,transfer_timing
how many days does it take for a transfer to go through?,67,transfer_timing
when will the money show in my account?,67,transfer_timing
what is the average wait for transfers,67,transfer_timing
how long until the transfer is reflected on my account balance?,67,transfer_timing
how long do i have to wait for europe transfers?,67,transfer_timing
when can i use money sent to my account?,67,transfer_timing
how long does a transfer from the us take?,67,transfer_timing
how long is the transfer?,67,transfer_timing
"i've made a transfer, how long until the money reaches my account?",67,transfer_timing
"i'm waiting for a transfer from the us, how much longer?",67,transfer_timing
what is the estimated time on an urgent transfer from china?,67,transfer_timing
can you please tell me how long it takes for the transfer to be available.,67,transfer_timing
can i quickly send a transfer from china? how long will it take?,67,transfer_timing
what is the wait time until money reaches my account?,67,transfer_timing
how long does it take for a transfer to show up in my account?,67,transfer_timing
when will my transfer be in my account?,67,transfer_timing
how long does it take in europe to do a transfer?,67,transfer_timing
what's the wait time for european transfers?,67,transfer_timing
what is the time period for money to be transferred?,67,transfer_timing
when can i expect money to be transferred to my account?,67,transfer_timing
"how long does it take to transfer from china? is there a way to transfer it quickly, i need it urgently?",67,transfer_timing
i need to transfer something to china. it is urgent. how many days will it take to get there?,67,transfer_timing
i need quickly transfer something from china. about how long will it take?,67,transfer_timing
i need a quick transfer from china. how long would that take?,67,transfer_timing
how long until transfers from europe go through?,67,transfer_timing
"i have a transfer from the us, how long is the wait?",67,transfer_timing
how do i transfer something faster than normal?,67,transfer_timing
"i need to transfer something from china, how long will it take?",67,transfer_timing
it's been a couple days how much longer do i have to wait for my transfer?,67,transfer_timing
when can i expect the transfer to be complete?,67,transfer_timing
how long do european transfers take?,67,transfer_timing
why hasn't the transfer shown up in my account yet?,67,transfer_timing
when will the money from a transfer be made available on my account?,67,transfer_timing
how long does it take for a transfer to be in my account?,67,transfer_timing
"if i need to transfer something quick from china, how long does that take?",67,transfer_timing
"i just did a transfer, but don't see the money in my account. what's up?",67,transfer_timing
how quickly can i transfer something to china?,67,transfer_timing
how long will it take the money to appear in my account?,67,transfer_timing
how fast are transfers from europe?,67,transfer_timing
"i need to make a transfer from europe, how many days does this take?",67,transfer_timing
what is the longest a us transfer should take to appear in my account?,67,transfer_timing
i need to urgently transfer something from china. how long will it approximately take?,67,transfer_timing
"i need to transfer something asap from china, how long will it take to post to my account?",67,transfer_timing
how long will it take for the money to reach my account?,67,transfer_timing
when will my transfer from the us get here?,67,transfer_timing
"i transferred money from the us, how long does it take?",67,transfer_timing
"i need some money transferred asap, how long does the process take?",67,transfer_timing
how long will a transfer take from europe?,67,transfer_timing
when can i expect my transfer to reach my account?,67,transfer_timing
what is the estimated wait time on a us transfer into my account?,67,transfer_timing
how long will it take to transfer something to china urgently?,67,transfer_timing
how long does it take transfers from europe to complete?,67,transfer_timing
i must make a transfer from china and it is urgent. how long before the transfer is complete?,67,transfer_timing
when will my account receive the money?,67,transfer_timing
there is an urgent transfer i need to make from china. how long will it take to get it processed?,67,transfer_timing
how long will a transfer from china take? i need to transfer something from there.,67,transfer_timing
help! i need to transfer something to china.,67,transfer_timing
"its been 3 days, how long will my transfer take to get to my wallet?",67,transfer_timing
how many days until my us transfer arrives?,67,transfer_timing
how long will it take to transfer something from china?,67,transfer_timing
"i must quickly transfer something from china, and i need to know how long it will take.",67,transfer_timing
how long does a us transfer take,67,transfer_timing
how long will it take to transfer from europe?,67,transfer_timing
how long does it take for a transfer from europe to go through?,67,transfer_timing
when can i expect the transfer to arrive in my account?,67,transfer_timing
when will a transfer from the us post?,67,transfer_timing
"i'm having money transferred from europe, how long will this take?",67,transfer_timing
when will my money be in my account?,67,transfer_timing
will it take more than 3 days for my transfer to reach my account?,67,transfer_timing
what is the time frame for european transfers?,67,transfer_timing
when will i receive a transfer from europe?,67,transfer_timing
how long will it take to urgently transfer something to china?,67,transfer_timing
can i transfer something urgently from china? how long does it take?,67,transfer_timing
how long does it take to get money from europe?,67,transfer_timing
what's the transfer time from europe?,67,transfer_timing
when will my transfer arrive from europe?,67,transfer_timing
estimated time arrival for transfers?,67,transfer_timing
what are the time frames for the money to be available in my account?,67,transfer_timing
how long does it take for the money to show up in my account?,67,transfer_timing
what is the time frame for transfers,67,transfer_timing
"if i get a transfer from europe, how long until it is in my account?",67,transfer_timing
when will the money be made available in my account?,67,transfer_timing
how long does it take for a transfer to reach my account?,67,transfer_timing
what is the estimated wait time for transfers from the us?,67,transfer_timing
what is the length of time for money to reach the account?,67,transfer_timing
when can i expect a transfer from europe to go through?,67,transfer_timing
why hasn't my transfer from europe gone through?,67,transfer_timing
transfers from the us how long will the wait be?,67,transfer_timing
what is taking so long on my transfer from the us?,67,transfer_timing
how long does transfer from the us take?,67,transfer_timing
how long does a transfer transaction take?,67,transfer_timing
how long does it take to make an urgent transfer from china?,67,transfer_timing
money transfer help? how long?,67,transfer_timing
i wanted to purchase something online but the payment was returned back to me. this has been going on for a couple of weeks. please tell me what is going on here?,53,reverted_card_payment?
"i tried to use my debit card, but the payment did not work.",53,reverted_card_payment?
"hi, i had an issue with my card payment and it shows on my account that my payment went through. then i got contacted from the seller saying ""they did not receive my payment"" then the payment was returned to my account. so i would like to see why it did that please.",53,reverted_card_payment?
i think my card payment has been reverted,53,reverted_card_payment?
tell me why my card payment would be reverted.,53,reverted_card_payment?
why has my card payment been reversed?,53,reverted_card_payment?
i didn't cancel my card payment.,53,reverted_card_payment?
can you tell me why the card payment came back?,53,reverted_card_payment?
how come the money from the merchant appeared back into my account?,53,reverted_card_payment?
my payment was terminated,53,reverted_card_payment?
i think my card payment has been refunded,53,reverted_card_payment?
i made a payment and it was reverted and wanted to know why?,53,reverted_card_payment?
is it on purpose that my payment has been returned to my account?,53,reverted_card_payment?
the app reverted the payment i made.,53,reverted_card_payment?
why would my payment have been returned to my account?,53,reverted_card_payment?
i bought something and already paid for it but now i don't see it.,53,reverted_card_payment?
"i really wanted to buy something online but seems the card is not working as the payment suddenly came back! what's going on here, i've been trying for a good week or two.",53,reverted_card_payment?
my payment has been cancelled,53,reverted_card_payment?
i made a payment but it was returned.,53,reverted_card_payment?
my card payment has been cancelled,53,reverted_card_payment?
i made a payment with my card that was cancelled?,53,reverted_card_payment?
"hey a seller just contacted me that my money didn't come through. it was definitely deducted from my account, but now it appears it's back with me! sort this out asap please.",53,reverted_card_payment?
my payment didn't work and the money is in back in my account.,53,reverted_card_payment?
the payment i made with my card is not showing up.,53,reverted_card_payment?
"hello, i noticed the money for an item i purchased online and have already received has been returned to my checking account. was there an issue with the merchant accepting my payment? or, possibly, with the bank sending it?",53,reverted_card_payment?
my payment came back for something i'm trying to buy online? it's been doing it for two weeks. do you know what the issue is?,53,reverted_card_payment?
it looks like my card payment might have been reverted.,53,reverted_card_payment?
why has my payment been reversed?,53,reverted_card_payment?
i was refunded the money for something i bought already.,53,reverted_card_payment?
i already got my item but just got my money back,53,reverted_card_payment?
i believe that a card payment i made was cancelled.,53,reverted_card_payment?
why would my card payment be cancelled?,53,reverted_card_payment?
"i dont know what happened, but my payment was cancelled",53,reverted_card_payment?
the card payment didn't work,53,reverted_card_payment?
why did my payment revert,53,reverted_card_payment?
"i would like to make a purchase, however my card has been declined. i would like to ask the reason for this. the past two weeks, the card has been working fine.",53,reverted_card_payment?
i made a payment but the app cancelled it.,53,reverted_card_payment?
the app reverted my recent payment,53,reverted_card_payment?
why would my card payment get reverted?,53,reverted_card_payment?
i believe my card payment were reverted,53,reverted_card_payment?
"my card has an issue, the payment has been deferred.",53,reverted_card_payment?
under what condition will my payment revert?,53,reverted_card_payment?
"my card payment was reverted, why?",53,reverted_card_payment?
what should i do if my card payment was cancelled?,53,reverted_card_payment?
what reasons would cause my card payment to be cancelled?,53,reverted_card_payment?
is my card payment reverted?,53,reverted_card_payment?
i had a payment reverted and would like to figure out why.,53,reverted_card_payment?
"i just checked and my payment was cancelled, why?",53,reverted_card_payment?
my money is back in my account after a seller contacted me stating they never received payment. i am positive it was deducted out of my account. please get this sorted out right away.,53,reverted_card_payment?
help. my account has been deducted already and the seller says they haven't received the money yet? when can they expect it?,53,reverted_card_payment?
seems like my card payment has been cancelled,53,reverted_card_payment?
can you please tell me why my card payments are not going through when i try to buy something online? when i put in my card payment it takes it but it comes back a while later.,53,reverted_card_payment?
i was checking my statement and i think one of my card payments has reverted,53,reverted_card_payment?
why isn't my payment showing?,53,reverted_card_payment?
what happens when a payment is reverted?,53,reverted_card_payment?
i received a message from a seller stating they hadn't received my money even though it definitely came out of my account. the money has now been deposited back into my account. please get this resolved as soon as possible.,53,reverted_card_payment?
i cancelled my card payment,53,reverted_card_payment?
"ive been trying to use my card for two weeks now to purchase somethings online but nothing is going through. it keeps returning my payment to my account. there shouldn't be anything wrong with my account, is it the card?",53,reverted_card_payment?
i used my card to make a payment and wondered why the payment was reverted?,53,reverted_card_payment?
"i bought something and received it, but the payment went back to my account. is the seller okay?",53,reverted_card_payment?
looks like my card payment was cancelled.,53,reverted_card_payment?
why would a merchant refuse a payment,53,reverted_card_payment?
how do i fix a payment that was reverted,53,reverted_card_payment?
i just found out from the seller that my money didn't go through. i checked my account and it was deducted at first but now it's back in my account. can you please fix this for me quickly?,53,reverted_card_payment?
the seller just told me he didn't get paid. after reviewing my account it did subtract the balance but now it has added it back to my account. i need you to please take care of this promptly.,53,reverted_card_payment?
my card payments have stopped.,53,reverted_card_payment?
my card payment was cancelled it seems.,53,reverted_card_payment?
why was a payment i made reverted?,53,reverted_card_payment?
"i need help to resolve mix up on my card payment. my account shows the money was taken out and then put back in the account. then i received a message from the seller, it said that they did not get my payment.",53,reverted_card_payment?
was my transaction reverted with my card?,53,reverted_card_payment?
"my payment was put back, i think.",53,reverted_card_payment?
"i've got a problem - i purchased an item maybe a week or two ago, but to the payment came back to my account! i've already got what i ordered, so why are the payment funds showing up in my account?",53,reverted_card_payment?
i think my card payment was cancelled. what happened?,53,reverted_card_payment?
"i had a seller reach out to me saying my money didn't come through to them, but i'm sure it was removed from my account. can you figure out what the deal is here?",53,reverted_card_payment?
what does it mean if it says my card payment has been cancelled?,53,reverted_card_payment?
why was a payment cancelled on my account?,53,reverted_card_payment?
card payment has be declined.,53,reverted_card_payment?
why is a payment i made reverted back to my account?,53,reverted_card_payment?
my payment has been returned.,53,reverted_card_payment?
what does it mean if my payment has been reverted?,53,reverted_card_payment?
i made a payment but the app gave the money back.,53,reverted_card_payment?
i purchased something about one to two weeks ago but for some reason the payment was returned to my account today even though i've already received one of the items. can you tell me what's going on?,53,reverted_card_payment?
"i've got a problem - i bought something with my card one or two weeks ago, but now exact same amount of the purchase is showing up in my account. i like more money in my account, but this is too good to be true. can you tell me what's happening?",53,reverted_card_payment?
i think a card payment i made was cancelled.,53,reverted_card_payment?
"i have an issue. i bought something within the past one to two weeks and have received one of the products; however, today the total was returned to my account. what's going on here?",53,reverted_card_payment?
why did you cancel my card payment?,53,reverted_card_payment?
i did a payment but it was reverted by the app,53,reverted_card_payment?
my payment has not been accepted.,53,reverted_card_payment?
unknowingly to me the payment sent to seller has been redeposied back in my account. i do not know why it would take out the payment and then put it back in my account. can you resolve this as soon as possible?,53,reverted_card_payment?
can you tell me why my card isn't letting me make purchases online? it's been 2 weeks i've been trying.,53,reverted_card_payment?
why did my payment not go through why did it cancel?,53,reverted_card_payment?
"hi, i am trying to buy something online, but i think there is some issue in my card. as payment is reverted. please help me in this as i am facing the same issue from last two weeks.",53,reverted_card_payment?
what is the reason for my card payment to be reverted?,53,reverted_card_payment?
my card payment's cancelled,53,reverted_card_payment?
what does it mean if my payment was reverted?,53,reverted_card_payment?
please help me with my card payments which keeps getting reverted whenever i do online shopping. i am having this problem since last two weeks.,53,reverted_card_payment?
why did my payment go back to my account when i bought something?,53,reverted_card_payment?
why is my card payment cancelled?,53,reverted_card_payment?
"hello, i was contacted by a seller who let me know my money didn't come through on their side. it most certainly came out of my account so i need this looked at immediately because now it has been returned to me!",53,reverted_card_payment?
has my card payment been reverted?,53,reverted_card_payment?
i have cancelled payments to this card.,53,reverted_card_payment?
"there's a problem - i bought something about a week or two ago but just today the payment somehow came back into my account! i already received the item though, what's going on here?",53,reverted_card_payment?
i see a reverted payment on my account. why has this happened?,53,reverted_card_payment?
i think the payment from my card was revereted,53,reverted_card_payment?
i think my card payment was reverted,53,reverted_card_payment?
how come i can't find my payment?,53,reverted_card_payment?
i tried to buy something online but my funds were transferred back to my account. what is happening?,53,reverted_card_payment?
i received a returned payment that i made.,53,reverted_card_payment?
why did the funds for one of my purchase come back to my account?,53,reverted_card_payment?
why would the app revert my payment?,53,reverted_card_payment?
it looks like my card payment was sent back.,53,reverted_card_payment?
can you tell me why my card payment was cancelled?,53,reverted_card_payment?
"i purchased something and already received it, why hasn't the money taken out?",53,reverted_card_payment?
one of my card payments has reverted,53,reverted_card_payment?
i was just contacted by a seller that let me know they didn't get my money even though i'm very sure it was removed from my account. now it's back in my account. get this resolved quickly.,53,reverted_card_payment?
my card payment has not been withdrawn from my account,53,reverted_card_payment?
my card payment was reverted,53,reverted_card_payment?
i just got refunded for my purchase over two weeks ago,53,reverted_card_payment?
please tell me why the purchase i made online returned payment. i really wanted this item and i've been trying for 2 weeks.,53,reverted_card_payment?
i paid two weeks ago and just got refunded,53,reverted_card_payment?
my card payment was cancelled. why?,53,reverted_card_payment?
"i seem to have a problem here, i bought something about a 2 weeks ago and just now received the payment back into my account and i've already received the item. can you tell me what is going on here?",53,reverted_card_payment?
why has my money been returned back to my card.,53,reverted_card_payment?
why would my card payment be reverted?,53,reverted_card_payment?
"i've got a weird problem: i purchased something a week or maybe it was two weeks ago, and the funds have come back into my account! can you explain this?",53,reverted_card_payment?
"i purchased something and the seller hasn't received the money yet, but it has been deducted from my account.",53,reverted_card_payment?
i think a payment i made with a card was cancelled.,53,reverted_card_payment?
i notice that i have a card payment that's been cancelled.,53,reverted_card_payment?
why was my payment reverted on the app,53,reverted_card_payment?
i did a payment but the app cancelled it.,53,reverted_card_payment?
i am not able to make a purchase because there is an issue with my card,53,reverted_card_payment?
explain why a card payment would be cancelled?,53,reverted_card_payment?
what happens if my card payment is cancelled?,53,reverted_card_payment?
why would a merchant revert my payment?,53,reverted_card_payment?
what happens if a merchant doesn't accept you payment?,53,reverted_card_payment?
"my card payment reverted back, i think.",53,reverted_card_payment?
i sent a payment but now it's not showing up.,53,reverted_card_payment?
how can i tell if my card payment is reverted?,53,reverted_card_payment?
"i'm not sure what is going on here. i've received payment back into my account for an item i've already received, from about 2 weeks ago.",53,reverted_card_payment?
why was my card payment reversed?,53,reverted_card_payment?
why have i received a rebate for my payment after a week?,53,reverted_card_payment?
"around one or two weeks ago i purchased something but there's seems to be an issue. i have already received one of the items, but today the money was placed back into my account. what is happening?",53,reverted_card_payment?
why wasn't my payment accepted by the app,53,reverted_card_payment?
why would a merchant revert a card payment?,53,reverted_card_payment?
"hi, i am facing issue with my card payment while shopping online as payment is getting reverted. i am struggling with this issue around two weeks. please advise.",53,reverted_card_payment?
"i cannot seem to buy something online with my card? the payment comes back, what's going on?",53,reverted_card_payment?
did a card payment that i made get cancelled?,53,reverted_card_payment?
"i think a card payment i made was cancelled, can you check?",53,reverted_card_payment?
a seller is stating that they haven't received money yet when the money has already deducted from my account.,53,reverted_card_payment?
i an not sure but it looks as if a card payment i made was cancelled.,53,reverted_card_payment?
the money is still in my account even though i already paid -- i don't understand what happened.,53,reverted_card_payment?
my card payment might have been reverted.,53,reverted_card_payment?
"i noticed my card payment was cancelled, can you tell me why?",53,reverted_card_payment?
i am not able to purchase anything online! i have been using my card on multiple sites over a period of two weeks and none of the payments have gone through. why is this happening?,53,reverted_card_payment?
i believe my card payment has reverted,53,reverted_card_payment?
what do i do if my payment was reverted?,53,reverted_card_payment?
my payment was stopped,53,reverted_card_payment?
my payment was cancelled,53,reverted_card_payment?
my payment did not go through because the app reverted it,53,reverted_card_payment?
was my card payment reverted?,53,reverted_card_payment?
is it possible that my card payment was reverted?,53,reverted_card_payment?
is it possible for me to change my pin number?,21,change_pin
what are the steps to change my pin to something else?,21,change_pin
in what way can i change my pin and where do i need to be?,21,change_pin
can i change my pin at any cash machines?,21,change_pin
i need to make my card pin a different number,21,change_pin
can i change my pin abroad?,21,change_pin
do i have to go to the bank to change my pin?,21,change_pin
if i want to can i set up a new pin?,21,change_pin
do i have to go into the bank to change my pin?,21,change_pin
can i change my pin at my local bank?,21,change_pin
"if i wanted to change my pin, how would i do that?",21,change_pin
if i want to select a new pin what do i do?,21,change_pin
how can i change my pin without going to the bank?,21,change_pin
do i need to speak to a representative to change my pin?,21,change_pin
can i pick a new pin?,21,change_pin
where can i update my pin number?,21,change_pin
can i change my pin remotely?,21,change_pin
i need to change my card pin.,21,change_pin
if i want to change my pin number can i directly from an atm?,21,change_pin
are there any specific cash machines that i have to go to in order to change my pin?,21,change_pin
can i change my pin at any atm?,21,change_pin
can i change my pin at an atm?,21,change_pin
can i change my pin without being physically present?,21,change_pin
can you tell me how to change my pin?,21,change_pin
i want to choose a new pin.,21,change_pin
is there a way yo change my pin?,21,change_pin
can i change my pin?,21,change_pin
do i need to go to a physical bank to change my pin?,21,change_pin
what cash machines will let me change my pin?,21,change_pin
do i need to go to an office to change my pin?,21,change_pin
which atm's am i able to change my pin?,21,change_pin
can i change my pin without going to a bank?,21,change_pin
can my pin changed remotely without visiting a bank?,21,change_pin
which countries can i change my pin in?,21,change_pin
can i change my pin through the app?,21,change_pin
i want a new pin please.,21,change_pin
can i change my pin at a nearby atm when in spain? i think someone saw my pin and i need to change it but am on vacation.,21,change_pin
please help me set up a new pin.,21,change_pin
i have been travelling overseas and i need to change my pin. can you tell me how this is done?,21,change_pin
is there a location where i can change my pin?,21,change_pin
i am on vacation in spain and need to change my pin.,21,change_pin
how can i change my pin even though i'm out of the country in austria at the moment?,21,change_pin
can i change my pin in austria?,21,change_pin
can i change my in at all atm's?,21,change_pin
i'm travelling abroad but i've run into a situation where i need to change my pin immediately. can i do this from here?,21,change_pin
i must change my pin as soon as possible.,21,change_pin
"i think my pin has been compromised, what do i do?",21,change_pin
where do i need to go to change my pin?,21,change_pin
do i have to change my pin at a bank?,21,change_pin
can i change my pin on my phone?,21,change_pin
help me with a pin change.,21,change_pin
i want to change my pin - do i need to be in a bank?,21,change_pin
how do i change the pin?,21,change_pin
where can i change my pin?,21,change_pin
change my pin?,21,change_pin
can you tell me where can change my pin?,21,change_pin
can i change my pin at a cash machine?,21,change_pin
is it possible to change my pin?,21,change_pin
i really need to know how to change my pin.,21,change_pin
is going to a bank only way to change my pin?,21,change_pin
how can i reset my pin?,21,change_pin
is it possible to change my pin if i am out of the country?,21,change_pin
how can i set a new pin.,21,change_pin
"i think someone saw my pin and i am on vacation in spain, can i change it locally at an atm?",21,change_pin
are there cash machines where i can change my pin?,21,change_pin
"i can't freeze my account as i need the card as i am traveling, how do i change my pin?",21,change_pin
how do i change my card pin?,21,change_pin
"while on vacation in spain i think someone saw my pin and i now need to change it, can i do this at an atm in spain?",21,change_pin
how do i go about changing my pin?,21,change_pin
am i able to change my pin at certain cash machines?,21,change_pin
your atm pin can be changed at any visa or mastercard atm with pin services. certain countries don't support atm pin changes.,21,change_pin
i am on vacation in spain and think someone saw my pin when… can i change it at a local atm?,21,change_pin
i'm on vacation in europe but i desperately need to change my pin. can i do this from abroad?,21,change_pin
can i reset my pin?,21,change_pin
at what cash machines can i change my pin?,21,change_pin
i want to change my pin.,21,change_pin
what steps do i have to take to change my pin?,21,change_pin
i want to change my pin number from an atm. is this possible?,21,change_pin
i would like to change the the pin on my card.,21,change_pin
"i'm in austria right now, but i really need to change my pin right now. can i do this even though i'm in another country?",21,change_pin
how can i alteration my pin?,21,change_pin
i want to create a new pin.,21,change_pin
do i need to go to a physical bank to change my pin?,21,change_pin
may i change my pin?,21,change_pin
please help me change my pin.,21,change_pin
set a new pin please.,21,change_pin
can i change my pin online?,21,change_pin
how do i change my pin abroad?,21,change_pin
how can i change my rowlock ?,21,change_pin
how can i change my old pin to a new one?,21,change_pin
changing my pin,21,change_pin
can i get a new pin number at any atm using my card?,21,change_pin
please let me know how to change my pin?,21,change_pin
can i change my pin without going to a bank branch?,21,change_pin
tell me how to setup a new pin.,21,change_pin
can my pin be changed in any cash machine?,21,change_pin
can you tell me what i need to do to have my pin changed?,21,change_pin
am i allowed to change my pin anywhere?,21,change_pin
i want to replace my current pin.,21,change_pin
help me change my pin.,21,change_pin
are their certain cash machines where i can change my pin?,21,change_pin
which cash machines will allow me to change my pin?,21,change_pin
how can i change my pin? help.,21,change_pin
do you know how to change my card pin?,21,change_pin
where do i go to change my pin?,21,change_pin
how do i change my pin while traveling?,21,change_pin
can i change my pin if i want to?,21,change_pin
what atms will allow me to change my pin?,21,change_pin
"your card pin can be changed at any visa or mastercard atm with pin services, excluding countries such as belgium, luxembourg, austria, germany, spain, and france.",21,change_pin
do i have to go to an actual bank to change my pin?,21,change_pin
"can i change my pin at atms? if so, what ones?",21,change_pin
can i change my card pin?,21,change_pin
which atms allow me to change my pin?,21,change_pin
is there a way to change my pin without having to go to the bank?,21,change_pin
tell me what atms allow me to change my pin.,21,change_pin
can i change my pin on holiday?,21,change_pin
what is the process to change my pin?,21,change_pin
please tell me how to change my pin.,21,change_pin
at what atm can i change my pin?,21,change_pin
"if i am not in the country and i need to change my pin, how can this be done?",21,change_pin
what do i have to do to change my pin?,21,change_pin
can i change my pin number at a cash machine?,21,change_pin
is there something blocking me from making transfers,7,beneficiary_not_allowed
what are the reasons for my beneficiary not being allowed?,7,beneficiary_not_allowed
is there something wrong with the transferring functions? i keep trying to transfer funds and only get an error message.,7,beneficiary_not_allowed
what are the reasons a beneficiary would be denied?,7,beneficiary_not_allowed
a transfer to my account was denied.,7,beneficiary_not_allowed
why was i not allowed to do a transfer to a beneficiary?,7,beneficiary_not_allowed
i got a message that my transfer is not possible. what is happening? i need this to go through please.,7,beneficiary_not_allowed
what is the reason for my beneficiary to be disallowed?,7,beneficiary_not_allowed
can someone explain why i'm getting a message on my screen saying my transfer isn't possible? i've done several in the past and haven't had a single problem until now. what's going on?,7,beneficiary_not_allowed
i tried transferring to an account but it won't let me.,7,beneficiary_not_allowed
it's not letting me transfer money to my beneficiery.,7,beneficiary_not_allowed
my transfer to an account failed.,7,beneficiary_not_allowed
why is my beneficiary not allowed?,7,beneficiary_not_allowed
for some reason i am unable to preform a transfer to a beneficiary.,7,beneficiary_not_allowed
my beneficiary is not allowed? why?,7,beneficiary_not_allowed
i tried to transfer funds to a beneficiary and was denied. can you tell me why?,7,beneficiary_not_allowed
what is the reason i couldn't do a transfer to a beneficiary?,7,beneficiary_not_allowed
i got a message that i cannot name x as a beneficiary.,7,beneficiary_not_allowed
why am i not allowed to add a certain beneficiary?,7,beneficiary_not_allowed
why can't my beneficiary access my account?,7,beneficiary_not_allowed
i'm trying to purchase crypto via the app. i haven't been able to get it to go through. am i doing something wrong?,7,beneficiary_not_allowed
hello - i'm on the app and trying to purchase crypto. it's not going through. what am i doing wrong?,7,beneficiary_not_allowed
my beneficiary didn't receive my transfer,7,beneficiary_not_allowed
why didnt a transfer to my account process,7,beneficiary_not_allowed
why can i not do a transfer,7,beneficiary_not_allowed
why didn't my transfer to a beneficiary go through?,7,beneficiary_not_allowed
"for some reason, i'm unable to transfer funds.",7,beneficiary_not_allowed
why has my beneficiary been denied?,7,beneficiary_not_allowed
i need to transfer to my account and cant.,7,beneficiary_not_allowed
why am i not allowed to transfer money to my cryptocurrency exchange?,7,beneficiary_not_allowed
what are the reasons why you would not be able to process a payment,7,beneficiary_not_allowed
why can't i transfer to another account?,7,beneficiary_not_allowed
are there restrictions to transfers to certain accounts?,7,beneficiary_not_allowed
please tell me why i am having problems transferring to a beneficiary.,7,beneficiary_not_allowed
i wanted to purchase some crypto. the app will not let me. what's going on here? i really want to make this exchange.,7,beneficiary_not_allowed
my attempted transfer keeps kicking back with an error message. could you please help me to resolve this?,7,beneficiary_not_allowed
i tried to do a transfer to an account but it didn't work,7,beneficiary_not_allowed
i just got an error message saying my transfer is not possible? why is that? i've transferred money before and it worked without problem,7,beneficiary_not_allowed
why is my beneficiary being denies?,7,beneficiary_not_allowed
why does my transfer keep generating an error message?,7,beneficiary_not_allowed
i want a reason as to why my beneficiary is not allowed?,7,beneficiary_not_allowed
"hi, i am interested buying crypto currency but unable to purchase it through the application. i do want to do the exchange, could you please let me know what is the problem?",7,beneficiary_not_allowed
why can't a beneficiary receive a money transfer from me?,7,beneficiary_not_allowed
why won't my transfer to another account work?,7,beneficiary_not_allowed
my account transfer was not cleared.,7,beneficiary_not_allowed
"i am getting an error stating my transfer is not possible while transferring money. let me know the issue as its the first time i am getting error, earlier it used to work.",7,beneficiary_not_allowed
i wasn't able to do a transfer to an account,7,beneficiary_not_allowed
why would a transfer to an account not be allowed?,7,beneficiary_not_allowed
why is a transfer to beneficiary not possible?,7,beneficiary_not_allowed
why did my transfer to a beneficiary fail?,7,beneficiary_not_allowed
explain why i can't do a transfer to an account.,7,beneficiary_not_allowed
why can't my beneficiary get access?,7,beneficiary_not_allowed
i'm suddenly getting an error while attempting a transfer that it isn't possible. why? i've done it before.,7,beneficiary_not_allowed
i cannot make a transfer to another account.,7,beneficiary_not_allowed
why can't i transfer money to a beneficiary,7,beneficiary_not_allowed
why didnt my account allow a transfer,7,beneficiary_not_allowed
are transfers to a beneficiary possible,7,beneficiary_not_allowed
why are you not accepting my transfer!! i've tried a couple times already now and it just keeps showing an error message,7,beneficiary_not_allowed
will a beneficiary not accept a transfer?,7,beneficiary_not_allowed
why would a transfer to a beneficiary not go through?,7,beneficiary_not_allowed
for what reason can i not transfer money to a beneficiary?,7,beneficiary_not_allowed
what happens when a beneficiary can't receive my transfer?,7,beneficiary_not_allowed
i tried to transfer cryptocurrency into my account but was denied,7,beneficiary_not_allowed
why wasn't my payment to beneficiary x approved?,7,beneficiary_not_allowed
my transfer to a beneficiary did not go through. why?,7,beneficiary_not_allowed
i really was trying to complete this exhange. i was trying to purchase some crypto but the app won't allow me to do it. can you tell me what's going on here?,7,beneficiary_not_allowed
why won't you let me name x as a beneficiary?,7,beneficiary_not_allowed
why couldn't i transfer funds to my beneficiary?,7,beneficiary_not_allowed
why can't i transfer money to a beneficiery?,7,beneficiary_not_allowed
am i allowed to transfer money to a beneficiary?,7,beneficiary_not_allowed
why didn't my transfer to a beneficiary happen?,7,beneficiary_not_allowed
a transfer was not allowed to an account.,7,beneficiary_not_allowed
why can't i use this beneficiary?,7,beneficiary_not_allowed
"i want to transfer money to a beneficiary, but i couldn't.",7,beneficiary_not_allowed
my funds are not transferring to my bank. why is this not working?,7,beneficiary_not_allowed
just received a message that my transfer is not possible?? what is going on. i have done this before with no issues.,7,beneficiary_not_allowed
i am trying to transfer and it has been stopped why is that,7,beneficiary_not_allowed
"this is frustrating, i'm at work and my transfers are not going through. i keep getting an error message, i do not have time for this.",7,beneficiary_not_allowed
i am trying to complete a transfer but i keep getting an error message.,7,beneficiary_not_allowed
"i normally have no issues making transfers, so why am i suddenly being told it is not possible?",7,beneficiary_not_allowed
my account did not allow the transfer.,7,beneficiary_not_allowed
"why is my transfer not working? i tried multiple times to transfer money, and all that happens is an error message pops up.",7,beneficiary_not_allowed
why was my transfer stopped ?,7,beneficiary_not_allowed
why is allowance not being given to my beneficiary?,7,beneficiary_not_allowed
i have been trying to exchange this for crypto but the app won't work could you please help me?,7,beneficiary_not_allowed
the transfer to my account was not allowed.,7,beneficiary_not_allowed
my beneficiary is unable to transact,7,beneficiary_not_allowed
i need to move money to another beneficiary. why is it not working?,7,beneficiary_not_allowed
i don't understand why you aren't accepting my transfer. after a couple times trying i'm still getting an error message.,7,beneficiary_not_allowed
the transfer to an account wasn't allowed is there any other way for me to do it,7,beneficiary_not_allowed
i was unable to transfer money to a beneficiary.,7,beneficiary_not_allowed
why can't i use my beneficiary?,7,beneficiary_not_allowed
why is this beneficiary being rejected?,7,beneficiary_not_allowed
"i have to transfer money over to my mother, and i have tried numerous times and all that keeps happening is error messages.",7,beneficiary_not_allowed
why did my account decline a incoming transfer,7,beneficiary_not_allowed
why will my transfer not go through?! keep getting an error message.,7,beneficiary_not_allowed
my transfer to a beneficiary was rejected.,7,beneficiary_not_allowed
the transfer to my beneficiary has not gone through,7,beneficiary_not_allowed
i wasn't allowed to transfer to my account,7,beneficiary_not_allowed
i was trying to purchase some crypto and the app won't allow me to do it. what's the deal with this? i really wanted to complete the exchange.,7,beneficiary_not_allowed
i have made several unsuccessful attempts to make a transfer. i'm getting frustrated at getting error messages and it not going through.,7,beneficiary_not_allowed
my money didnt go through after i transferred.,7,beneficiary_not_allowed
i tried transferring to an account but it didn't go through. what happened?,7,beneficiary_not_allowed
i cant transfer money into my account,7,beneficiary_not_allowed
why can't my beneficiary make transactions?,7,beneficiary_not_allowed
why can't i add any beneficiary i choose?,7,beneficiary_not_allowed
why am i unable to transfer money when i was able to before?,7,beneficiary_not_allowed
"hello i am unable to exchange the crypto currency through the app, i am very keen to buy. please let me know the issue. interested buying crypto currency but i am unable to purchase it through the application,i do want to do the exchange, could you please let me know what is the problem?",7,beneficiary_not_allowed
why is a transfer to a beneficiary not possible?,7,beneficiary_not_allowed
can you please explain why my beneficiary is not allowed?,7,beneficiary_not_allowed
"i tried transferring money to a beneficiary, however, i was unsuccessful.",7,beneficiary_not_allowed
the app won't let me transfer money to a beneficiary,7,beneficiary_not_allowed
why can i not do a transfer to a beneficiary?,7,beneficiary_not_allowed
why wasn't a transfer to account approved,7,beneficiary_not_allowed
"i was trying to make a transfer and got an error message telling me it was not possible to make the transfer. this has never happened before, what happened?",7,beneficiary_not_allowed
why is my beneficiary not being allowed to get payment services?,7,beneficiary_not_allowed
"i have tried to submit a transfer a couple of times now, and for some reason, it continues to be unsuccessful. do you know why this may be?",7,beneficiary_not_allowed
why can't i transfer to an account?,7,beneficiary_not_allowed
i could not transfer funds to a beneficiary; is there a problem with your software?,7,beneficiary_not_allowed
why is my beneficiary not working?,7,beneficiary_not_allowed
why can't you allow my beneficiary?,7,beneficiary_not_allowed
my transfer to another account was not allowed. why is that?,7,beneficiary_not_allowed
why couldn't i transfer to a beneficiairy?,7,beneficiary_not_allowed
i couldn't transfer to an account.,7,beneficiary_not_allowed
my transfer failed to a beneficiary,7,beneficiary_not_allowed
i was unable to transfer to another account.,7,beneficiary_not_allowed
why was i denied the option to transfer money to a selected beneficiary?,7,beneficiary_not_allowed
i keep getting an error message when i'm trying to transfer funds! why aren't you accepting that?,7,beneficiary_not_allowed
why is this not letting me exchange crypto? i need help making this transaction go through.,7,beneficiary_not_allowed
i could not transfer to a beneficiary,7,beneficiary_not_allowed
why cant i transfer to my account?,7,beneficiary_not_allowed
why am i being told this transfer will not go thru,7,beneficiary_not_allowed
i couldn't transfer money to a beneficiery,7,beneficiary_not_allowed
"while transferring money, its getting error out as my transfer is not possible. please help me in this as earlier i was able to do it successfully.",7,beneficiary_not_allowed
"hi, is there any problem with app? as i am facing some issues with the exchange of crypto currency. i am extremely interested in buying.",7,beneficiary_not_allowed
"hi, i'm trying to by some crypto and the app isn't allowing it. i really want to exchange this, what am i doing wrong?",7,beneficiary_not_allowed
my account transfer was blocked.,7,beneficiary_not_allowed
what is preventing me from adding a specific beneficiary?,7,beneficiary_not_allowed
"i couldn't transfer money to my bank, why not?",7,beneficiary_not_allowed
why cant i send money to a beneficiary?,7,beneficiary_not_allowed
how can i transfer money to a beneficiary?,7,beneficiary_not_allowed
it shows that the transfer on my account wasn't allowed.,7,beneficiary_not_allowed
could you please explain why i received a message that my transfer is not possible? i've never had any problems making a transfer in the past.,7,beneficiary_not_allowed
hi i received an error message informing me about the transaction failure. i have done the money transfer before and it never failed. please let me know what is the issue this time.,7,beneficiary_not_allowed
why would i receive an error that my transfer isn't possible when i've done it before?,7,beneficiary_not_allowed
my card isn't letting me purchase something and i wanted to know why.,7,beneficiary_not_allowed
why isn't my beneficiary allowed?,7,beneficiary_not_allowed
is a transfer to a beneficiary allowed?,7,beneficiary_not_allowed
what are then rules on beneficiaries?,7,beneficiary_not_allowed
why can't i buy cryptocurrency on the app?,7,beneficiary_not_allowed
payment did not process,7,beneficiary_not_allowed
i've been trying to make a transfer and it hasn't gone through. now i am receiving an error message. what is the problem?,7,beneficiary_not_allowed
i am having trouble transferring money to a beneficiery.,7,beneficiary_not_allowed
"why won't you take my transfer, i keep getting an error message.",7,beneficiary_not_allowed
beneficiary transfer problems?,7,beneficiary_not_allowed
why would my beneficiary not be allowed?,7,beneficiary_not_allowed
"i was transferring some money to a friend, which i thought would be free, but i see there is a charge. what's up with that?",64,transfer_fee_charged
"there is a fee for a transfer, please explain that to me.",64,transfer_fee_charged
i didn't know there was a charge for tranferring. what is the charge?,64,transfer_fee_charged
"i transferred money, why was charged for an extra fee?",64,transfer_fee_charged
when i made a transfer i was charged extra.,64,transfer_fee_charged
is there a fee that comes with transfers?,64,transfer_fee_charged
i shouldn't be charged any fee for transferring .,64,transfer_fee_charged
i've been using my account while abroad for a while but only recently i've been charged a fee. why am i only being charged a fee now.,64,transfer_fee_charged
why am i being charged a fee for transferring money ?,64,transfer_fee_charged
i transferred money from one account to another account and i charged a fee for it. why is that?,64,transfer_fee_charged
why was i charged extra when transferring?,64,transfer_fee_charged
during the last month i used this account to make payments for my place abroad. i noticed the fees have increased and i wonder why. shouldn't frequent users have less fees as incentive to keep using instead of increasing them out of nowhere?,64,transfer_fee_charged
why did it cost money to transfer funds?,64,transfer_fee_charged
what kind of fees will i pay when i transfer?,64,transfer_fee_charged
my transaction went through but i was charged a fee. why?,64,transfer_fee_charged
"a transfer i sent was received in less than the full amount i originally sent, and now i have to send additional funds to cover the full amount. what happened?",64,transfer_fee_charged
should i be seeing a fee applied for my money transfer?,64,transfer_fee_charged
can you please tell me why i was charged an extra fee on my transfer?,64,transfer_fee_charged
"i made a transfer and the receiver said an amount was received, but not exactly the same as the right amount. i now have to transfer more to get the remainder to the receiver. can you alert me about this. what's been happening?",64,transfer_fee_charged
"i made a transfer and the receiver said an amount was received, but less than the right amount. i now have to transfer more to get the remainder to the receiver. can you tell me about this. what's been going on?",64,transfer_fee_charged
why is my transfer more expensive than i thought?,64,transfer_fee_charged
why am i being charged to transfer funds?,64,transfer_fee_charged
i noticed additional charges when transferring?,64,transfer_fee_charged
why is there a charge for my transfer?,64,transfer_fee_charged
i got charged a fee for transferring money.,64,transfer_fee_charged
"i see a transfer fee, but to my understand, that should have been free, what happened?",64,transfer_fee_charged
why was i charged for transferring money?,64,transfer_fee_charged
i found a transfer fee - is that correct?,64,transfer_fee_charged
i did a transfer. what is the extra fee?,64,transfer_fee_charged
i got an unexpected charge on my transfers. how can i correct this?,64,transfer_fee_charged
why am i seeing a transfer fee on my bank statement?,64,transfer_fee_charged
"i transferred money, but i think i've been charged a fee for it?",64,transfer_fee_charged
please explain the fee on a transfer i made.,64,transfer_fee_charged
why was i charged an extra fee when doing a transfer?,64,transfer_fee_charged
"i was charged a fee for the transfer, but can you tell me why?",64,transfer_fee_charged
"so i've been using my account frequently to manage payments for my vacation house in a different country, and now i'm getting hit with ridiculously high fees! what's with that? ought not i be rewarded as a frequent user?",64,transfer_fee_charged
i bought something online and it says there was a fee to transfer money. isn't that free?,64,transfer_fee_charged
there's something wrong on my bill. a transfer fee should never have been added.,64,transfer_fee_charged
i did a transfer and was charged a fee that i shouldn't have been!,64,transfer_fee_charged
why are you charging me a transfer fee?,64,transfer_fee_charged
why was a fee changed for my transfer?,64,transfer_fee_charged
"i made a transfer and the receiver did not get the right amount its lesser than what it should be,now i have to transfer more money to make up for the missing amount . can you please help me about this, what should be done",64,transfer_fee_charged
does transferring money have a fee?,64,transfer_fee_charged
"why did the person i transferred money to not receive the correct amount? what should i do to get them the right amount, do i have to transfer more money to them?",64,transfer_fee_charged
why is there a fee for my transfer?,64,transfer_fee_charged
why is there a fee for the transfer i made?,64,transfer_fee_charged
why has transferring money resulted in a charge?,64,transfer_fee_charged
where did my extra fee for the transfer come from?,64,transfer_fee_charged
how much do i have to pay if i want to transfer money?,64,transfer_fee_charged
i thought transfers were free. why was i charged to transfer?,64,transfer_fee_charged
i made a transfer and was charged extra. why?,64,transfer_fee_charged
"i thought i can make transfers for free, this is not fair. i bought something online from abroad and there was some weird additional fee that i've never seen before?",64,transfer_fee_charged
"i transferred some money recently and saw a fee on my account, what's that for?",64,transfer_fee_charged
is it normal to see a fee for transferring money?,64,transfer_fee_charged
transfers are supposed to be free. i just got a fee tacked on to something i bought abroad. not cool. figure out how to remove it.,64,transfer_fee_charged
why am i being charged for transfers? are they not free?,64,transfer_fee_charged
why was i charged this extra fee while doing a transfer?,64,transfer_fee_charged
why was i chargged,64,transfer_fee_charged
is there a money transfer fee?,64,transfer_fee_charged
i was under the impression that transfers were going to be free and here i was charged for something i bought overseas! i don't think this fee is right,64,transfer_fee_charged
"i thought transfers were free, why was i charged?",64,transfer_fee_charged
why were there additional charges when i transferred funds?,64,transfer_fee_charged
are money transfers free?,64,transfer_fee_charged
my transfer seems to be too expensive.,64,transfer_fee_charged
who charged my card,64,transfer_fee_charged
a receiver let me know that they didn't receive the full transfer i completed and that it was actually a bit less than what i sent. at this point i have to make another transfer to make up for the amount missing. can you please follow up with what's going on here?,64,transfer_fee_charged
could you inform me as to why i have been charged a higher fee for doing banking abroad.,64,transfer_fee_charged
someone that i had to send money to told me that they didn't receive the full amount i sent them - can you look into this?,64,transfer_fee_charged
"i transferred 7,000 to a receiver outside the eu and they received a lesser amount than what i sent, unfortunately, now i must send an additional transfer to the receiver so that they can receive the full amount i initially sent. i'm not sure why they received a lesser amount than what i initially sen, but can you please look into this and let me know what happened?",64,transfer_fee_charged
extra charge during transfer,64,transfer_fee_charged
i use my card internationally to manage payments and i just noticed that you are adding additional fees. why? i am a good customer and this has me thinking about leaving.,64,transfer_fee_charged
"i made a transfer and the receiver said they haven't actually received the right amount, but it's a bit less. now i have to transfer more money to make up for the missing bit. can you please alert me about this, what has been going on?",64,transfer_fee_charged
i was informed that transfers were free. i noticed i have a fee but why?,64,transfer_fee_charged
will i be charged for transfers?,64,transfer_fee_charged
what is this fee for transfering,64,transfer_fee_charged
this isn't fair! i thought transfers could be made for free. i just made a purchase online from abroad and now see some strange fee that i've never seen before.,64,transfer_fee_charged
i had an unexpected fee,64,transfer_fee_charged
i was charged a fee for a transfer.,64,transfer_fee_charged
i thought you guys offered free transfers. why was i charged?,64,transfer_fee_charged
why would i be charged an extra fee while doing a transfer?,64,transfer_fee_charged
"i do not like this, i made a simple transfer but i have an additional charge for doing so.",64,transfer_fee_charged
what is the reason for the fee charge on my transfer?,64,transfer_fee_charged
i tried to transfer money to a receiver and they didn't get the right amount. what is going on and who do i contact to help me?,64,transfer_fee_charged
there is a fee from a transfer that is not supposed to be here!,64,transfer_fee_charged
i was under the impression i can make transfers for free. i made an online purchase for something that was obroad and there's some additional strange fee. i've never seen this before and this isn't fair.,64,transfer_fee_charged
why was a extra fee added to my account for transfer ?,64,transfer_fee_charged
why did you charge me a fee when i made a transfer?,64,transfer_fee_charged
why have i been charged a fee for transferring money?,64,transfer_fee_charged
are transfers not free? i didn't know i would be charged for transfers.,64,transfer_fee_charged
why was i charged a fee for transferring money,64,transfer_fee_charged
am i charged a fee to transfer funds?,64,transfer_fee_charged
can you please explain why i was charged an extra fee for my transfer?,64,transfer_fee_charged
someone made a mistake on my money transfer because i was charged extra fees.,64,transfer_fee_charged
"i've use my accounts all the time to manage my payments for my place abroad that i just got. i now see that i suddenly have new fees.i'm a frequent customer, so why are you charging me new fees instead of rewarding me?",64,transfer_fee_charged
i did a transfer and i was charged a fee that shouldn't be there!,64,transfer_fee_charged
why was i charged a random fee for a transfer i made?,64,transfer_fee_charged
why am i seeing a fee for transferring money?,64,transfer_fee_charged
"i've used my account frequently over the last month to manage my payments from abroad for my new place. i noticed that my fees have suddenly increased. as a frequent customer, shouldn't i be rewarded rather than suddenly being subject to a new fee?",64,transfer_fee_charged
i used this account a lot during the last month to manage my payments for my new place abroad. seems that suddenly fees have increased? shouldn't you instead reward your frequent customers instead of putting an additional fee suddenly?!,64,transfer_fee_charged
i thought that transfers are free. why was i charged an extra fee?,64,transfer_fee_charged
i am confused about your fee structure and was disappointed to see a fee for my transfer.,64,transfer_fee_charged
i thought transfers were free of charge. i bought something abroad and got charged a ridiculous fee. how do i get this problem fixed.,64,transfer_fee_charged
why was there an extra charge when i transferred money?,64,transfer_fee_charged
why is there a fee on my money transfer?,64,transfer_fee_charged
"i made a transfer and according to the receiver ""they haven't received the right amount"" its lesser than it should be.now i have to transfer more money to make up for the missing amount . can you please help me about this,what should be done",64,transfer_fee_charged
what is this fee for transferring money?,64,transfer_fee_charged
i have used this account overseas recently. has there been an increase in fees that i am unaware of?,64,transfer_fee_charged
why was i charged a fee to transfer,64,transfer_fee_charged
i need to know how much it costs to transfer funds.,64,transfer_fee_charged
i made a transfer and the person i transferred the money to didn't receive the right amount? why did this happen and how do i get the rest of the money to them?,64,transfer_fee_charged
why did i get charged a fee for transferring money?,64,transfer_fee_charged
why did i get charged for a transfer?,64,transfer_fee_charged
"i have used my account abroad for a while without any fees, why am i being charged additional fees all of a sudden?",64,transfer_fee_charged
can you elaborate on why i have an extra charge just for transferring?,64,transfer_fee_charged
why was i charged a fee to transfer money?,64,transfer_fee_charged
is it free to transfer money or is there a fee?,64,transfer_fee_charged
"i was charged a fee when i transferred my funds, why?",64,transfer_fee_charged
"i've use this account all the time, including over this past month, to pay for things from my new place abroad. i'm a really good customer, so why do i suddenly have new fees? i should be rewarded instead of charged more fees.",64,transfer_fee_charged
"so, i see a strange fee that i've never seen before after making an online purchase from abroad. i was under the impression transfers could be made for free. i don't think this seems fair.",64,transfer_fee_charged
is there a fee for transferring money,64,transfer_fee_charged
why was money taken for a transfer?,64,transfer_fee_charged
"i made a transfer and according to the receiver ""they haven't received the right amount"" its lesser than it should be.now i have to transfer more money to make up for the missing amount . can you please help me about this, what should be done ?",64,transfer_fee_charged
i don't appreciate the extra fees being siphoned from my account. i was helping some friends move to japan and we were buying home decorations at the local stores. the receipts differed greatly from what showed up in my bank account and my statement. when can i expect the extra fees to be back in my account?,64,transfer_fee_charged
why is there an extra fee on a transfer?,64,transfer_fee_charged
"hi, i have transferred money but beneficiary's account is credited with less amount. now i have transfer the difference of the amount. i think there is some issue, could you please look into this.",64,transfer_fee_charged
a receiver made me aware that they did not receive the full transfer that i made. the amount was showing to be a bit less. i now have to make a second transfer just to make up the difference. can you reach out and let me know what's going on?,64,transfer_fee_charged
can you explain the transfer fee that i was charged?,64,transfer_fee_charged
why am i being charged for transferring money?,64,transfer_fee_charged
"after reviewing my charges, i see i was charged a fee for a transfer i did, why?",64,transfer_fee_charged
why do i see a fee when i do a transfer?,64,transfer_fee_charged
how come i can see an extra charge for my transfer?,64,transfer_fee_charged
i don't think i was supposed to be charged so much.,64,transfer_fee_charged
i have a service fee that i've never seen before. it showed up after i bought something from an international seller online.,64,transfer_fee_charged
when i was transferring money i was charged extra why?,64,transfer_fee_charged
"i was charged a transfer fee, why is that?",64,transfer_fee_charged
i have a fee listed for a transfer.,64,transfer_fee_charged
i noticed that there was an extra charge fee on my account. could you explain to me why?,64,transfer_fee_charged
hey there's a fee for a transfer on my account. why?!,64,transfer_fee_charged
does it cost anything to buy something from another country? like is there going to be hidden transfer fees or currency conversion fees?,64,transfer_fee_charged
why do i have an unexpected fee on my bill?,64,transfer_fee_charged
i just transferred some money. why was i charged a fee?,64,transfer_fee_charged
why is there a fee for doing a transfer?,64,transfer_fee_charged
why are there additional fees for transfers?,64,transfer_fee_charged
"after a transfer, i see an extra fee. why?",64,transfer_fee_charged
hey i thought transfers were free. why are you charging me?,64,transfer_fee_charged
"i transferred money to a receiver within the eu and they received a lesser amount than expected. now i will have to send additional money to the receiver in order to make up the difference. i'm not sure what went wrong, can you please advise?",64,transfer_fee_charged
i made a transfer and was charged an extra fee!,64,transfer_fee_charged
what is this extra fee while i was doing a transfer?,64,transfer_fee_charged
next time maybe let people know that buying things from another country costs extra. i used my card to purchase an item from another country and i was charged for the item and also an extra fee it looks like. i wasnt aware of this and i think i should get a refund.,64,transfer_fee_charged
"hi! i'm a university student studying abroad and i noticed that when i was trying to cross-reference my budget for this month that there were extra fees i was not expecting. why is that? i've had this account for years and i haven't had any trouble so far, it might not even be on your all's end since i'm still new to international travel and finance, but i wanted to double check in case a mistake was made!",64,transfer_fee_charged
will i get extra charges?,64,transfer_fee_charged
"i noticed a fee, while banking abroad, that seems different than any i have been charged before. what does this fee mean?",64,transfer_fee_charged
i think i have an extra transfer charge.,64,transfer_fee_charged
"i usually don't get charged for transfers, why was i this month?",64,transfer_fee_charged
why was my transfer charged a fee?,64,transfer_fee_charged
i should not have been charged a fee for my transfer.,64,transfer_fee_charged
i did a transfer and was charged a fee that should not have been charged!,64,transfer_fee_charged
i was charged a fee for a transfer. where did it come from?,64,transfer_fee_charged
why did i get charged a fee for my transfer?,64,transfer_fee_charged
how come a fee was charged when i tranferred money,64,transfer_fee_charged
why was a fee charged to me for transferring money?,64,transfer_fee_charged
why do i get a fee every time i transfer?,64,transfer_fee_charged
i was charge a fee that i wasn't told about,64,transfer_fee_charged
i noticed a charge for a transfer. why is this? is it because i did an international transfer?,64,transfer_fee_charged
is it right that i've been charged for transferring money?,64,transfer_fee_charged
this transfer incurred a fee that i don't think is right.,64,transfer_fee_charged
"i just recently got a new beach condo in bora bora, and to furnish it i used this account a lot from overseas. it's upsetting, being a long-time customer of yours, that i saw extra fees on my account from my currency transfer. is this what i should expect from you in the future?",64,transfer_fee_charged
why was i charged a fee when making this transfer when i shouldn't have been?,64,transfer_fee_charged
"i just moved overseas and i noticed that you are charging me more fees. i am a loyal customer, is this how you expect to keep customers?",64,transfer_fee_charged
im not sure why im being charged an extra fee just for purchasing an item from another country? i paid for the item and the shipping why am i getting charged extra?,64,transfer_fee_charged
i make payments for my place abroad using this account and since i use it so frequently i was wondering why did the fees increase suddenly rather than decreasing? i would think customers like me should receive incentives for using your service,64,transfer_fee_charged
why was there a transfer fee on my account?,64,transfer_fee_charged
can my salary be received here?,50,receiving_money
how can my boss pay me directly to the card?,50,receiving_money
salary in gbp has been received. does it need to be configured into another place?,50,receiving_money
i am paid by my employer in gbp; do i need to do anything in the app to indicate this?,50,receiving_money
how can my friend give me money?,50,receiving_money
i would like to know how my friend would be able to send me money,50,receiving_money
how can i receive money?,50,receiving_money
i received a transfer in gbp how do i change it to a different currency?,50,receiving_money
how can my friend send money to me?,50,receiving_money
can i receive my salary with this in another currency?,50,receiving_money
can i receive transfers from my employer to this account?,50,receiving_money
will my gpb update my salary,50,receiving_money
how do i transfer funds if i am paid in gbp?,50,receiving_money
am i able to receive my salary this way?,50,receiving_money
what are the steps for getting money from a friend?,50,receiving_money
can i directly deposit my salary to this account?,50,receiving_money
how can i receive my salary with a different currency?,50,receiving_money
my salary is in gbp - what should i do?,50,receiving_money
i would like to receive my salary in a different currency. how does that work?,50,receiving_money
how can people transfer money to me?,50,receiving_money
i want to get my salary deposited as pesos?,50,receiving_money
my salary is deposited in gbp. do i need to choose the currency?,50,receiving_money
what do i need to do to get my salary through this?,50,receiving_money
how can you transfer my salary to my correct currency?,50,receiving_money
i need my payment in another currency,50,receiving_money
how do i find out about transfers,50,receiving_money
i received my salary in the wrong currency. how do i change this?,50,receiving_money
can i transfer my payroll to the bank?,50,receiving_money
can i receive transfers from my employer this way?,50,receiving_money
can my friend send me money if it is not in us dollars?,50,receiving_money
"do i need to select a preference to receive my salary payments in gbp and, if so, where?",50,receiving_money
how do i get money from friends?,50,receiving_money
is it possible for a friend to personally send me a payment?,50,receiving_money
what are the steps for my friend to send me money?,50,receiving_money
can i receive payments in another currency?,50,receiving_money
what do i need to do to receive my payroll in the account?,50,receiving_money
please show me how my friend can send me money.,50,receiving_money
"how do i know what my account is set to, i am paid in gbp?",50,receiving_money
can i receive money in a different countries money?,50,receiving_money
can i transfer my salary if its in gbp?,50,receiving_money
can my friend send me money?,50,receiving_money
"my salary is in gbp, do i need to exchange it before putting it into my account?",50,receiving_money
do i need to convert my currency from gbp before transferring?,50,receiving_money
is it ok for a friend to send me money?,50,receiving_money
can my husband open an account and transfer money,50,receiving_money
how can i receive money from someone?,50,receiving_money
what can i use to receive my salary?,50,receiving_money
"my friend wants to send me money, can she?",50,receiving_money
how can i receive money from my friend?,50,receiving_money
can i get paid for this in another currency?,50,receiving_money
can i use my salary for this?,50,receiving_money
can i transfer money using a different currency?,50,receiving_money
can i have a friend send money directly to me?,50,receiving_money
can i transfer my salary onto here?,50,receiving_money
can this app take my salary?,50,receiving_money
"my salary is received in the form of gbp. is it necessary to configure this? if so, where is this done?",50,receiving_money
may i get my salary paid out in a different currency?,50,receiving_money
i use gbp for my salary deposits. must i set this up somewhere?,50,receiving_money
"i was wondering, can i get my pay in another currency?",50,receiving_money
what will i need to configure if my salary is in gbp?,50,receiving_money
what currencies can i receive my salary in with this?,50,receiving_money
who can send me money?,50,receiving_money
"my salary is in gbp, is this something i need to configure?",50,receiving_money
can my salary be received and transferred to my current currency in my country?,50,receiving_money
can i transfer my paycheck to the account?,50,receiving_money
how does one send me money?,50,receiving_money
my salary comes in gbp can i change my options somewhere?,50,receiving_money
how do i receive money from someone?,50,receiving_money
how can i receive my salary in another currency?,50,receiving_money
are there ways for other people to send me money?,50,receiving_money
what if i need my salary in another currency?,50,receiving_money
how would my friend be able to send me money?,50,receiving_money
will my employer be able to pay me with this service,50,receiving_money
which foreign currencies can i get transferred into my account?,50,receiving_money
is there any way to get my salary in a different currency?,50,receiving_money
what methods are available for my friend to send me money?,50,receiving_money
how to receive transfers from my employer when i get paid in gbp?,50,receiving_money
am i allowed to use different currencies?,50,receiving_money
can i receive payment in another currency?,50,receiving_money
can friends send me money?,50,receiving_money
how can my friend pay me?,50,receiving_money
"i have obtained the salary in gbp, will it need to be configured?",50,receiving_money
can i use a transfer to receive my transfer?,50,receiving_money
can friends transfer money to each other?,50,receiving_money
can my job deposit my wages directly into the account.,50,receiving_money
do i need to do anything special for my friend to send money to my account?,50,receiving_money
my friend would like to send me money. what are the options available to them?,50,receiving_money
do i need to add my salary?,50,receiving_money
will you accept my salary if it's in another currency?,50,receiving_money
"if my salary is in gbp, do i need to do something?",50,receiving_money
can i use a different currency with my salary?,50,receiving_money
my salary is in gbp. do i need to configure this somewhere?,50,receiving_money
how can i configure what currency my salary is in if it's in gbp?,50,receiving_money
do you support direct deposits from my employer?,50,receiving_money
can i get payed through this system?,50,receiving_money
what is happening? i have tried to transfer money 5x already. is the system down? this shouldnt be happening as this is a basic transfer.,35,failed_transfer
is there a reason that my transfer failed?,35,failed_transfer
why didn't my transfer complete?,35,failed_transfer
why was i unable to finish this transfer?,35,failed_transfer
"i have made 5 attempts to make a very standard survey, yet i can't get it to work. what is the problem? is there an issue related to your system?",35,failed_transfer
"your system is broken. my transfers keep failing, 5 times now.",35,failed_transfer
i tried to make a transfer like five different times. why won't your system let me? is it broke?,35,failed_transfer
can you tell me why i wasn't able to complete my transfer?,35,failed_transfer
why wont the other bank take my money?? is it not good enough?? there's sufficient funds but i keep getting denied a standard transfer. ive tried 5 times!,35,failed_transfer
is there a problem with your system being down or something? i have already tried 5 times to issue a standard transfer but i'm getting nowhere.,35,failed_transfer
a transfer could not be completed.,35,failed_transfer
what would cause a transfer failure?,35,failed_transfer
i believe that my transfer hasn't gone through.,35,failed_transfer
transfer isn't working?,35,failed_transfer
can you tell me why my transfer is failing and help resolve?,35,failed_transfer
transfer has failed.,35,failed_transfer
did my transfer fail?,35,failed_transfer
i tried to make a transfer but it failed. will you tell me why?,35,failed_transfer
i was unable to transfer money from my account.,35,failed_transfer
why hasn't my transfer gone through,35,failed_transfer
i really need some help to understand why my transfer keeps failing. i'm trying to send money to a friend. please help.,35,failed_transfer
i have tried 5 times at this point to complete a transfer that's simply standard. what appears to be the problem? is your system messed up?,35,failed_transfer
"hi, i am currently in the process of buying a flat and i am waiting for the mortgage to go through but it keeps showing up as an error. do you know what could be causing this and can you help me get the money over.",35,failed_transfer
"hi, i'm in progress of purchasing a flat and am trying to make to make a payment. an error is appearing, and i need assistance.",35,failed_transfer
why did my transfer not work?,35,failed_transfer
"the transfer keeps failing - i tried to transfer some money to friends this morning but it keeps getting rejected for some reason, i have no idea why",35,failed_transfer
i've been trying to do a transfer multiple times and have failed? is the system down?,35,failed_transfer
i have tried sending a standard transfer five times and it hasn't gone through. what is the problem?,35,failed_transfer
my transfer failed when i tried.,35,failed_transfer
can you explain why my transfer was unsuccessful?,35,failed_transfer
why did my transfer fail? what can i do?,35,failed_transfer
my transfer failed. help!,35,failed_transfer
my transfer failed to process correctly. is there a reason this would happen?,35,failed_transfer
can you help me transfer money into my friend's bank account? i tried to do it but it keeps rejecting me. i need to get the money in there asap. i have enough and all the account info is correct.,35,failed_transfer
i tried to make a transfer and it didn't work.,35,failed_transfer
please help my transfer go through,35,failed_transfer
my transfer didn't work! help!,35,failed_transfer
what could possibly be the cause of my failed transfer?,35,failed_transfer
is there a reason behind why my transfer did not work?,35,failed_transfer
why won't my transfer go through?,35,failed_transfer
why can't i make a transfer?,35,failed_transfer
"i got a transfer fail message, but no explanation of why-- what happened?",35,failed_transfer
why did the transfer fail when i attempted to do it earlier?,35,failed_transfer
"hello. i ran into a problem with a transfer this morning. i was trying to send money to some friends but when i tried to send it, the transfer failed. i don't know what is causing the transfer to be rejected. please let me know what is causing the problem. thanks.",35,failed_transfer
"so, i am in the middle of purchasing a flat. i need the money for the first mortgage payment and it is not going through. i keep receiving an error. can you find out what's going on and help me complete this transfer?",35,failed_transfer
can you tell my why my funds transfer did not work properly?,35,failed_transfer
why didn't my transfer work?,35,failed_transfer
"hi there, i've tried to make a transfer 5 different times and its not working. is your system down or something?",35,failed_transfer
why can i not make a transfer?,35,failed_transfer
"my transfer failed, why did that happen?",35,failed_transfer
the app says my transfer failed,35,failed_transfer
is there a reason my transfer failed?,35,failed_transfer
why was my transaction not approved?,35,failed_transfer
i attemped a transfer and it didn't go through.,35,failed_transfer
is the a reason why my transfer has failed?,35,failed_transfer
the transfer i tried to make failed.,35,failed_transfer
can you please assist me in completing a transfer? i'm trying and i keep getting an error. i'm trying to purchase a flat and pay the initial mortgage payment. all i keep getting is an error. can you find out what's happening here?,35,failed_transfer
"why can't i transfer my money into someone else's account? i should be able to do so right? why does it keep rejecting my transfer? there's no reason, all my info is correct and the money is there.",35,failed_transfer
"hello, i am buying a flat and need the inital payment for the mortgage to go through. it keeps showing up as error, what is going on? can you please help me make this transfer?",35,failed_transfer
why can't i complete my transfer?,35,failed_transfer
"my card couldn't complete a transfer, why?",35,failed_transfer
"hey, i'm buying a flat and i need my mortgage to go though. however, every time i check i get an error message. is there any way you can help me with this transfer.",35,failed_transfer
"errors keep showing up every time i try to make this transfer and i am on a time crunch, could you please help.",35,failed_transfer
why do my transfers keep failing?,35,failed_transfer
why didn't this transfer work?,35,failed_transfer
"hi, i have been transferring money to my friends since morning, but all my transactions were getting failed. can you please look into this issue.",35,failed_transfer
"my transfer did not work, what was the reason?",35,failed_transfer
what do i need to do to correct this failed transfer?,35,failed_transfer
i tried to do a transfer and it hasn't worked!,35,failed_transfer
what went wrong when i tried to do my transfer?,35,failed_transfer
why does it say my transfer failed?,35,failed_transfer
i don't think my transfer wen through. why?,35,failed_transfer
how can i find out why my transfer didn't go through?,35,failed_transfer
"i needed to send my friends some money urgently. i tried multiple times to transfer the money this morning, but the transfer keeps failing. can you tell me why the transfer is getting rejected?",35,failed_transfer
i tried to make a transfer and it failed.,35,failed_transfer
"after i attempted a transfer, it failed.",35,failed_transfer
i couldnt transfer money from my account.,35,failed_transfer
"what stopped my transfer, from being accepted?",35,failed_transfer
i've already tried 5 times to complete a transfer that's just standard. what's the deal? is your system down at this time?,35,failed_transfer
what caused my transfer to fail?,35,failed_transfer
my transfer failed,35,failed_transfer
"i tried to make a transfer, but it didn't work.",35,failed_transfer
how is this transfer supposed to work? it's not working for me.,35,failed_transfer
"this morning, i tried to send money to my friends several times but each time the transfer fails. why does it keep failing? the transfer gets rejected but i do not know what is causing it to be rejected.",35,failed_transfer
i'm trying to purchase a flat but i need my first payment for my mortgage to go through first. i keep getting an error. i'm not sure what is going on but i need help making this transfer.,35,failed_transfer
"my transfer failed, why?",35,failed_transfer
my transfer is failing when i try to do it.,35,failed_transfer
i can't seem to make a standard bank transfer. i have tried at least five times already but none of them are going through. please tell me what is wrong?,35,failed_transfer
what may be the reason that my transfer did not go through?,35,failed_transfer
i tried to transfer money but it didn't go through,35,failed_transfer
my transfer didn't complete. why can't i access funds?,35,failed_transfer
been trying to transfer money this morning but keep getting rejected. i don't understand why this is happening.,35,failed_transfer
"hi, i'm trying to purchase a flat and i'm needing the first payment for the mortgage to go through on the flat i'm trying to buy. for some reason i keep getting an error.can you assist in making this transfer? what is going on?",35,failed_transfer
my transfer didn't work how come?,35,failed_transfer
hi i'm sending some money over to an investment bank i do business and the transaction is being rejected. i'm not sure why as i think i have the right details.,35,failed_transfer
i think my transfer failed. what do i do now?,35,failed_transfer
"i attempted a transfer, but it failed.",35,failed_transfer
i couldn't make a transfer,35,failed_transfer
hello. i'm trying to transfer some money to a friend but it keeps getting rejected. can you help me?,35,failed_transfer
"the transfer keeps rejected, i tried to transfer some money to friends but it keeps getting rejected for some reason, would you please check the issue?",35,failed_transfer
i've been trying to make a transfer and it doesn't seem to be working. (5 times) what is wrong with your system?,35,failed_transfer
why are my transfers not going through. i have tried over 4 times to get it to work. this is just a simple transfer. is something else causing this in the system? is it broken?,35,failed_transfer
why was i not able to complete my transfer?,35,failed_transfer
"the transfer keeps failing , i tried to transfer some money to friends this morning but it keeps getting rejected for some reason, would you please check the issue?",35,failed_transfer
why was my transaction declined?,35,failed_transfer
why wouldn't a transfer go through?,35,failed_transfer
can you please tell me why my transfer failed?,35,failed_transfer
i did a transfer earlier but see that it failed to go through.,35,failed_transfer
why has my payment not transferred?,35,failed_transfer
i tried to do a transfer but it didn't go through.,35,failed_transfer
the attempted transfer failed.,35,failed_transfer
i need help making this transfer. i keep getting an error. i'm trying to purchase a flat but i need my mortgage payment to go through first. can you help?,35,failed_transfer
why does my transfer keep failing? i've tried 5 times and they all failed.,35,failed_transfer
a mortgage payment i'm making is giving me an error message. this is the first time i'm making this payment and want to know what's wrong.,35,failed_transfer
"hi, can you tell me why my transfer keeps being rejected? i've been trying to send money to my friends this morning but failed every time and i have no idea why?",35,failed_transfer
i need assistance completing a transfer. i'm trying to purchase a flat and need the money for the initial mortgage payment. i keep getting an error and the transfer is not going through. what is going on here?,35,failed_transfer
what are the reasons that my mortgage payment won't go through? i'm getting an error and don't know how to correct to get this transfer to go through.,35,failed_transfer
why was i unable to complete my transfer?,35,failed_transfer
"hi, i'm buying my son bertie a starter home in london. i'm just trying to send the 5% deposit over to the agent. it's only £200,000 but seems to be throwing an error. what is going on? if i wait any longer the house prices might rise, can you look in to it please?",35,failed_transfer
i'm trying to make a bank transfer but it's not going through. could there not be enough funds to transfer or something? have i done it too many times?,35,failed_transfer
i need to know what is going on. i'm attempting to purchase a flat and need the money to pay on my initial mortgage payment. i'm only getting an error. can you find out what's going on and help in making the transfer?,35,failed_transfer
can you please explain why my transfer failed?,35,failed_transfer
i think youre system may be broken because i have tried transfer money 5x and it isnt working! i'm not doing anything complicated it is what i usually do.,35,failed_transfer
i am trying to transfer money and something is going wrong.,35,failed_transfer
i am unsuccessfully trying to make a transfer can you help?,35,failed_transfer
"i can't transfer any money from my account to my friend's account, it keeps rejecting it. can you tell me why? i have enough funds in my account to transfer.",35,failed_transfer
why did the bank reject my transfer?,35,failed_transfer
"i tried and tried, but i could not complete my transfer. tell me what is wrong.",35,failed_transfer
i'm getting an error when trying to make a payment. i want to purchase a flat but my mortgage payment needs to go through. can you help me?,35,failed_transfer
the transger i tried to make failed.,35,failed_transfer
"when i tried to transfer funds to my friend today i was unable to do so, why?",35,failed_transfer
"i've tried to send money to my friends and i keep getting rejected. can you please tell me why, i don't understand.",35,failed_transfer
why do i have a failed transfer,35,failed_transfer
i've tried completing a very standard transfer and have already attempted it 5 times. what's going on here? is there a problem with your system?,35,failed_transfer
"when i attempted to make a transfer, it failed.",35,failed_transfer
why can't my transfer complete?,35,failed_transfer
why can't i complete the transfer?,35,failed_transfer
i want to transfer money. how do i do that for my account?,65,transfer_into_account
how do i transfer money into my account?,65,transfer_into_account
how can i link my bank to my top up account?,65,transfer_into_account
i have an account that is empty of funds. can i transfer some from another bank?,65,transfer_into_account
how do i transfer money from my bank account?,65,transfer_into_account
whats the transfer process,65,transfer_into_account
how can you assist me on topping up on bank transfers to my account?,65,transfer_into_account
can i add money to my account via bank transfer?,65,transfer_into_account
i want to op up my account by using bank transfer. how do i go about it?,65,transfer_into_account
i have questions about how to transfer money to my account.,65,transfer_into_account
i need to add money to my account. can i do so via bank transfer?,65,transfer_into_account
can i use my bank account to send me more money?,65,transfer_into_account
i can't figure out how to transfer money into my account.,65,transfer_into_account
can you please explain how to transfer money using the bank transfer process?,65,transfer_into_account
how simple is it to transfer money into my account?,65,transfer_into_account
how can my account have money transferred into it?,65,transfer_into_account
"i am in desperate need to transfer funds from another account that i have into this one, how do i do that?",65,transfer_into_account
how do i use bank transfer to top up my account?,65,transfer_into_account
how do i top up?,65,transfer_into_account
why can i not transfer money into my account?,65,transfer_into_account
how can i move money from an account at another bank to this one?,65,transfer_into_account
what process should i use to transfer money into my account?,65,transfer_into_account
"i want to transfer money into my account, what do i do?",65,transfer_into_account
i need to deposit money to my account,65,transfer_into_account
can you transfer money to your card by bank transfer?,65,transfer_into_account
what do you do to transfer money to my account?,65,transfer_into_account
how can i move money from my account at a different bank to the account i have at this bank.,65,transfer_into_account
please provide details on how to top up my account using transfer option,65,transfer_into_account
where can i find out how to transfer money into my account.,65,transfer_into_account
how does it work when i transfer money into my account?,65,transfer_into_account
i need assistance with transferring funds to another account.,65,transfer_into_account
how can i add money to my account from another account i have?,65,transfer_into_account
i have money in a foreign account that i want to send to this account.,65,transfer_into_account
how can i transfer money into my account?,65,transfer_into_account
i need to move money from another bank to this account.,65,transfer_into_account
i need to transfer money into this account from my other bank account.,65,transfer_into_account
how do i go forth with bank transfers for top up accounts?,65,transfer_into_account
"i have an account at another bank, but i want to transfer some of the money to my account here. .",65,transfer_into_account
"i want to do a bank transfer to this bank, from an account at another bank.",65,transfer_into_account
what are my bank details so i can do a transfer?,65,transfer_into_account
how would i use a bank transfer for topping my account?,65,transfer_into_account
i would like to know how to transfer money into my account.,65,transfer_into_account
my account is devoid of funds. am i permitted to submit additional money via bank transfer?,65,transfer_into_account
how does a bank transfer for topping my account work?,65,transfer_into_account
i'd like to know how transferring my money into my account works.,65,transfer_into_account
how is my money transferred to the account,65,transfer_into_account
how do i top up my account with a bank transfer?,65,transfer_into_account
i need to transfer money to my account from another bank,65,transfer_into_account
i would like to transfer money into my account.,65,transfer_into_account
i would like to transfer money from my checking account to my savings account.,65,transfer_into_account
i want to transfer money into my account,65,transfer_into_account
what transfer methods do you accept?,65,transfer_into_account
"i need to transfer money into my account, and i don't know how to do that.",65,transfer_into_account
"i need to transfer money into my account, how?",65,transfer_into_account
can i transfer money to my card via bank-transfer?,65,transfer_into_account
how can i transfer some money into a foreign account?,65,transfer_into_account
i need to know the process to transfer money into my account.,65,transfer_into_account
can i add money to top up my account via a bank transfer?,65,transfer_into_account
what currencies can i use to top up my account?,65,transfer_into_account
how do i top up my account using transfer?,65,transfer_into_account
account topping up bank transfers to my account assistance please?,65,transfer_into_account
i want to take some funds from my other bank account and add them to this one.,65,transfer_into_account
i need more money in my account. can i add more by transferring?,65,transfer_into_account
how do i go about transferring money into my bank account?,65,transfer_into_account
how do i go forth on transferring a sum of money from one account to another?,65,transfer_into_account
how do i initiated a bank transfer to top up?,65,transfer_into_account
how can i transfer money between accounts?,65,transfer_into_account
whats the process of tranfering money into an account?,65,transfer_into_account
"i would like to top up my account with a bank transfer, is that allowed?",65,transfer_into_account
how can i deposit money to my account?,65,transfer_into_account
i have zero dollars in my account. can i submit additional funds via bank transfer?,65,transfer_into_account
what are the steps for making a transfer for topping up?,65,transfer_into_account
"for my account, how do i transfer money in?",65,transfer_into_account
how do i transfer money between two of my accounts?,65,transfer_into_account
what is the procedure to transfer money to my account?,65,transfer_into_account
is a bank transfer acceptable for topping up my account?,65,transfer_into_account
i have no more money in my account. is there a way to do a bank transfer to put money into my account?,65,transfer_into_account
i need to transfer funds from my other bank account into this bank account.,65,transfer_into_account
i want to transfer a sum of money from another bank account i have into this one,65,transfer_into_account
can i transfer money to my account with the app?,65,transfer_into_account
can you tell me how transferring money into my account works?,65,transfer_into_account
help! my account doesn't show any funds. is transferring funds an option i can use?,65,transfer_into_account
how do i transfer cash my into my account?,65,transfer_into_account
how can i top up my account by bank transfer?,65,transfer_into_account
i was wondering about transferring money into my account and how it works. can you tell me about that?,65,transfer_into_account
my money is all gone. what ways are okay to add money to my account?,65,transfer_into_account
i need to move money from one of my other accounts to this one.,65,transfer_into_account
what is the process for transferring money into my account?,65,transfer_into_account
tell me how to top up my account using bank transfer.,65,transfer_into_account
can i top-up my card using a bank transfer.,65,transfer_into_account
can i use a bank transfer to add money to my account?,65,transfer_into_account
"i want to top up by transfering accounts, what do i do?",65,transfer_into_account
show me how to transfer to my account,65,transfer_into_account
how does your app transfer the money,65,transfer_into_account
how do i deposit through bank transfer?,65,transfer_into_account
my account is depleted. can i transfer funds from another bank?,65,transfer_into_account
can you please explain the topping up transfer process?,65,transfer_into_account
what can i expect if i use bank transfer to top up my account?,65,transfer_into_account
i want to transfer some money from my other bank account into this one.,65,transfer_into_account
i want to transfer money from another account into this one.,65,transfer_into_account
i would like to move money from one account to another to top off my account. can you explain how i can do that?,65,transfer_into_account
can i withdraw money from another bank and transfer it into my empty account?,65,transfer_into_account
how can i go about transferring money to my account?,65,transfer_into_account
how can i transfer money to this account from another bank?,65,transfer_into_account
can i transfer money i the app,65,transfer_into_account
how do i transfer money from one bank account to another?,65,transfer_into_account
what steps are taken to transfer money into my account?,65,transfer_into_account
i am out of money in my account and i was wondering if i could do a bank transfer is put more in it?,65,transfer_into_account
can you please explain how bank transfers work?,65,transfer_into_account
can you help me transfer funds from another bank account to this account?,65,transfer_into_account
i am looking to transfer some money from my other bank account into this one.,65,transfer_into_account
where do i go to transfer money from one account to this one,65,transfer_into_account
i need money put into this account from another one.,65,transfer_into_account
do you know how i can verify that i did a top-up to my card?,71,verify_top_up
where is the code for verifying the top up card?,71,verify_top_up
the top-up card is verified how?,71,verify_top_up
tell me about verifying top-up,71,verify_top_up
what is the verification code for my top up card?,71,verify_top_up
explain to me how to verify the top-up card.,71,verify_top_up
how can i verify my top-up card?,71,verify_top_up
can you show me how to verify the top-up card?,71,verify_top_up
can you explain to me the way to verify my top up has gone through?,71,verify_top_up
i can't find the top-up card verification code.,71,verify_top_up
i would like to receive instructions showing the verification process for top up cards..,71,verify_top_up
where is the top-up verification code located?,71,verify_top_up
for what reason must i authenticate the top up?,71,verify_top_up
what's my top-up verification code?,71,verify_top_up
why do the top-ups need to be verified?,71,verify_top_up
does the top-up need verified?,71,verify_top_up
i am having trouble finding the top-up card verification code.,71,verify_top_up
why do you ask for top-up verification?,71,verify_top_up
where can i find the top up verification code?,71,verify_top_up
how is top-up verified?,71,verify_top_up
do i need to verify my top-up card?,71,verify_top_up
how do i verify my card?,71,verify_top_up
what is the point of verifying a top up?,71,verify_top_up
how do i verify my top up?,71,verify_top_up
how do i find the top-up verification code?,71,verify_top_up
why does top-up need to be verified?,71,verify_top_up
why do i have to verify top up?,71,verify_top_up
"i'm trying to verify my top-up card, but i can't find the code...?",71,verify_top_up
how can i verify the top-up card?,71,verify_top_up
how do i find the code to verify the top up card?,71,verify_top_up
i need to find the top up verification code,71,verify_top_up
please help me find my top-up verification code,71,verify_top_up
where can i find the verification code for the card top-up?,71,verify_top_up
do i need to verify my top-up?,71,verify_top_up
why do we need to verify a top-up card?,71,verify_top_up
i have a top up card. where is the verification code?,71,verify_top_up
how do i find the code needed in order to verify my top-up card?,71,verify_top_up
how do i find my top-up card's verification code?,71,verify_top_up
how do i verify the top-up?,71,verify_top_up
how many digits identify the top-up verification code?,71,verify_top_up
what is the significance of verifying the top-up?,71,verify_top_up
why do we need to verify top-up?,71,verify_top_up
please verify my top-up card,71,verify_top_up
is there a reason why top-up needs verifying?,71,verify_top_up
i don't know where the top-up verification code is.,71,verify_top_up
verifying the top-up seems like a hassle.,71,verify_top_up
i can't see a verification code anywhere,71,verify_top_up
verify top-up card help?,71,verify_top_up
what do i do to verify a top-up?,71,verify_top_up
is there a way to verify a card top-up?,71,verify_top_up
how to verify top up card?,71,verify_top_up
why are top-ups being verified?,71,verify_top_up
why verify the top up? it doesnt make sense,71,verify_top_up
the top-up verification code is not visible.,71,verify_top_up
"i just tried to top-up and now i'm getting an additional verification message, why?",71,verify_top_up
where do i find my code to verify my top-up card?,71,verify_top_up
why verify the top-ups?,71,verify_top_up
can you tell me where to find the top-up verification code?,71,verify_top_up
how do i verify the top-up card?,71,verify_top_up
help me verify the card used on a top-up.,71,verify_top_up
"on a card top-up, where can i verify?",71,verify_top_up
"i'm trying to verify my top up card, how do i do that?",71,verify_top_up
what is the verification process used for?,71,verify_top_up
where is my top-up verification code?,71,verify_top_up
where can i find my top-up verification code?,71,verify_top_up
where is the top-up verification code?,71,verify_top_up
i don't see a code anywhere on my top-up card? where can i find it? i need to verify!,71,verify_top_up
why do i have to verify my top-up card?,71,verify_top_up
do i have to verify the top-up?,71,verify_top_up
why do i need to verify the top-up?,71,verify_top_up
where can i find the verification code for the top up card?,71,verify_top_up
i can't see a top-up top-up verification code.,71,verify_top_up
i don't see the verification code for my card transfer.,71,verify_top_up
why does top-up require verification?,71,verify_top_up
is there a reason i need to verify top up,71,verify_top_up
is the verification number on the top up card,71,verify_top_up
what is the verification process for a top up card?,71,verify_top_up
where is the top-up card verification code?,71,verify_top_up
how do i verify the top up?,71,verify_top_up
i am looking for my top-up verification code and cannot find it.,71,verify_top_up
how do i authenticate a top-up card?,71,verify_top_up
do i need to verify the top-up?,71,verify_top_up
what's the deal with verifying the top-up?,71,verify_top_up
can you tell me where to find my top-up verification code?,71,verify_top_up
where is the top up verification code found?,71,verify_top_up
please tell me how to verify my top up card.,71,verify_top_up
how do i secure a top-up card?,71,verify_top_up
what's up with verifying top-ups?,71,verify_top_up
why do i need to verify a top-up?,71,verify_top_up
can i verify my top-up card?,71,verify_top_up
why is it necessary to verify the top up?,71,verify_top_up
why should i verify the top-up?,71,verify_top_up
this verifying the top up is annoying,71,verify_top_up
why do we need to verify top-ups?,71,verify_top_up
how are top-ups verified?,71,verify_top_up
tell me how i can verify a card top-up.,71,verify_top_up
do i need to verify my top up?,71,verify_top_up
my top up card needs verification and i don't know how to do it,71,verify_top_up
where's my top up code?,71,verify_top_up
where do i find the verification code for the card i'm topping up?,71,verify_top_up
where can i find the verification code for a top-up?,71,verify_top_up
where do i verify a top-up card?,71,verify_top_up
what is the top up code for?,71,verify_top_up
why do you verify the top up,71,verify_top_up
tell me why i need top-up to be verified?,71,verify_top_up
"i just want to top-up, why do i need to verify anything?",71,verify_top_up
verifying top-up cards necessary?,71,verify_top_up
where is the top-up verification code sent?,71,verify_top_up
what's a verification code?,71,verify_top_up
tell me how to verify a top up.,71,verify_top_up
where is the verification code display?,71,verify_top_up
what can i do to verify my card?,71,verify_top_up
why is top-up verified?,71,verify_top_up
why do i need top-up to be verified?,71,verify_top_up
how do i authenticate my top-up?,71,verify_top_up
what is the verification process for my card?,71,verify_top_up
i don't see the top-up verification code anywhere,71,verify_top_up
i'm being asked for a verification code. where do i find it?,71,verify_top_up
why does a top- up need to be verify?,71,verify_top_up
help my find the verification code on a top-up.,71,verify_top_up
how can i verify my top up?,71,verify_top_up
i need help finding the verification code on the top up card.,71,verify_top_up
what does top-up verification do?,71,verify_top_up
i can not find the top-up verification code.,71,verify_top_up
how do i go about verifying the top-up card?,71,verify_top_up
why do i need to verify the top up?,71,verify_top_up
are extra charges added for sending out additional cards?,39,getting_spare_card
i'd like to order an additional card,39,getting_spare_card
i want some extra physical cards.,39,getting_spare_card
"i would like open a second card for my daughter, how can you assist me?",39,getting_spare_card
am i gonna be charged for sending out more cards?,39,getting_spare_card
would i have to pay anything if i need an additional card?,39,getting_spare_card
is it possible to get a second card for my daughter?,39,getting_spare_card
can i get a few more physical cards?,39,getting_spare_card
what's the limit on total number of cards i can have?,39,getting_spare_card
is there a charge for sending out more cards?,39,getting_spare_card
how much does it cost to get more cards?,39,getting_spare_card
how can i create another card linked to this account?,39,getting_spare_card
may i order another card?,39,getting_spare_card
can i order another card?,39,getting_spare_card
can i order a second card?,39,getting_spare_card
can i have more physical cards?,39,getting_spare_card
how many physical cards am i allowed to have?,39,getting_spare_card
i want to get few more physical cards,39,getting_spare_card
please tell me if i'm going to be charged for sending out more cards?,39,getting_spare_card
can i get more cards just incase?,39,getting_spare_card
would i be able to get a second card?,39,getting_spare_card
do you charge for sending out more cards?,39,getting_spare_card
i need a second card on this account for my daughter.,39,getting_spare_card
how can i get another card?,39,getting_spare_card
can i have a third card?,39,getting_spare_card
i have left my card at my parents house. can you send me a spare one please to use in the meantime?,39,getting_spare_card
i'd like to provide my daughter with a card - could i get an additional card from my account to give her?,39,getting_spare_card
what is the price for an additional card?,39,getting_spare_card
can i get a second card for free?,39,getting_spare_card
will i be charged if i add more cards to the account?,39,getting_spare_card
how many cards am i allowed?,39,getting_spare_card
"can my daughter also have a card issued in her name, but linked to my account?",39,getting_spare_card
i'd like to order another card,39,getting_spare_card
can i have a supplementary card?,39,getting_spare_card
"i lost my card and need a new one, will it cost me?",39,getting_spare_card
my daughter need a card from this account. is that possible?,39,getting_spare_card
my daughter would like a card from my account? can i do this?,39,getting_spare_card
are there any fees to get additional cards?,39,getting_spare_card
can you send me more cards for my account?,39,getting_spare_card
"i would like some more physical cards, what is my limit?",39,getting_spare_card
can i have a duplicate second card?,39,getting_spare_card
"i want to give a second card for this account to my daughter, would this be possible?",39,getting_spare_card
what is the procedure for me to get more cards on my account?,39,getting_spare_card
am i permitted to have a spare card?,39,getting_spare_card
i was wondering if i could get a second card on this account? i would like my daughter to have one.,39,getting_spare_card
do i have to pay for a second card?,39,getting_spare_card
i would like to purchase another card.,39,getting_spare_card
is it possible to order another card?,39,getting_spare_card
i'd like to have extra cards. will i have to pay for that?,39,getting_spare_card
how do i get a spare card?,39,getting_spare_card
how do i request more physical cards?,39,getting_spare_card
what steps do i need to get another card?,39,getting_spare_card
i would like more physical cards,39,getting_spare_card
is there a charge for getting more cards?,39,getting_spare_card
can i have a second card issued to another family member?,39,getting_spare_card
how do i obtain a second card?,39,getting_spare_card
how much is it to buy another card? i was hoping to buy another one.,39,getting_spare_card
where do i order additional cards?,39,getting_spare_card
how much would an extra card cost?,39,getting_spare_card
i would like an extra card.,39,getting_spare_card
do you send duplicate cards?,39,getting_spare_card
i would like to use one of my cards for a family member. is that allowed?,39,getting_spare_card
can another family member hold a card for this account in addition to mine?,39,getting_spare_card
i need another card,39,getting_spare_card
"if i need an additional card, is there a fee for that?",39,getting_spare_card
i want a new card,39,getting_spare_card
will i get charged for sending out more cards?,39,getting_spare_card
how many different cards can i have for my account?,39,getting_spare_card
i need more physical cards.,39,getting_spare_card
am i allowed to carry an additional card?,39,getting_spare_card
does it cost extra to send out more than one card?,39,getting_spare_card
how do i get extra physical cards?,39,getting_spare_card
can i get spare cards?,39,getting_spare_card
is it possible to get another card?,39,getting_spare_card
i need more physical cards than i have right now!,39,getting_spare_card
is a new debit card free?,39,getting_spare_card
how many cards can i have?,39,getting_spare_card
"if i want to send out more cards, do you charge extra for that?",39,getting_spare_card
do you charge extra for duplicate cards?,39,getting_spare_card
i would like to get additional physical cards at this time,39,getting_spare_card
how do i receive more physical cards,39,getting_spare_card
"if i want to be able to give my daughter a card for my account, would i be allowed to get one for her?",39,getting_spare_card
would it be possible for me to get a second card?,39,getting_spare_card
"i am interested in giving a second card to my daughter, how can i make this happen?",39,getting_spare_card
is it possible for me to give my daughter a second card for this account?,39,getting_spare_card
"daughter needs card, how do i add her",39,getting_spare_card
is there any way to get another card on the same account?,39,getting_spare_card
if i need more than cards will i have to pay a fee to receive them?,39,getting_spare_card
i need a new card.,39,getting_spare_card
i'd like to get another card,39,getting_spare_card
"if i get another card, what kind of fees am i looking at?",39,getting_spare_card
will there be a charge for sending out more cards?,39,getting_spare_card
i would like to get a few more physical cards.,39,getting_spare_card
how many active cards can i have?,39,getting_spare_card
how much does it cost for additional cards?,39,getting_spare_card
what should i do if i want to get another card for someone in my family?,39,getting_spare_card
how do i order another card?,39,getting_spare_card
i'm looking to get an additional card.,39,getting_spare_card
can i get another card?,39,getting_spare_card
i would like to get some extra cards?,39,getting_spare_card
is it free to send out more cards?,39,getting_spare_card
is it possible to purchase more physical cards with my account?,39,getting_spare_card
is there a fee for sending out more cards?,39,getting_spare_card
how much is it to send out additional cards?,39,getting_spare_card
will it cost me to get a second card?,39,getting_spare_card
how do i get another card,39,getting_spare_card
is there a fee for sending additional cards?,39,getting_spare_card
is it possible to have a second card?,39,getting_spare_card
i would like a second card.,39,getting_spare_card
what is the charge for sending out more cards?,39,getting_spare_card
"i would like to give another card to my daughter, how can i proceed?",39,getting_spare_card
what's the process to receive a second card?,39,getting_spare_card
how is it possible to add another card to account,39,getting_spare_card
how do i go about ordering another card?,39,getting_spare_card
how do i get extra cards?,39,getting_spare_card
do you send more than one card?,39,getting_spare_card
are extra cards free?,39,getting_spare_card
do you charge for sending more cards?,39,getting_spare_card
can i have another card in addition to my first one?,39,getting_spare_card
"i need a second card, can i have more than one?",39,getting_spare_card
i want a backup second card. is this possible?,39,getting_spare_card
physical cards are what i need more of,39,getting_spare_card
can i have a spare card for this account please?,39,getting_spare_card
i need two cards. is this possible?,39,getting_spare_card
can i have more than one card?,39,getting_spare_card
i need another card for a member of my family. is this possible? how soon can i get one?,39,getting_spare_card
is there any way i can get more physical cards to use with my account?,39,getting_spare_card
can i give a second card for this account to my daughter?,39,getting_spare_card
is it possible to give a second card from my account to my daughter?,39,getting_spare_card
"help me please, i need to top up cash.",58,top_up_by_cash_or_cheque
do you have any options to top up with a cheque on my account?,58,top_up_by_cash_or_cheque
is there somewhere i can send a check to add to my account?,58,top_up_by_cash_or_cheque
will a cheque suffice?,58,top_up_by_cash_or_cheque
i can't find any option to top up with a cheque?,58,top_up_by_cash_or_cheque
how do i top up with a cheque?,58,top_up_by_cash_or_cheque
can i use a check to get gas?,58,top_up_by_cash_or_cheque
can i deposit a check?,58,top_up_by_cash_or_cheque
where can i deposit a check,58,top_up_by_cash_or_cheque
how can i put more money into my account?,58,top_up_by_cash_or_cheque
is there anyway to use a cheque to top up?,58,top_up_by_cash_or_cheque
how do i top up with cash?,58,top_up_by_cash_or_cheque
can i add money to my account with cash?,58,top_up_by_cash_or_cheque
i want to top up by cheque,58,top_up_by_cash_or_cheque
can i top up using cash?,58,top_up_by_cash_or_cheque
can i mail in a check to top up?,58,top_up_by_cash_or_cheque
how do i use a cheque to top up?,58,top_up_by_cash_or_cheque
where's the button to top up with a cheque?,58,top_up_by_cash_or_cheque
i can't find how to top up my account with a check. where is that?,58,top_up_by_cash_or_cheque
do you take checks?,58,top_up_by_cash_or_cheque
is there such thing as top up by cheque?,58,top_up_by_cash_or_cheque
i got a cheque that i want to top up with?,58,top_up_by_cash_or_cheque
what is not accepted in order for me to top up my account?,58,top_up_by_cash_or_cheque
can i only top-up digitally? or could i use cash?,58,top_up_by_cash_or_cheque
i want to top up my account with a cheque,58,top_up_by_cash_or_cheque
how can i add physical money to my card?,58,top_up_by_cash_or_cheque
i need to top up using a cheque,58,top_up_by_cash_or_cheque
can i top up with cash,58,top_up_by_cash_or_cheque
how do i top up by cheque?,58,top_up_by_cash_or_cheque
i want to do a cash deposit to top up. how do i do this?,58,top_up_by_cash_or_cheque
who do i make a check out to if i want to top off my account?,58,top_up_by_cash_or_cheque
what types of top-up methods do you accept?,58,top_up_by_cash_or_cheque
how can i top up with a cheque?,58,top_up_by_cash_or_cheque
can i top up with check?,58,top_up_by_cash_or_cheque
can i cash deposit to top up my account,58,top_up_by_cash_or_cheque
what apps can i use to top up my account?,58,top_up_by_cash_or_cheque
how dp i top up with a cheque ?,58,top_up_by_cash_or_cheque
i would like to use this cheque to top up. can you tell me how to do that?,58,top_up_by_cash_or_cheque
what are the steps for depositing cash into my account?,58,top_up_by_cash_or_cheque
can i top-up by cheque?,58,top_up_by_cash_or_cheque
can i use a cheque to top up my account,58,top_up_by_cash_or_cheque
i'm trying to use a cheque to top up,58,top_up_by_cash_or_cheque
how do you top up with a cheque?,58,top_up_by_cash_or_cheque
"i need a hand here, i need to top up cash.",58,top_up_by_cash_or_cheque
where do i go to top up with cash?,58,top_up_by_cash_or_cheque
will i be able to top up by cheque?,58,top_up_by_cash_or_cheque
can i top up using my cheque?,58,top_up_by_cash_or_cheque
why can't i top up by cheque?,58,top_up_by_cash_or_cheque
where do i find how to top off with a check?,58,top_up_by_cash_or_cheque
can i write a cheque to top up?,58,top_up_by_cash_or_cheque
can cash be used in physical locations to top up?,58,top_up_by_cash_or_cheque
is topping up with cash allowed?,58,top_up_by_cash_or_cheque
what are my payment options for topping off my account?,58,top_up_by_cash_or_cheque
i wish to top up using a cheque.,58,top_up_by_cash_or_cheque
where do i look for cash top up?,58,top_up_by_cash_or_cheque
where can i find top up by cash deposit?,58,top_up_by_cash_or_cheque
how do i find top up for cash deposit,58,top_up_by_cash_or_cheque
how do i deposit cash?,58,top_up_by_cash_or_cheque
i would like to top up with check,58,top_up_by_cash_or_cheque
can i deposit a check here?,58,top_up_by_cash_or_cheque
is it possible for me to top up with cash?,58,top_up_by_cash_or_cheque
i would like to use cash to make a top-up?,58,top_up_by_cash_or_cheque
i wish to be able to top up with cash.,58,top_up_by_cash_or_cheque
where do i top up?,58,top_up_by_cash_or_cheque
do you accept cheques for top-up?,58,top_up_by_cash_or_cheque
how do i use a check to top up?,58,top_up_by_cash_or_cheque
is it possible to top up using a cheque?,58,top_up_by_cash_or_cheque
where is the option to top up with a cheque?,58,top_up_by_cash_or_cheque
what is the procedure for topping up with a cheque?,58,top_up_by_cash_or_cheque
can i use check to deposit?,58,top_up_by_cash_or_cheque
where can i deposit cash to top up?,58,top_up_by_cash_or_cheque
is there an option to top up with a cheque?,58,top_up_by_cash_or_cheque
"help, i need to top up my account. where do i send a check?",58,top_up_by_cash_or_cheque
i'll send a check to top up my account,58,top_up_by_cash_or_cheque
is it possible for me to top up with a cheque?,58,top_up_by_cash_or_cheque
if i need to top up with cash where should i look?,58,top_up_by_cash_or_cheque
i want to deposit my check to top up my account,58,top_up_by_cash_or_cheque
what physical locations can i use cash to top up?,58,top_up_by_cash_or_cheque
can you tell me where to find top up by cash deposit?,58,top_up_by_cash_or_cheque
how do i use cash to top up my account?,58,top_up_by_cash_or_cheque
how do i top-up my card with a cheque?,58,top_up_by_cash_or_cheque
am i able to top up with this cheque i received?,58,top_up_by_cash_or_cheque
i would like to pay by cheque.,58,top_up_by_cash_or_cheque
i want to use a cheque to pay.,58,top_up_by_cash_or_cheque
can i purchase with cash or cheque?,58,top_up_by_cash_or_cheque
where would i find top up by cash deposit?,58,top_up_by_cash_or_cheque
can i add to my account using a cheque?,58,top_up_by_cash_or_cheque
is there a way to use a cheque to top up my account?,58,top_up_by_cash_or_cheque
how do i get top up with cash deposit,58,top_up_by_cash_or_cheque
do you accept cash?,58,top_up_by_cash_or_cheque
may i transfer a cheque into my account?,58,top_up_by_cash_or_cheque
can i use a check to top up?,58,top_up_by_cash_or_cheque
no option to top up with a cheque ?,58,top_up_by_cash_or_cheque
how can i fill up my gas tank using a check?,58,top_up_by_cash_or_cheque
how can i add money to my account if you don't accept cash,58,top_up_by_cash_or_cheque
i want to use cash to top up.,58,top_up_by_cash_or_cheque
what form of payments can i use for topping up?,58,top_up_by_cash_or_cheque
i have been trying to top up my account with a check but it won't work,58,top_up_by_cash_or_cheque
how do i add cash to my account?,58,top_up_by_cash_or_cheque
are cheques accepted for a top up?,58,top_up_by_cash_or_cheque
can i use check to top up,58,top_up_by_cash_or_cheque
how do you top-up using cash?,58,top_up_by_cash_or_cheque
can i top up my balance with a cheque?,58,top_up_by_cash_or_cheque
i tried to deposit a cheque into my account and it is not letting me.,58,top_up_by_cash_or_cheque
can i top up online?,58,top_up_by_cash_or_cheque
what's the best way to use a cheque to top up?,58,top_up_by_cash_or_cheque
how would i top up with a cheque?,58,top_up_by_cash_or_cheque
what is your check-cashing policy?,58,top_up_by_cash_or_cheque
can i use cash to top up,58,top_up_by_cash_or_cheque
i can't find out how to top-up my account using cash.,58,top_up_by_cash_or_cheque
how long before a check i send clears?,58,top_up_by_cash_or_cheque
how can i top up my account with a cheque?,58,top_up_by_cash_or_cheque
can i top up my account with a check?,58,top_up_by_cash_or_cheque
do you accept cheques for top ups?,58,top_up_by_cash_or_cheque
how much does it cost for a physical card?,43,order_physical_card
where can the cards be delivered?,43,order_physical_card
what do i do to get a physical card?,43,order_physical_card
can i request a card?,43,order_physical_card
do i have to pay for a physical card?,43,order_physical_card
"i need an actual card that i can hold in my hand, how do i do that?",43,order_physical_card
what steps do i do to get a real card,43,order_physical_card
can you tell me exactly what fees i will expect to see in regards to your cards?,43,order_physical_card
what do i do to get ahold of my own card?,43,order_physical_card
are cards delivered to my location?,43,order_physical_card
is it possible to get a physical card?,43,order_physical_card
i would like to request a card.,43,order_physical_card
i need to order a new card.,43,order_physical_card
can you send me the actual card?,43,order_physical_card
"i would like to get a physical card, but i don't know how. can you help me?",43,order_physical_card
how do i get a new card,43,order_physical_card
where do you need to live to receive card,43,order_physical_card
how do i get a real card?,43,order_physical_card
how do i go about getting an actual card?,43,order_physical_card
please tell me how i can receive a physical card,43,order_physical_card
i would like a physical card,43,order_physical_card
where are your cards delivered to?,43,order_physical_card
can i order a card please?,43,order_physical_card
tell me how i can order my card.,43,order_physical_card
does it cost anyting to get my own card?,43,order_physical_card
is a physical card also available,43,order_physical_card
do physical cards cost money?,43,order_physical_card
are physical card available?,43,order_physical_card
i want to request a physical card,43,order_physical_card
is there a charge for a physical card?,43,order_physical_card
do you ship your cards anywhere?,43,order_physical_card
i want a real card,43,order_physical_card
where do you deliver cards to?,43,order_physical_card
where are the cards delivered to,43,order_physical_card
what do i owe for a new card?,43,order_physical_card
is it possible to order a card?,43,order_physical_card
what areas are cards delivered to?,43,order_physical_card
where can i order a card?,43,order_physical_card
is there a fee to get an actual card?,43,order_physical_card
do i need to add money before i order a card,43,order_physical_card
what does the bank charge for lost or stolen card replacements?,43,order_physical_card
is there a fee for physical cards?,43,order_physical_card
how can receive a physical card,43,order_physical_card
can i have a tangible form of my virtual card.,43,order_physical_card
where will i get my card?,43,order_physical_card
help me order my card.,43,order_physical_card
where do i go to order my card?,43,order_physical_card
"can i get a physical card for free, or is there a charge?",43,order_physical_card
how do i get my card?,43,order_physical_card
is a physical charge extra,43,order_physical_card
where do your cards get delivered to?,43,order_physical_card
do i receive the physical card for free,43,order_physical_card
i really want a physical card. how do i get one?,43,order_physical_card
can i get a physical card online,43,order_physical_card
what do i need to do to get a card?,43,order_physical_card
i would like a card please.,43,order_physical_card
i need to get hold of a physical card?,43,order_physical_card
can i get a new card?,43,order_physical_card
can i get a card in person?,43,order_physical_card
how can i order a card?,43,order_physical_card
can i order a card?,43,order_physical_card
where do you export the cards to?,43,order_physical_card
can i receive my card anywhere?,43,order_physical_card
how do i ask for a physical card?,43,order_physical_card
how to order my card?,43,order_physical_card
where can i get a physical card?,43,order_physical_card
how much for an actual card?,43,order_physical_card
can you tell me how do i get a card?,43,order_physical_card
how do i actually obtain a card myself?,43,order_physical_card
card delivery services? where?,43,order_physical_card
can i get an actual card,43,order_physical_card
i would like a physical card sent to me.,43,order_physical_card
how can i order my card?,43,order_physical_card
do i get a card to keep in my wallet?,43,order_physical_card
how do i order a card?,43,order_physical_card
what is the process for getting an actual physical card?,43,order_physical_card
what is the price for a physical card?,43,order_physical_card
at which locations can i order a card?,43,order_physical_card
is it possible to get a real card?,43,order_physical_card
i would really like a physical card.,43,order_physical_card
can i get a physical card,43,order_physical_card
where do we mail the card?,43,order_physical_card
how to receive the actual card,43,order_physical_card
what is the cost for physical cards?,43,order_physical_card
do i get an actual card?,43,order_physical_card
how much does a card cost and why do you charge me,43,order_physical_card
how do i order my card?,43,order_physical_card
how do i receive a card?,43,order_physical_card
can cards be delivered? where?,43,order_physical_card
is there a fee to order a physical card?,43,order_physical_card
how do i go about ordering a card?,43,order_physical_card
"i need to get a card, how do i do that?",43,order_physical_card
what do i need to do in order to get a new card?,43,order_physical_card
show me where to order my card.,43,order_physical_card
is there anywhere that a card cannot be delivered?,43,order_physical_card
how do i receive a physical card?,43,order_physical_card
i need a physical card. what are the fees?,43,order_physical_card
how much for a physical card?,43,order_physical_card
where do i order a card?,43,order_physical_card
where do you mail physical cards?,43,order_physical_card
is payment required to get a card of my own?,43,order_physical_card
i still don't have a card. how do i get one?,43,order_physical_card
where do i find our how to get a physical card?,43,order_physical_card
what are the places that you deliver cards to?,43,order_physical_card
where are cards available to order?,43,order_physical_card
what locations are cards delivered to?,43,order_physical_card
how much is a physical card?,43,order_physical_card
do i get a real card?,43,order_physical_card
what fees do you charge for the standard card?,43,order_physical_card
i want a physical card,43,order_physical_card
will you charge for a physical card?,43,order_physical_card
i'm interested in getting a card. how does one go about doing that?,43,order_physical_card
how would i go about getting a physical card to use in stores?,43,order_physical_card
will there be a fee to receive a physical card?,43,order_physical_card
i would like to have a physical card to carry around and use. how can i get one?,43,order_physical_card
what's the procedure for getting a card?,43,order_physical_card
where are the cards transported to?,43,order_physical_card
what fees are charged for a physical card?,43,order_physical_card
can i order cards on the app,43,order_physical_card
can i revive a physical card.,43,order_physical_card
why isn't my disposable virtual card working?,72,virtual_card_not_working
can i use my virtual card to complete transactions for memberships?,72,virtual_card_not_working
why won't my virtual card work?,72,virtual_card_not_working
my virtual card is just not going through.,72,virtual_card_not_working
my virtual card isn't working.,72,virtual_card_not_working
my disposable virtual card was rejected.,72,virtual_card_not_working
my disposable virtual card got rejected,72,virtual_card_not_working
why was my virtual card rejected?,72,virtual_card_not_working
my throwaway virtual card won't work,72,virtual_card_not_working
my disposable virtual card wouldn't process my payment?,72,virtual_card_not_working
the virtual card won't work.,72,virtual_card_not_working
is there a reason why my virtual card won't work?,72,virtual_card_not_working
help me get the virtual card working.,72,virtual_card_not_working
i can't seem to get my virtual card to work.,72,virtual_card_not_working
my disposable virtual card isn't working.,72,virtual_card_not_working
i tried paying with my disposable virtual card earlier but it was rejected. what can i do to fix this?,72,virtual_card_not_working
i can't use my virtual disposable card,72,virtual_card_not_working
how do i get this damn virtual card to work?,72,virtual_card_not_working
i can't get the virtual card to work,72,virtual_card_not_working
this disposable virtual card is not working.,72,virtual_card_not_working
i cannot get virtual card to work,72,virtual_card_not_working
my virtual car is not working.,72,virtual_card_not_working
i cannot get my disposable virtual card to work,72,virtual_card_not_working
i cannot get my virtual card to function.,72,virtual_card_not_working
what is the reason i got rejected for using my disposable virtual card to pay a subscription to the gym?,72,virtual_card_not_working
i can't get my virtual card to work at all,72,virtual_card_not_working
i can't get my virtual card to work.,72,virtual_card_not_working
i can't do any business with this virtual card.,72,virtual_card_not_working
"i received my virtual card information, but was unable to use it to make a purchase. why did this happen and what can i do?",72,virtual_card_not_working
why can't i make multiple payments with my virtual card?,72,virtual_card_not_working
please help me. my disposable virtual card won't work right.,72,virtual_card_not_working
can i use my virtual card for recurring monthly payments?,72,virtual_card_not_working
virtual card won't work for me,72,virtual_card_not_working
my disposable virtual card won't work.,72,virtual_card_not_working
i tried to use my disposable virtual card to pay a subscription to the gym and it got rejected. any ideas why?,72,virtual_card_not_working
why is my disposable card not working?,72,virtual_card_not_working
what do i have to do to get the virtual card to work?,72,virtual_card_not_working
what do i do if my disposable virtual card doesn't work?,72,virtual_card_not_working
i can't make purchases with my virtual card.,72,virtual_card_not_working
i have a disposable card but it does not work?,72,virtual_card_not_working
my virtual card was rejected for a car rental. why?,72,virtual_card_not_working
the wrong exchange rate was applied to me while pulling out cash.,76,wrong_exchange_rate_for_cash_withdrawal
i got less cash because of the exchange rate.,76,wrong_exchange_rate_for_cash_withdrawal
why is the fee for taking money out so high? i feel i was overcharged and i would have never used this atm if i would have known ahead of time.,76,wrong_exchange_rate_for_cash_withdrawal
i believe a wrong exchange rate was applied towards a cash transaction i made abroad.,76,wrong_exchange_rate_for_cash_withdrawal
"when i got my cash, the amount was not what it should have been, based on the exchange rate.",76,wrong_exchange_rate_for_cash_withdrawal
"i tried using a foreign currency at an atm, but the atm provided me an incorrect rate. why is that?",76,wrong_exchange_rate_for_cash_withdrawal
"over the holiday i withdrew cash from the atm and it seems that i was severely overcharged. had i known that i would be charged those fees, i would not have used the atm!",76,wrong_exchange_rate_for_cash_withdrawal
i think when i withdrew money when out of country the exchange rate was wrong.,76,wrong_exchange_rate_for_cash_withdrawal
why did my exchange rate change?,76,wrong_exchange_rate_for_cash_withdrawal
"hello, in these holidays i have been overcharged on the amount i have withdrawn on one of your atms. i did not had any clue about the horrible charges otherwise i would not have withdrawn.",76,wrong_exchange_rate_for_cash_withdrawal
can i make a withdraw in my home currency at an atm? i'm on vacation and don't have cash with me. this is cause for a bit of concern. is it possible to withdraw here without additional fees?,76,wrong_exchange_rate_for_cash_withdrawal
"i have made a withdraw from an atm this last holiday, why is there such a high charge from this transaction?",76,wrong_exchange_rate_for_cash_withdrawal
the exchange rate is incorrect for my cash withdrawal transaction.,76,wrong_exchange_rate_for_cash_withdrawal
i think the exchange rate for my for my cash withdrawal is wrong,76,wrong_exchange_rate_for_cash_withdrawal
"when i got cash, the exchange rate applied was wrong.",76,wrong_exchange_rate_for_cash_withdrawal
"while abroad, i got cash, and the exchange rate applied is wrong.",76,wrong_exchange_rate_for_cash_withdrawal
i think i was charged a different exchange rate than what was posted at the time.,76,wrong_exchange_rate_for_cash_withdrawal
foreign currency rates were put in wrong at an atm i used.,76,wrong_exchange_rate_for_cash_withdrawal
"i was overcharged at an atm while on vacation. i needed cash so i had to use it, but your charges are outregous and i wish i would have known beforehand.",76,wrong_exchange_rate_for_cash_withdrawal
the exchange rate for my withdrawal was wrong.,76,wrong_exchange_rate_for_cash_withdrawal
"hi, i have withdrawn cash from the atm on holiday and i guess withdrawal amount has been overcharged. i did it as i was not aware of these charges.",76,wrong_exchange_rate_for_cash_withdrawal
i withdrew money from the atm and was overcharged. it said nothing about an extra fee.,76,wrong_exchange_rate_for_cash_withdrawal
i think the exchange rate was incorrect.,76,wrong_exchange_rate_for_cash_withdrawal
the exchange rate for the money i took out in a foreign country is wrong.,76,wrong_exchange_rate_for_cash_withdrawal
when i made a cash transfer abroad the wrong exchange rate was applied,76,wrong_exchange_rate_for_cash_withdrawal
what are weekend rates for getting cash,76,wrong_exchange_rate_for_cash_withdrawal
i believe i got a wrong exchange rate when i got cash.,76,wrong_exchange_rate_for_cash_withdrawal
the exchange rate was messed up from the atm,76,wrong_exchange_rate_for_cash_withdrawal
"do any of your machines provide cash from my home country? i don't have any money on me and i'm on holiday so i'm concerned. also, will i be charged anything to do this?",76,wrong_exchange_rate_for_cash_withdrawal
"after i got my cash, i found out my exchange rate was wrong.",76,wrong_exchange_rate_for_cash_withdrawal
can you check the exchange rate on a cash transaction i did overseas,76,wrong_exchange_rate_for_cash_withdrawal
"i was abroad and needed some cash, but i think the wrong exchange rate was applied to the transaction.",76,wrong_exchange_rate_for_cash_withdrawal
why did you give me so little currency?,76,wrong_exchange_rate_for_cash_withdrawal
"i traded some of my money from my native country into an atm to exchange for foreign currency, and the money i received was a different equating amount!",76,wrong_exchange_rate_for_cash_withdrawal
what are the exchange rates for getting cash,76,wrong_exchange_rate_for_cash_withdrawal
someone may have made an error in figuring out the rate of exchange. i should have received more cash than i did on my most recent withdrawal.,76,wrong_exchange_rate_for_cash_withdrawal
is there extra fees for making a withdraw in a different country at a cash machine.,76,wrong_exchange_rate_for_cash_withdrawal
i had trouble with an incorrect rate being applied when using the atm with foreign currency.,76,wrong_exchange_rate_for_cash_withdrawal
i didnt get the correct exchange rate for getting cash,76,wrong_exchange_rate_for_cash_withdrawal
do you offer free atm withdrawals of ones hometown currency while on holiday?,76,wrong_exchange_rate_for_cash_withdrawal
can i get money in my home currency at some atm ? as i am on holiday and bit concerned because i do not have any cash with me . is it possible to withdraw without any additional cost.,76,wrong_exchange_rate_for_cash_withdrawal
i used the atm to get money out and did not realize i would be charged as much as i was or i would not have done that!,76,wrong_exchange_rate_for_cash_withdrawal
i didn't get the right amount of cash because of the exchange rate.,76,wrong_exchange_rate_for_cash_withdrawal
"hello, in my most recent atm transaction, i didn't receive nearly as much cash as i thought i would - what is your exchange rate policy?",76,wrong_exchange_rate_for_cash_withdrawal
using international atms messes up the exchange rate.,76,wrong_exchange_rate_for_cash_withdrawal
you've incorrectly calculated the exchange rate for my cash withdrawal,76,wrong_exchange_rate_for_cash_withdrawal
i was needing you to see if the exchange rate is correct from when i got cash,76,wrong_exchange_rate_for_cash_withdrawal
i did not get the right exchange rate while getting my cash out.,76,wrong_exchange_rate_for_cash_withdrawal
why is the exchange rate different than expected on my transaction?,76,wrong_exchange_rate_for_cash_withdrawal
i think the bank made a mistake on the exchange rates,76,wrong_exchange_rate_for_cash_withdrawal
is there a fee associated with using foreign exchange atms?,76,wrong_exchange_rate_for_cash_withdrawal
when i exchanged currencies the value of my money changed.,76,wrong_exchange_rate_for_cash_withdrawal
can i get money back in my home currency at atm? as i am on holiday and bit concerned because i do not have any cash with me . is it possible to withdraw without any additional cost.,76,wrong_exchange_rate_for_cash_withdrawal
the wrong exchange rate applied to my cash withdrawal.,76,wrong_exchange_rate_for_cash_withdrawal
i don't think the exchange rate was right.,76,wrong_exchange_rate_for_cash_withdrawal
i exchanged cash when traveling and the rate was incorrect.,76,wrong_exchange_rate_for_cash_withdrawal
what is the exchange rate when i get cash,76,wrong_exchange_rate_for_cash_withdrawal
i noticed my exchange rate was incorrect when i got cash.,76,wrong_exchange_rate_for_cash_withdrawal
why is the exchange rate so high? this should have been a much higher amount of cash for that to apply.,76,wrong_exchange_rate_for_cash_withdrawal
is it possible to use an atm when i am not in the country and make a withdraw with out extra fees?,76,wrong_exchange_rate_for_cash_withdrawal
"this past holiday i made a withdraw at the atm machine, and it seems i've been charged too much.",76,wrong_exchange_rate_for_cash_withdrawal
my exchange rate is wrong when i get cash.,76,wrong_exchange_rate_for_cash_withdrawal
why did i only receive this much currency?,76,wrong_exchange_rate_for_cash_withdrawal
when i got cash the exchange rate was wrong,76,wrong_exchange_rate_for_cash_withdrawal
an overseas cash transfer did not work correctly,76,wrong_exchange_rate_for_cash_withdrawal
i didn't receive the correct amount of cash when i exchanged it overseas.,76,wrong_exchange_rate_for_cash_withdrawal
"i needed some cash while abroad, and i'm pretty sure the wrong exchange rate was applied.",76,wrong_exchange_rate_for_cash_withdrawal
i believe that the rate of exchange for my cash withdrawl is incorrect.,76,wrong_exchange_rate_for_cash_withdrawal
what is the correct exchange rate for getting cash,76,wrong_exchange_rate_for_cash_withdrawal
i'm unhappy with the exchange rate your cash transactions.,76,wrong_exchange_rate_for_cash_withdrawal
i think that the exchange rate for the withdrawal of my cash is not right.,76,wrong_exchange_rate_for_cash_withdrawal
the cash withdrawal i took seems to be off. the exchange rate is wrong.,76,wrong_exchange_rate_for_cash_withdrawal
i got cash abroad and the exchange rate applied is wrong,76,wrong_exchange_rate_for_cash_withdrawal
i wasn't applied the correct exchange rate when getting cash,76,wrong_exchange_rate_for_cash_withdrawal
"i need an accurate exchange rate, when i make my withdrawals.",76,wrong_exchange_rate_for_cash_withdrawal
can i withdraw money in my hometown currency while on holiday without any additional fees?,76,wrong_exchange_rate_for_cash_withdrawal
why is the exchange rate wrong for my cash withdrawal?,76,wrong_exchange_rate_for_cash_withdrawal
i noticed the exchange rate for cash withdrawal isn't right.,76,wrong_exchange_rate_for_cash_withdrawal
what is going on with my cash withdrawal? the exchange rate is wrong,76,wrong_exchange_rate_for_cash_withdrawal
when i was abroad the exchange rate for me was wrong.,76,wrong_exchange_rate_for_cash_withdrawal
what on earth is up with the exchange rate! this should have been a much higher amount of cash,76,wrong_exchange_rate_for_cash_withdrawal
can the exchange rate change while i am in the process of making a withdrawal?,76,wrong_exchange_rate_for_cash_withdrawal
the exchange rate was wrong?,76,wrong_exchange_rate_for_cash_withdrawal
how come when i got cash the exchange rate was different than it should be,76,wrong_exchange_rate_for_cash_withdrawal
my rate is not right when i used my card in a different country's money.,76,wrong_exchange_rate_for_cash_withdrawal
how can i get money in my home currency while i'm traveling internationally? i wanted to take it out of a local atm but am worried that i will get charged extra fees.,76,wrong_exchange_rate_for_cash_withdrawal
i got cash abroad and need to check the exchange rate,76,wrong_exchange_rate_for_cash_withdrawal
can i get money in my home currency at an atm? i'm on vacation and don't have cash with me. this is cause for a bit of concern. is it possible to withdraw here without additional cost?,76,wrong_exchange_rate_for_cash_withdrawal
can i make a withdraw in my home currency at an atm? i'm on vacation and am a bit worried because i don't have cash with me. is it possible to withdraw here without any additional costs or fees?,76,wrong_exchange_rate_for_cash_withdrawal
the amount of cash i requested to withdrawal did not match what i received when exchanged,76,wrong_exchange_rate_for_cash_withdrawal
i did not have the right exchange rate applied to my situation of pulling out cash,76,wrong_exchange_rate_for_cash_withdrawal
the exchange rate was different when i got cash,76,wrong_exchange_rate_for_cash_withdrawal
how come my withdrawal rate is wrong for my cash withdrawal,76,wrong_exchange_rate_for_cash_withdrawal
i had the wrong exchange rate applied to some cash i got abroad.,76,wrong_exchange_rate_for_cash_withdrawal
i believe my exchange rate is incorrect,76,wrong_exchange_rate_for_cash_withdrawal
i found the exchange rate for my cash withdrawal is wrong,76,wrong_exchange_rate_for_cash_withdrawal
the cash abroad exchange rate is applied wrong.,76,wrong_exchange_rate_for_cash_withdrawal
the atm i used for foreign currency provided the wrong exchange rate.,76,wrong_exchange_rate_for_cash_withdrawal
what is the exchange rate for foreign atms,76,wrong_exchange_rate_for_cash_withdrawal
the exchange rate for me was wrong when i was abroad.,76,wrong_exchange_rate_for_cash_withdrawal
"help me! when i was abroad, the exchange rate was wrong.",76,wrong_exchange_rate_for_cash_withdrawal
my cash withdrawl has the wrong rate of exchange.,76,wrong_exchange_rate_for_cash_withdrawal
"while abroad i got cash, and a wrong exchange rate was applied.",76,wrong_exchange_rate_for_cash_withdrawal
i got money overseas and the exchange rate was wrong,76,wrong_exchange_rate_for_cash_withdrawal
the exchange rate i got for cash was wrong,76,wrong_exchange_rate_for_cash_withdrawal
the exchange rate for case abroad is applied wrong.,76,wrong_exchange_rate_for_cash_withdrawal
"when i received my money, it was not in the correct amount. the exchange rate was not what it should have been.",76,wrong_exchange_rate_for_cash_withdrawal
i tried withdrawing money in another country and the exchange rate was wrong.,76,wrong_exchange_rate_for_cash_withdrawal
i withdrew some cash and the exchange rate seems to be wrong.,76,wrong_exchange_rate_for_cash_withdrawal
i withdraw money abroad but i didn't get the right amount.,76,wrong_exchange_rate_for_cash_withdrawal
the applied exchange rate is wrong for the cash i got abroad.,76,wrong_exchange_rate_for_cash_withdrawal
i am reluctant to use atms international because i don't get an accurate exchange rate,76,wrong_exchange_rate_for_cash_withdrawal
i didn't receive the correct exchange rate when i got cash.,76,wrong_exchange_rate_for_cash_withdrawal
how did you arrive at the rate of exchange? i thought that i would get more cash.,76,wrong_exchange_rate_for_cash_withdrawal
i think the exchange rate for the cash i withdrew was wrong.,76,wrong_exchange_rate_for_cash_withdrawal
can i get money in my home currency at my atm ?i am on holiday and bit concerned because i do not have any cash with me .is it possible to withdraw without any additional cost.,76,wrong_exchange_rate_for_cash_withdrawal
when i received my cash; they had my exchange rate incorrect.,76,wrong_exchange_rate_for_cash_withdrawal
i was given the wrong exchange rate when getting cash,76,wrong_exchange_rate_for_cash_withdrawal
i thought i was going to receive more currency?,76,wrong_exchange_rate_for_cash_withdrawal
while on vacation i used an atm to get cash and was overcharged. these charges are ridiculous and had i known about them i would have never used it.,76,wrong_exchange_rate_for_cash_withdrawal
what is wrong with the exchange rate? this should have been a much higher amount of cash for that to apply.,76,wrong_exchange_rate_for_cash_withdrawal
"when i got cash, my exchange rate was off.",76,wrong_exchange_rate_for_cash_withdrawal
please tell me how the exchange rate is determined. i was expecting more money for the transaction.,76,wrong_exchange_rate_for_cash_withdrawal
the exchange rate was different than expected,76,wrong_exchange_rate_for_cash_withdrawal
i think that there was an error in calculating the exchange rate. i recently withdrew cash and received much less than expected.,76,wrong_exchange_rate_for_cash_withdrawal
what are the exchange rates for foreign currency atms,76,wrong_exchange_rate_for_cash_withdrawal
i'm upset because i got charged a ridiculous fee when making an atm withdrawal over a holiday weekend. it didn't notify me beforehand either or i wouldn't have ever done it.,76,wrong_exchange_rate_for_cash_withdrawal
"when i received my cash, the exchange rate was wrong.",76,wrong_exchange_rate_for_cash_withdrawal
"i was using foreign currency at an atm, but the rate was typed in wrong.",76,wrong_exchange_rate_for_cash_withdrawal
"on my last trip, i received the incorrect exchange rate.",76,wrong_exchange_rate_for_cash_withdrawal
the exchange rate for my withdrawal is wrong,76,wrong_exchange_rate_for_cash_withdrawal
the exchange rate applied was incorrect when i was traveling outside the country.,76,wrong_exchange_rate_for_cash_withdrawal
whats wrong with my currency exchange?,76,wrong_exchange_rate_for_cash_withdrawal
can you please check the exchange rate when i was getting cash?,76,wrong_exchange_rate_for_cash_withdrawal
the exchange rate for my cash withdrawal was incorrect,76,wrong_exchange_rate_for_cash_withdrawal
the wrong exchange rate was used for my cash withdrawal,76,wrong_exchange_rate_for_cash_withdrawal
i'm looking for a machine of yours that will provide me cash from my home country. i went on holiday and don't have any cash on me. will your machine charge me extra to do this?,76,wrong_exchange_rate_for_cash_withdrawal
i withdrew cash and i think the exchange rate is wrong.,76,wrong_exchange_rate_for_cash_withdrawal
how do you figure out the exchange rate? can you explain why i got less money than expected?,76,wrong_exchange_rate_for_cash_withdrawal
i got cash and the exchange rate should have been different than it ended up being.,76,wrong_exchange_rate_for_cash_withdrawal
rates were applied wrong while using foreign currency at an atm.,76,wrong_exchange_rate_for_cash_withdrawal
i was charged an incorrect exchange rate for a withdrawal.,76,wrong_exchange_rate_for_cash_withdrawal
"my atm transaction shorted me on cash, and i think the exchange rate was wrong. did i receive the correct rate?",76,wrong_exchange_rate_for_cash_withdrawal
"i draw out money from your atm during holidays, and was charged insanely. i wouldn't have done it, if i had a little sense about the shocking charges.",76,wrong_exchange_rate_for_cash_withdrawal
in a recent withdrawal i received less cash than i expected to receive. did someone make an error with the exchange rate?,76,wrong_exchange_rate_for_cash_withdrawal
when i got cash i believe that the exchange rate was wrong,76,wrong_exchange_rate_for_cash_withdrawal
the rate applied to my foreign currency at an atm was incorrect.,76,wrong_exchange_rate_for_cash_withdrawal
i tried to use the atm with foreign currency. the conversion rate applied was wrong.,76,wrong_exchange_rate_for_cash_withdrawal
i am perplexed. why is it that i received an extremely wrong rate when i tried to use an atm using a foreign currency?,76,wrong_exchange_rate_for_cash_withdrawal
i made an atm withdrawal over the holiday and then later realized i was charged an exorbitant fee! i never would've made this withdrawal if i'd known i'd be charged so much.,76,wrong_exchange_rate_for_cash_withdrawal
i am travelling and i tried to withdraw cash but didn't get what i was supposed to get.,76,wrong_exchange_rate_for_cash_withdrawal
i got some cash out of the atm over the holiday and it seems that i've been grossly overcharged. i wouldn't have done that if i knew of these outrageous charges!,76,wrong_exchange_rate_for_cash_withdrawal
the exchange rate was wrong in the foreign country i got cash in.,76,wrong_exchange_rate_for_cash_withdrawal
the exchange rate for foreign atm currency is wrong.,76,wrong_exchange_rate_for_cash_withdrawal
"can i get money in my home currency at some atm? i'm on holiday and am a bit concerned because i don't have any cash with me, it is possible to withdraw here already without any additional cost?",76,wrong_exchange_rate_for_cash_withdrawal
i think the exchange rate for the cash i withdrew wasn't correct.,76,wrong_exchange_rate_for_cash_withdrawal
the rate of exchange for my cash withdrawal is wrong.,76,wrong_exchange_rate_for_cash_withdrawal
"i have a question about atm transactions. can i take money out of an atm when i'm traveling abroad? and, can i get the money in my home currancy?",76,wrong_exchange_rate_for_cash_withdrawal
you got the exchange rate wrong for my cash withdrawal,76,wrong_exchange_rate_for_cash_withdrawal
i withdrew cash abroad and the exchange rate applied is wrong.,76,wrong_exchange_rate_for_cash_withdrawal
you applied the wrong exchange rate while i was traveling outside the country.,76,wrong_exchange_rate_for_cash_withdrawal
why was my cash withdrawal given the wrong exchange rate?,76,wrong_exchange_rate_for_cash_withdrawal
i think the exchange rate is wrong for my atm withdrawal,76,wrong_exchange_rate_for_cash_withdrawal
what do you use disposable cards on?,37,get_disposable_virtual_card
how do i get a disposable virtual card as well?,37,get_disposable_virtual_card
"i want a disposable virtual card, how do i do that?",37,get_disposable_virtual_card
what are the disposable cards for?,37,get_disposable_virtual_card
i need a disposable virtual card. please tell me how to order one.,37,get_disposable_virtual_card
what systems do you have in place for my security when using my card for everyday purchases?,37,get_disposable_virtual_card
why use a disposable card?,37,get_disposable_virtual_card
how can i get disposable virtual cards?,37,get_disposable_virtual_card
can you tell me about these disposable virtual cards?,37,get_disposable_virtual_card
do you offer disposable virtual cards too?,37,get_disposable_virtual_card
can i get a virtual card online,37,get_disposable_virtual_card
how do i request a disposable virtual card?,37,get_disposable_virtual_card
how can i create a disposable virtual card?,37,get_disposable_virtual_card
when will you be taking orders for disposable virtual cards?,37,get_disposable_virtual_card
who can purchase a disposable virtual card?,37,get_disposable_virtual_card
how does a disposable virtual card work?,37,get_disposable_virtual_card
what is the function of the disposable cards?,37,get_disposable_virtual_card
do i need a disposable card?,37,get_disposable_virtual_card
is there a disposable virtual card?,37,get_disposable_virtual_card
please tell me how disposable virtual cards work?,37,get_disposable_virtual_card
how do i get a disposable virtual card?,37,get_disposable_virtual_card
can you please explain disposable virtual cards for me?,37,get_disposable_virtual_card
how do i create a disposable virtual card?,37,get_disposable_virtual_card
why would i need a disposable card?,37,get_disposable_virtual_card
what are the disposable cards used for?,37,get_disposable_virtual_card
what are these disposable virtual cards all about?,37,get_disposable_virtual_card
what is the process to create a disposable virtual card?,37,get_disposable_virtual_card
will you tell me how i am supposed to use the disposable cards?,37,get_disposable_virtual_card
how about disposable virtual cards?,37,get_disposable_virtual_card
please send me a disposable virtual card.,37,get_disposable_virtual_card
i want to make an online purchase but i don't want to use my credit card. can you tell me how a disposable virtual card works and where i can apply for one?,37,get_disposable_virtual_card
what can i do with a disposable virtual card?,37,get_disposable_virtual_card
do you have the option for a disposable virtual card?,37,get_disposable_virtual_card
what are disposable virtual cards?,37,get_disposable_virtual_card
i want a virtual card that is disposable,37,get_disposable_virtual_card
"i would like a disposable virtual card, could i get one?",37,get_disposable_virtual_card
please can i get a disposable virtual card as well?,37,get_disposable_virtual_card
disposable virtual card can be ordered where?,37,get_disposable_virtual_card
where do i get a disposable card,37,get_disposable_virtual_card
in what way can i use the disposable cards?,37,get_disposable_virtual_card
how can i go about getting a disposable virtual card?,37,get_disposable_virtual_card
how do the cards work?,37,get_disposable_virtual_card
i need to get a disposable virtual card?,37,get_disposable_virtual_card
how can i get a disposable virtual card?,37,get_disposable_virtual_card
can i get a disposable virtual card?,37,get_disposable_virtual_card
how can disposable cards be used?,37,get_disposable_virtual_card
please explain how i use the disposable cards?,37,get_disposable_virtual_card
can you tell me more info about virtual disposable cards?,37,get_disposable_virtual_card
i need a disposable virtual card.,37,get_disposable_virtual_card
"can you point me in the right direction of where to go to roder a disposable virtual card, i can't seem to find it.",37,get_disposable_virtual_card
what is the procedure for depositing a virtual card,37,get_disposable_virtual_card
can i get a virtual card,37,get_disposable_virtual_card
i would like to know more about what a disposable virtual card is?,37,get_disposable_virtual_card
are there any disposable virtual cards?,37,get_disposable_virtual_card
please tell me about disposable cards.,37,get_disposable_virtual_card
how would i use a disposable card?,37,get_disposable_virtual_card
how do i order a disposable virtual card?,37,get_disposable_virtual_card
where do i order a disposable virtual card?,37,get_disposable_virtual_card
can you provide me a disposable virtual card?,37,get_disposable_virtual_card
"the disposable cards, what are they for?",37,get_disposable_virtual_card
can you help me get a disposable virtual card?,37,get_disposable_virtual_card
can i order a disposable virtual card?,37,get_disposable_virtual_card
are there virtual disposable cards?,37,get_disposable_virtual_card
is it possible to get a disposable virtual card as well?,37,get_disposable_virtual_card
can you tell me what are disposable cards for?,37,get_disposable_virtual_card
can i use a disposable virtual card for any purchase?,37,get_disposable_virtual_card
what can you use the disposable cards for?,37,get_disposable_virtual_card
where do i get a disposable virtual card?,37,get_disposable_virtual_card
how do i use disposable cards?,37,get_disposable_virtual_card
can you tell me what the disposable cards are used for?,37,get_disposable_virtual_card
is there a way to use this app with a disposable virtual card?,37,get_disposable_virtual_card
what are the uses for disposable cards?,37,get_disposable_virtual_card
tell me more about getting a virtual disposable card.,37,get_disposable_virtual_card
how can i get a virtual card for a one-time transaction?,37,get_disposable_virtual_card
can you tell me where i can order a disposable virtual card?,37,get_disposable_virtual_card
"i don't understand what a disposable virtual card is, can you help?",37,get_disposable_virtual_card
what are these disposable cards meant for?,37,get_disposable_virtual_card
what do the disposable cards do?,37,get_disposable_virtual_card
how do i receive a disposable virtual card?,37,get_disposable_virtual_card
is there a disposable virtual card option?,37,get_disposable_virtual_card
please explain how disposable virtual card work.,37,get_disposable_virtual_card
i'm not sure how disposable virtual cards work. please help.,37,get_disposable_virtual_card
how do i use the disposable cards?,37,get_disposable_virtual_card
how do i know if i need a disposable card?,37,get_disposable_virtual_card
am i able to order a disposable virtual card?,37,get_disposable_virtual_card
can you tell me how to get a disposable virtual card?,37,get_disposable_virtual_card
how can i obtain a disposable virtual card?,37,get_disposable_virtual_card
can you tell me where to go to get a disposable virtual card?,37,get_disposable_virtual_card
is there any way i get a disposable virtual card as well?,37,get_disposable_virtual_card
i'm interested in learning more about disposable virtual cards.,37,get_disposable_virtual_card
how to a go about ordering a disposable virtual card?,37,get_disposable_virtual_card
i need a single use card for shopping online,37,get_disposable_virtual_card
"i need to deposit my virtual card, how do i do that.",37,get_disposable_virtual_card
what are the benefits of a disposable card?,37,get_disposable_virtual_card
what is the disposable card for?,37,get_disposable_virtual_card
i have heard about these disposable virtual cards but don't understand how they work.,37,get_disposable_virtual_card
the disposable cards - what are they for?,37,get_disposable_virtual_card
i think my top-up has failed.,59,top_up_failed
top-up is not working,59,top_up_failed
my top up is not working,59,top_up_failed
"my top-up hasn't gone through, what happened?",59,top_up_failed
my top-up was rejected by an app.,59,top_up_failed
for what reason did my top-up fail?,59,top_up_failed
i can't add any more money.,59,top_up_failed
why won't my top up work,59,top_up_failed
i topped up but the app denied it,59,top_up_failed
my money i added isn't on my card.,59,top_up_failed
"hi, my card is getting declined continuously when i am trying to top-up. request you to look into this issue or tell me any other alternatives.",59,top_up_failed
my credit card was declined for top-up. can you see if there is enough funds in my account?,59,top_up_failed
why did my credit card get declined for top up?,59,top_up_failed
"hello, there was an error while attempting top-up with my card this morning. i was able to use the card two days ago with no issues. could you please assist?",59,top_up_failed
"i've been trying to transfer funds to top-up my card, but the transaction is not going through. is there something i'm doing wrong?",59,top_up_failed
seems like my top-up has failed,59,top_up_failed
i really need to top-up my card today urgently but my card keeps getting declined!! can you please resolve this problem or try an alternative,59,top_up_failed
"hey, i attempted to top up my card today and for some reason it didn't work. when i did it the other way it worked just fine. could you help me figure out why this is happening please?",59,top_up_failed
i believe my top up has failed,59,top_up_failed
i tried using my credit card with top up but it didn't work! i thought it was supposed to?,59,top_up_failed
my credit card for was not approved for a top-up transaction. what happened?,59,top_up_failed
why isn't my topup working?,59,top_up_failed
my credit card did not go through. can you see if it has insufficient funds?,59,top_up_failed
can i tell if my top off didn't work? it doesn't seem to have.,59,top_up_failed
"hi, my card is getting declined during top-up. as it urgent, could you please resolve this issue, or guide me with other alternatives if any.",59,top_up_failed
my top up is giving me problems. what is wrong with it?,59,top_up_failed
i got my card a few days ago but am unable to top up. i'm thinking about closing my account because of this. what is going on?,59,top_up_failed
looks like my top up failed.,59,top_up_failed
i urgently need to top-up my card but its getting declined. please help me in this or advise with other options if any.,59,top_up_failed
the top-up i ordered didn't process.,59,top_up_failed
i don't think that my top-up worked.,59,top_up_failed
tell me why my topup wouldn't go through?,59,top_up_failed
"i did a bank transfer to top up, but the money is not available.",59,top_up_failed
what reasons would a topup fail?,59,top_up_failed
"i tried topping up my account but it failed, can you help me?",59,top_up_failed
why has my top up failed?,59,top_up_failed
"so my top-up failed, could you tell me why?",59,top_up_failed
why has my top-up failed?,59,top_up_failed
i need to top-up my card today urgently but my card keeps getting declined!! can you please resolve this problem or let me know if you have any alternatives,59,top_up_failed
i tried to top up with my card but it was declined. i was able to a couple days ago and it worked. is something wrong? can you check it for me please?,59,top_up_failed
can you find out why my credit card didn't process payment? it was declined for top up so what's the deal?,59,top_up_failed
how can correct top up with the app to work correctly?,59,top_up_failed
is there any reason why my card didn't work when i tried to top up?,59,top_up_failed
the app rejected my top up,59,top_up_failed
my top-up didn't go through,59,top_up_failed
can you tell me why my top-up failed?,59,top_up_failed
my credit card seems to have been declined for top up. why is it not going through? can you tell me what's going on?,59,top_up_failed
my top-up didn't work.,59,top_up_failed
my top-up never worked,59,top_up_failed
it looks like my top up didn't work. why?,59,top_up_failed
i topped up my card but the app rejected it.,59,top_up_failed
"i attempted to top-up with my card this morning, but the transaction was unsuccessful. i received the card two days ago and was successful using it previously. could you please help me?",59,top_up_failed
i tried to top-up but it got denied.,59,top_up_failed
my top up was denied,59,top_up_failed
i think the top up failed,59,top_up_failed
my credit card was just denied for top up! can you tell me why this happened and what's going on?,59,top_up_failed
my top up didn't go through,59,top_up_failed
my top up has failed,59,top_up_failed
why is it failing to top-up?,59,top_up_failed
i can't get the top-up to work! what's going on here.,59,top_up_failed
how do i know if my top up worked?,59,top_up_failed
why can't i topup my account?,59,top_up_failed
my top-up was declined,59,top_up_failed
why is my card being declined when i try to do a top-up? how can this be immediately resolved?,59,top_up_failed
the app has rejected my top up.,59,top_up_failed
"i attempted to top up my car today, it failed! i just got it a couple of days before and it worked then. what is going on with it?",59,top_up_failed
why was my top-up rejected?,59,top_up_failed
my credit card got declined for top up! what's going on? can you check on why it didn't go through?,59,top_up_failed
my top up isnt working,59,top_up_failed
trouble with my top up,59,top_up_failed
i'm confused as to why my top-up did not go through.,59,top_up_failed
i added money but my top-up wasn't processed by the app.,59,top_up_failed
i really need to top-up my card today urgently but my card keeps getting declined!! can you please resolve this problem or let me know if you have any alternatives,59,top_up_failed
"i have the funds, why can i not use my top-up?",59,top_up_failed
"hello, i trying to top up with my card today but it didn't work. when i tried last time it worked but today it isn't. could you take a look at it for me?",59,top_up_failed
why are you keeping my money from me by declining my card? what is going on?,59,top_up_failed
"i desperately need to top-up my card, so why is it being declined? can you solve this for me? i need to use my card immediately!",59,top_up_failed
why did the app deny my top-up?,59,top_up_failed
my top-up was rejected,59,top_up_failed
fix my top up,59,top_up_failed
my top up doesn't work,59,top_up_failed
i am having problems with a top-up.,59,top_up_failed
what's the problem? my card keeps getting declined for top up. i need to know what is going on.,59,top_up_failed
i was trying to top up my account and it isn't working,59,top_up_failed
i believe my top up did not work.,59,top_up_failed
i need help reapplying my top-up. it seems it isn't working.,59,top_up_failed
could you please recommend what i should do if my card keeps getting declined? i planned to top-up today but i am unable to get it to work. i need a fast solution to this problem.,59,top_up_failed
my credit card transaction was declined for a loan payment. can you tell me why?,59,top_up_failed
why did the top-up fail?,59,top_up_failed
i requested for a top-up but it has not reflected,59,top_up_failed
"i tried to top-up, why didn't it work?",59,top_up_failed
i tried to top up with my card but it's not working. i had just done this a couple days previously and it worked. can you tell me what's going on here please?,59,top_up_failed
i wanted to top up my account and it doesn't look like it worked,59,top_up_failed
"my top-up does not seem to have worked, what went wrong?",59,top_up_failed
i'm not sure if my pop-up went through.,59,top_up_failed
top up did not work on the app.,59,top_up_failed
i tried to top up but the app rejected it.,59,top_up_failed
it does not appear that my message went through.,59,top_up_failed
what if my top up didn't work?,59,top_up_failed
i didn't see the money i added to my card.,59,top_up_failed
the top up failed,59,top_up_failed
i have been trying unsuccessfully to top-up my card. is the system down or not working properly?,59,top_up_failed
i am having a huge problem with my card being declined and it's really important that i top-up today. would you please look into this further and let me know how i can get this fixed?,59,top_up_failed
"my card keeps getting declined when i try to use it. i would like to top-up, but it is not going though.",59,top_up_failed
"i just topped up, and the app denied it.",59,top_up_failed
why did my top-up not work?,59,top_up_failed
"hi i've been trying to top up my card for the past day but it gets declined, i need it topped up urgently! can somebody get back to me to resolve this or explain any different ways i can top up my card?",59,top_up_failed
please explain why my top-up didn't go through.,59,top_up_failed
can you tell me why my credit card was declined while trying to top-up?,59,top_up_failed
i need information explaining why my top-up failed to go through,59,top_up_failed
"hi, i am experiencing problems while trying to top-up with my card. i have never experienced any problems doing this before. could you please help me?",59,top_up_failed
the top-up did not go through.,59,top_up_failed
"i could not get a top-up to work, why?",59,top_up_failed
i don't know why my credit card was declined while i was trying to top-up. was it something on my end or was there something wrong with the top-up function?,59,top_up_failed
problems with my top up,59,top_up_failed
why is my top up failing,59,top_up_failed
"i tried again to top up my card after doing it a couple days ago when it had worked. now, it doesn't seem to be working. can you tell me what the deal is here please?",59,top_up_failed
top up keeps failing,59,top_up_failed
"hello, i tried to top up with my card, but it didn't work. i just got it a couple days before and it works fine. what's the deal? can you check into this?",59,top_up_failed
what was the issue with my topping up?,59,top_up_failed
my topping up didn't go through.,59,top_up_failed
why would the app deny my top-up?,59,top_up_failed
"i need to add more funds to my card today because it keeps being declined, and i need to use it immediately. can you fix this or tell me alternatives?",59,top_up_failed
why has my top-up been denied?,59,top_up_failed
i tried to charge my card but it was declined. a couple days ago i was able to charge it and it was accepted. is something wrong? will you double check for me please?,59,top_up_failed
i could not get the top-up to go through,59,top_up_failed
i can't access my money. is it because somethings wrong with the top-up? i set it up correctly.,59,top_up_failed
i was trying to top-up and my credit card was declined. can you tell me why?,59,top_up_failed
i topped up my account but the app failed to process it.,59,top_up_failed
looks like my top-up has been cancelled,59,top_up_failed
my top-up is not working. why is that?,59,top_up_failed
"um, my top up didn't work",59,top_up_failed
"i need assistance finding out why i am unable to top-up my card, it keeps getting refused. it is extremely imperative i get this resolved quickly.",59,top_up_failed
i don't think my top up worked,59,top_up_failed
i added funds to my account but the app didn't process it.,59,top_up_failed
why has my top-up not worked?,59,top_up_failed
why did my top-up fail?,59,top_up_failed
is there a way to fix my top up,59,top_up_failed
i tried to top up my account and it didn't work,59,top_up_failed
won't let me top my card up!! who can get it sorted out for me? it's urgent! how do i find out what the problem is with my card and how else to top it up?,59,top_up_failed
there has been a red flag on my top up.,59,top_up_failed
was there a problem with topping up?,59,top_up_failed
"hi, i tried to top up my card today and it did not work. i have tried it in the past and it worked just fine but it won't do it anymore. can you help me out?",59,top_up_failed
my top-up failed to go through.,59,top_up_failed
i really need to top-up my card today urgently but my card keeps getting declined!! can you please help me with this problem or let me know if you have any alternatives,59,top_up_failed
help my money isnt showing up,5,balance_not_updated_after_bank_transfer
how do i see what i transferred,5,balance_not_updated_after_bank_transfer
hello. can you help figure out why the recent transfer from my uk bank account isn't showing up?,5,balance_not_updated_after_bank_transfer
i've made a transfer from france two days ago but i was wondering if international transfers take longer to arrive because it hasn't made it yet.,5,balance_not_updated_after_bank_transfer
after i transferred money the balance remained the same.,5,balance_not_updated_after_bank_transfer
where is the money that i transferred.,5,balance_not_updated_after_bank_transfer
"about two days ago now, i made a transfer from france but it hasn't arrived yet. is it possible that the international transfer just takes longer?",5,balance_not_updated_after_bank_transfer
why is my balance the same after a transfer?,5,balance_not_updated_after_bank_transfer
how long will it take for a bank transfer to show up on my account? it's been a couple hours but i havnt seen anything yet. also it's from a uk account if that makes any difference.,5,balance_not_updated_after_bank_transfer
the transfer i made isn't reflected in my balance,5,balance_not_updated_after_bank_transfer
can you please check my uk account to make sure everything went alright? i made the transfer a couple of hours ago.,5,balance_not_updated_after_bank_transfer
"hi, i am unable to see transaction in my account which i made couples of hours ago from my uk account. please help me in this.",5,balance_not_updated_after_bank_transfer
"hello i made a bank account transfer from the uk. the transfer was a couple hours ago, nothing has shown up yet. can you check to see if everything okay. please.",5,balance_not_updated_after_bank_transfer
my balance didn't change after i transferred some money.,5,balance_not_updated_after_bank_transfer
i've transferred money into my account but the balance is the same,5,balance_not_updated_after_bank_transfer
money that i have transferred hasn't arrived yet,5,balance_not_updated_after_bank_transfer
i made a transfer from france two days ago now but there hasn't made it there yet. do international transfers take longer?,5,balance_not_updated_after_bank_transfer
i transferred money but the balance did not update.,5,balance_not_updated_after_bank_transfer
i am wondering about a transfer from a different country that doesn't show up yet?,5,balance_not_updated_after_bank_transfer
i just made a transfer from a uk account. how long does that typically take to show up? i just want to make sure it worked alright.,5,balance_not_updated_after_bank_transfer
i just made a transfer from france 2 days ago. it has not yet reached my bank. is it possible it takes longer because it was an international transfer?,5,balance_not_updated_after_bank_transfer
im going to need to make a transfer from a uk account but i need it to go through asap. is that going to be possible or will it take forever?? im hoping it will be a couple hours and not a couple weeks.,5,balance_not_updated_after_bank_transfer
how long before a bank transfer shows up in the account?,5,balance_not_updated_after_bank_transfer
how soon will my balance be updated to reflect my transfer?,5,balance_not_updated_after_bank_transfer
my transfer into my account isn't showing up.,5,balance_not_updated_after_bank_transfer
how can i fix my bank transfer to show up on my bank account?,5,balance_not_updated_after_bank_transfer
when does my balance update for a transfer,5,balance_not_updated_after_bank_transfer
there is a transfer not showing on my account.,5,balance_not_updated_after_bank_transfer
it is common for an international transfer to take 2 days or longer? i made a transfer from france 2 days ago and i have not seen it yet.,5,balance_not_updated_after_bank_transfer
i did a money transfer to my account and it is not showing there.,5,balance_not_updated_after_bank_transfer
i was wondering if international transfers take longer than normal because i made a transfer from france a couple of days ago and nothing has happened yet?,5,balance_not_updated_after_bank_transfer
what's the time frame normally for a uk account transfer? i just made one and it's not showing up anywhere. i want to be sure that everything is good.,5,balance_not_updated_after_bank_transfer
my latest transfer seems to be missing.,5,balance_not_updated_after_bank_transfer
is there a longer processing time for international bank transfers?,5,balance_not_updated_after_bank_transfer
balance hasn't been updated following a bank transfer,5,balance_not_updated_after_bank_transfer
why isn't the transfer to my account showing up?,5,balance_not_updated_after_bank_transfer
where is my money that i transfered?!,5,balance_not_updated_after_bank_transfer
"the other bank confirmed a transfer i made, but this account is not reflecting it yet.",5,balance_not_updated_after_bank_transfer
why can't i see a transfer to my account?,5,balance_not_updated_after_bank_transfer
"hi, i made a transfer from france two days ago and thought it would be here by now. can you give me an update please?",5,balance_not_updated_after_bank_transfer
my balance doesn't include my latest transfer,5,balance_not_updated_after_bank_transfer
how long do bank transfers take to clear,5,balance_not_updated_after_bank_transfer
how long to uk transfers usually take? i made a transfer but it didn't pop up in my history yet. i just want to make sure it went through.,5,balance_not_updated_after_bank_transfer
i had transferred some money but the balance hasn't changed.,5,balance_not_updated_after_bank_transfer
my balance was not updated after transferring money.,5,balance_not_updated_after_bank_transfer
"for you, how long do transfers normally take from a uk account? i completed one just now but nothing appears. i just need to be sure everything is okay.",5,balance_not_updated_after_bank_transfer
do international transfers take longer?? i made a transfer from france 2 days ago but it's still not there yet...,5,balance_not_updated_after_bank_transfer
i am still waiting for a transfer i did,5,balance_not_updated_after_bank_transfer
how long does it take for a bank transfer to show on my balance?,5,balance_not_updated_after_bank_transfer
i transferred some funds but i don't see it,5,balance_not_updated_after_bank_transfer
"how long do transfers to international banks take? i made one to france a couple of days ago, but it's still not there.",5,balance_not_updated_after_bank_transfer
the money that i have transferred hasn't arrived yet.,5,balance_not_updated_after_bank_transfer
how long do transfers take to show up in my account?,5,balance_not_updated_after_bank_transfer
how long does it take for a transfer to post,5,balance_not_updated_after_bank_transfer
my money hasn't been transferred yet.,5,balance_not_updated_after_bank_transfer
what is the normal time to make an international transfer? i made one a few days ago that still hasn't arrived.,5,balance_not_updated_after_bank_transfer
tell me why my balance did not change when i tranferred cash.,5,balance_not_updated_after_bank_transfer
i completed a transfer that isn't showing up on my account.,5,balance_not_updated_after_bank_transfer
how long does transfers take?,5,balance_not_updated_after_bank_transfer
i did a transfer but the balance is the same.,5,balance_not_updated_after_bank_transfer
i made a transfer but my balance hasn't been updated,5,balance_not_updated_after_bank_transfer
i transfered my balance a while back. why doesn't my account reflect this?,5,balance_not_updated_after_bank_transfer
when will i see an updated balance after a transfer?,5,balance_not_updated_after_bank_transfer
i am still waiting on my bank transfer,5,balance_not_updated_after_bank_transfer
there is a missing transfer on my account,5,balance_not_updated_after_bank_transfer
after making a transfer from a uk account it's not showing up. how long do these transfers normally take for you? i want to be certain everything is all right.,5,balance_not_updated_after_bank_transfer
can you check if my money has reached my account since it is not showing up yet?,5,balance_not_updated_after_bank_transfer
why hasn't my money transfer shown up yet?,5,balance_not_updated_after_bank_transfer
please check to see if the band transfer i made a while ago from my uk account has safely arrived.,5,balance_not_updated_after_bank_transfer
where is the transfer to my account?,5,balance_not_updated_after_bank_transfer
"i made a bank transfer earlier from my uk account. i don't see it yet, can you check the status?",5,balance_not_updated_after_bank_transfer
why isn't my balance reflecting a transfer i did?,5,balance_not_updated_after_bank_transfer
"i made a bank transfer from my uk account today, but it's not showing. can you check status?",5,balance_not_updated_after_bank_transfer
how long do i need to wait to see an update after i make a bank transfer?,5,balance_not_updated_after_bank_transfer
why isn't my balance updating? i did a bank transfer and it isn't current.,5,balance_not_updated_after_bank_transfer
"hello, can you please inform me about international transfers? i am expecting a transfer i made from france two days ago and would like to know when it will arrive.",5,balance_not_updated_after_bank_transfer
i added money through a bank transfer and it is not showing in my balance.,5,balance_not_updated_after_bank_transfer
when will the balance on my account change form a transfer,5,balance_not_updated_after_bank_transfer
what is the time frame that transfers normally take from a uk account? i just completed a transfer and nothing shows up. i need to know if everything is alright.,5,balance_not_updated_after_bank_transfer
i have transferred some money but the balance hasn't changed,5,balance_not_updated_after_bank_transfer
the balance does not appear to have updated.,5,balance_not_updated_after_bank_transfer
why hasn't my account updated to reflect my current balance?,5,balance_not_updated_after_bank_transfer
where is the transfer that i did?,5,balance_not_updated_after_bank_transfer
after transfering some money my balance hasn't changed.,5,balance_not_updated_after_bank_transfer
"how long does a transfer from a uk account take? i just made one and it doesn't seem to be working, wondering if everything is okay",5,balance_not_updated_after_bank_transfer
the transfer on my account is not showing up.,5,balance_not_updated_after_bank_transfer
when will my transfer come through?,5,balance_not_updated_after_bank_transfer
i haven't yet received money that i transferred,5,balance_not_updated_after_bank_transfer
"how long do transfers from a uk bank account usually take for you? i just made a transfer and i'm not seeing anything, wondering if it worked",5,balance_not_updated_after_bank_transfer
how long does a bank transfer take to show up in available funds?,5,balance_not_updated_after_bank_transfer
the balance has not been updated.,5,balance_not_updated_after_bank_transfer
"although i transferred some money, it has not as of yet, arrived.",5,balance_not_updated_after_bank_transfer
i am wondering if international transfers take longer. i a made a transfer from france two days ago and believed it would be here already. please let me know when i will get it!,5,balance_not_updated_after_bank_transfer
i don't see any change in my balance.,5,balance_not_updated_after_bank_transfer
"i just transferred some money into my account and do not see it updated yet, can you assist?",5,balance_not_updated_after_bank_transfer
i can still see money in my account after making a payment,5,balance_not_updated_after_bank_transfer
i need to know if everything is okay here. after making a transfer from a uk account it doesn't show up. how long does this normally take to process?,5,balance_not_updated_after_bank_transfer
i made a bank transfer but it doesn't seem to have gone through?,5,balance_not_updated_after_bank_transfer
how long does it typically take to make a transfer from a uk bank? i just made one and it hasn't shown up in my account yet.,5,balance_not_updated_after_bank_transfer
"hi. a couple hours ago i make a transfer from my uk bank account, but it hasn't shown up. please, would you see what the delay is?",5,balance_not_updated_after_bank_transfer
why hasn't my money transfer showed up yet?,5,balance_not_updated_after_bank_transfer
my transfer to my account is missing.,5,balance_not_updated_after_bank_transfer
my transfer has still not appeared.,5,balance_not_updated_after_bank_transfer
why is my balance not updated?,5,balance_not_updated_after_bank_transfer
i'm wondering how long it takes for my money to get to me after a bank transfer.,5,balance_not_updated_after_bank_transfer
"hi. about two hours ago i made a transfer from my bank which is in the uk, but i don't see it yet! would you check what's going on with it, please?",5,balance_not_updated_after_bank_transfer
when does a uk transfer show up?,5,balance_not_updated_after_bank_transfer
i do not see the money i transferred into this account,5,balance_not_updated_after_bank_transfer
how long before transferred money shows up?,5,balance_not_updated_after_bank_transfer
how long do transfers take to go though,5,balance_not_updated_after_bank_transfer
"can you tell me how long it would take, to make a transfer from france? i made one 2 days ago and its not there yet.",5,balance_not_updated_after_bank_transfer
i made a transfer from france a couple days ago and don't see the transaction yet. how long does an international transfer take?,5,balance_not_updated_after_bank_transfer
"transferred to account is not successful, help please?",5,balance_not_updated_after_bank_transfer
my transfer is pending too long.,5,balance_not_updated_after_bank_transfer
why isn't the transferred money there?,5,balance_not_updated_after_bank_transfer
"how long does an international transfer take? i made the transfer from france 2 days ago, but it is not showing up in my bank yet.",5,balance_not_updated_after_bank_transfer
my account balance has not updated to reflect my recent transfer.,5,balance_not_updated_after_bank_transfer
why hasn't the money i transferred into my account shown up yet?,5,balance_not_updated_after_bank_transfer
"bank transfer to account did not show up, please help?",5,balance_not_updated_after_bank_transfer
how long does it take for money to transfer?,5,balance_not_updated_after_bank_transfer
where's the money i transferred into my account?,5,balance_not_updated_after_bank_transfer
why am i still waiting for a transfer?,5,balance_not_updated_after_bank_transfer
why is it taking so long to update my balance transfer?,5,balance_not_updated_after_bank_transfer
i transferred some money but it hasn't arrived yet,5,balance_not_updated_after_bank_transfer
i made a transfer a couple hours ago but my balance has not been updated. why is this? shouldnt this be instant?,5,balance_not_updated_after_bank_transfer
i made a transfer from my uk account a couple of hours ago. could you please make sure everything went alright.,5,balance_not_updated_after_bank_transfer
where is the transfer to my account that i made?,5,balance_not_updated_after_bank_transfer
i've made a bank transfer but the money doesn't seem to be in my account.,5,balance_not_updated_after_bank_transfer
i can't see a transfer to my account i made.,5,balance_not_updated_after_bank_transfer
what amount of time does it take for a transfer to reflect and be available,5,balance_not_updated_after_bank_transfer
"when is my balance going to update, i just transferred some money",5,balance_not_updated_after_bank_transfer
when will the money from my bank transfer be available?,5,balance_not_updated_after_bank_transfer
i transferred some money but the balance stayed the same.,5,balance_not_updated_after_bank_transfer
good afternoon. i made a transfer from my uk bank account. i haven't seen anything on the account in the pass few hours. please check the account to make sure everything is fine.,5,balance_not_updated_after_bank_transfer
i did a bank transfer and my balance isn't current.,5,balance_not_updated_after_bank_transfer
i want to be sure that everything is okay here. i just made a transfer from a uk account and it is still not showing up. how long does this typically take?,5,balance_not_updated_after_bank_transfer
i recently transferred money to my account when will it show up?,5,balance_not_updated_after_bank_transfer
i transferred money but the balance hasn't changed.,5,balance_not_updated_after_bank_transfer
"how long do tranfers from a uk account usuallt take for you? i just made a transfer and nothing shows up, so just wondering if things went ok",5,balance_not_updated_after_bank_transfer
why is my transfer not showing,5,balance_not_updated_after_bank_transfer
why didn't the money i transferred into my account get added to my balance?,5,balance_not_updated_after_bank_transfer
help me find the transfer that i did.,5,balance_not_updated_after_bank_transfer
"i recently transferred some cash, but the balance has not changed.",5,balance_not_updated_after_bank_transfer
what's the normal time frame for a transfer from a uk account? after just making a transfer it doesn't appear at all. i need to know if things went okay.,5,balance_not_updated_after_bank_transfer
can you see my new balance yet?,5,balance_not_updated_after_bank_transfer
how long does it take for money to transfer as my balance hasn't been updated,5,balance_not_updated_after_bank_transfer
how long do i have to wait for my bank transfer to appear in my account?,5,balance_not_updated_after_bank_transfer
how long does a transfer from the united kingdom take? i haven't seen it show up yet in my bank account and want to make sure i get the transfer.,5,balance_not_updated_after_bank_transfer
are bank transfers immediate?,5,balance_not_updated_after_bank_transfer
i transferred money to my account but it is not showing.,5,balance_not_updated_after_bank_transfer
what happened to the transfer i did?,5,balance_not_updated_after_bank_transfer
i transferred some money a couple days ago but haven't received it yet. how long should i expect to wait?,5,balance_not_updated_after_bank_transfer
how long does it take for money to reach my account?,5,balance_not_updated_after_bank_transfer
"i did a transfer to my account, but it hasn't shown up",5,balance_not_updated_after_bank_transfer
my account isn't showing a transfer i made.,5,balance_not_updated_after_bank_transfer
the funds i transferred are not in my account,5,balance_not_updated_after_bank_transfer
how long do bank transfers usually take?,5,balance_not_updated_after_bank_transfer
hello i have a uk account. can you please check if everything is alright with it? i made a transfer a couple hours ago but it doesn't show up yet.,5,balance_not_updated_after_bank_transfer
how long does a transfer from the uk account usually take? after completing the transfer it is not showing up. i need to know that everything i actually went okay.,5,balance_not_updated_after_bank_transfer
can you tell me why the transfer isn't showing up on my account?,5,balance_not_updated_after_bank_transfer
balance is not up to date.,5,balance_not_updated_after_bank_transfer
my transfer isn't there,5,balance_not_updated_after_bank_transfer
i made a bank transfer and the balance hasn't updated yet.,5,balance_not_updated_after_bank_transfer
why wasn't my bank balance updated?,5,balance_not_updated_after_bank_transfer
how long do i have to wait until the transferred money shows up?,5,balance_not_updated_after_bank_transfer
a few hours ago i made a bank transfer from my uk account but i don't see that it has arrived. can you check and see if all is ok please?,5,balance_not_updated_after_bank_transfer
i can't see the transfer that i put in.,5,balance_not_updated_after_bank_transfer
when will my transfer process?,5,balance_not_updated_after_bank_transfer
"is something wrong with my account, my balance didn't change after i transferred some money",5,balance_not_updated_after_bank_transfer
"it has been a couple of hours but i do not see my balance updated, can you help?",5,balance_not_updated_after_bank_transfer
what is the amount of time transfers usually take from the uk? i had just completed a transfer and nothing seems to be showing up so i need to be sure things are alright.,5,balance_not_updated_after_bank_transfer
i looked on the app and it says i withdrew cash. i didn't!,20,cash_withdrawal_not_recognised
i didn't withdraw the amount of cash that is showing up in the app.,20,cash_withdrawal_not_recognised
"i saw on the app that a cash withdrawal was completed on my account; however, i did not complete it.",20,cash_withdrawal_not_recognised
i got a notice from my app that i withdrew cash but i don't remember doing so. how do i fix this?,20,cash_withdrawal_not_recognised
"someone has a copy of my card !! i definitely still have it here but someone just made a 500£ cash withdrawal, help!",20,cash_withdrawal_not_recognised
why do i see a random withdrawal in my app?,20,cash_withdrawal_not_recognised
"hello, please look into this matter urgently. as i have lost my wallet and i can see one withdrawal, now i do not want to loose more money.",20,cash_withdrawal_not_recognised
"someone has a copy of my card. i have my card with me, but someone just made a 500£ cash withdrawal. help me.",20,cash_withdrawal_not_recognised
there is a withdrawal on my account that i don't remember initiating.,20,cash_withdrawal_not_recognised
"i got a message saying i made a withdrawal from the bank machine, but i did not.",20,cash_withdrawal_not_recognised
"someone has copied my card. i have my card with me, but someone just made a 500£ cash withdrawal. please help now.",20,cash_withdrawal_not_recognised
"help, i see money missing i didn't take out.",20,cash_withdrawal_not_recognised
my wallet was taken and i see that someone is using my card! please help me!,20,cash_withdrawal_not_recognised
i see cash withdrawal activity in the app that is not mine.,20,cash_withdrawal_not_recognised
there is a withdrawal on my account i didn't make.,20,cash_withdrawal_not_recognised
"a 500 pound cash withdrawal was just made from my account, but i didn't make it. i am pretty sure my card has been compromised - can you help me?",20,cash_withdrawal_not_recognised
i just lost my wallet and i think someone is using my card to withdraw my money. can you please cancel or freeze my card?!!,20,cash_withdrawal_not_recognised
the app is showing a cash withdrawal that i didn't make.,20,cash_withdrawal_not_recognised
what is this witdrawal,20,cash_withdrawal_not_recognised
there's a cash withdrawal i didn't make,20,cash_withdrawal_not_recognised
i think someone stole money from my card,20,cash_withdrawal_not_recognised
i have a cash withdrawal on my statement that i am unsure of.,20,cash_withdrawal_not_recognised
the app says i got cash from an atm but i didn't,20,cash_withdrawal_not_recognised
i see money go out that i didn't withdraw.,20,cash_withdrawal_not_recognised
i lost my wallet and i think someone is withdrawing cash with my card. please help. it is urgent.,20,cash_withdrawal_not_recognised
somebody stole my wallet and is using my card! can you do something so they can't keep taking my money?,20,cash_withdrawal_not_recognised
"help! i think someone has a copy of my card - i still have my card, but a five hundred pound cash withdrawal that i didn't authorize is shown on my account.",20,cash_withdrawal_not_recognised
i believe my card has been compromised as there's a cash withdrawal i don't recognize.,20,cash_withdrawal_not_recognised
i was checking my account when i saw a $500 cash withdraw that i know i didn't do. i have my card so i don't understand how this happened. please help me.,20,cash_withdrawal_not_recognised
"hi, could you please help me as someone has stolen my wallet few hours ago. and a withdrawal is made, please help immediately. as i don't want to suffer more.",20,cash_withdrawal_not_recognised
what should i do if i see an unauthorized withdrawal on my statement?,20,cash_withdrawal_not_recognised
"a wd was just made on my account, but it was not me and i still have my card. what to do?",20,cash_withdrawal_not_recognised
why is there extra cash in my account?,20,cash_withdrawal_not_recognised
what is this cash withdrawal i don't recognize?,20,cash_withdrawal_not_recognised
i believe my card has been compromised as there are funds showing that i did not receive.,20,cash_withdrawal_not_recognised
there is some cash that is showing up on my app.,20,cash_withdrawal_not_recognised
my wallet was just stolen and i see my account already has a withdrawal. can you please help me.,20,cash_withdrawal_not_recognised
somebody made a withdrawal from my account for 500. i have my card so how can this be? does somebody have a duplicate card or something? help please.,20,cash_withdrawal_not_recognised
there is a cash withdrawal from an atm listed but i don't remember making this withdrawal.,20,cash_withdrawal_not_recognised
i saw there is a cash withdrawal from my account via the app which i did not complete.,20,cash_withdrawal_not_recognised
the app says i made a cash withdrawal even though i didn't.,20,cash_withdrawal_not_recognised
what is this cash withdrawal on my statement?,20,cash_withdrawal_not_recognised
my app shows cash i didn't get.,20,cash_withdrawal_not_recognised
i see non-received cash in my app.,20,cash_withdrawal_not_recognised
the app is saying i made a withdrawl but i didn't.,20,cash_withdrawal_not_recognised
i see cash in my app but i did not get it.,20,cash_withdrawal_not_recognised
my app statement shows i took out cash from an atm but i did not. what can i do?,20,cash_withdrawal_not_recognised
i think someone may have cloned my card or something. my card isn't lost but i just saw a charge of $500 cash withdraw. can you help me?,20,cash_withdrawal_not_recognised
my card shows a cash withdrawal i don't recognize.,20,cash_withdrawal_not_recognised
i got a strange cash withdrawal in my statement,20,cash_withdrawal_not_recognised
help! i just realised someone has apparently withdrawn money using my card! it's from some odd remote town where i definitely haven't been. please freeze it immediately!,20,cash_withdrawal_not_recognised
my app is showing a cash balance that i did not receive.,20,cash_withdrawal_not_recognised
help! the app has an atm withdrawl that i didn't make.,20,cash_withdrawal_not_recognised
"i am seeing in the app, some cash witdhrawals that i did not authorize.",20,cash_withdrawal_not_recognised
some cash shows up on my app.,20,cash_withdrawal_not_recognised
"i am seeing unathorized transactions in the app, on my account.",20,cash_withdrawal_not_recognised
i am missing cash from my bank account according to my app,20,cash_withdrawal_not_recognised
there are funds in my app that i did not receive.,20,cash_withdrawal_not_recognised
a cash withdrawal has been done that i didn't do.,20,cash_withdrawal_not_recognised
i do not know what this cash withdrawal is,20,cash_withdrawal_not_recognised
there is unexpected money in my account.,20,cash_withdrawal_not_recognised
i see a cash withdrawal in the app that i did not do.,20,cash_withdrawal_not_recognised
someone stole my wallet a couple of hours ago now and they have taken money from my account. is there any way that you can help so i won't lose any more of my money.,20,cash_withdrawal_not_recognised
"hi, it's urgent, please freeze my card. as someone has withdrawn money using my card in odd remote town. since i have not done this withdrawal. do it fast.",20,cash_withdrawal_not_recognised
the app says that i got cash in an atm and i didn't,20,cash_withdrawal_not_recognised
please help me figure out the reason for the odd withdrawal amount from my account?,20,cash_withdrawal_not_recognised
what do i do if i do not recognise a cash withdrawal?,20,cash_withdrawal_not_recognised
i hope you can help me. someone has stolen my wallet and now i have noticed that they have been taking money from my account.,20,cash_withdrawal_not_recognised
"there was money taken out of my account, and i'm pretty sure i didn't do it.",20,cash_withdrawal_not_recognised
i was the victim of someone stealing my wallet. my card is being used and it isn't me. what should i do?,20,cash_withdrawal_not_recognised
i think there's been an unauthorized cash withdrawal from my account.,20,cash_withdrawal_not_recognised
what do i do if i see a cash withdrawal on my account that i don't remember making?,20,cash_withdrawal_not_recognised
i am seeing inside the app a some cash withdrawal that is not mine,20,cash_withdrawal_not_recognised
my app shows a money withdrawal that i did not do.,20,cash_withdrawal_not_recognised
"i was trying to use my card and it was declined, when i tried to find out what happened i found cash withdraw for $500 that i didn't do. can you please help figure this out?",20,cash_withdrawal_not_recognised
i believe my card has been compromised because of a strange withdrawal,20,cash_withdrawal_not_recognised
there is money missing from my account.,20,cash_withdrawal_not_recognised
"according to the app, i got cash from an atm but i haven't made any transactions.",20,cash_withdrawal_not_recognised
it is urgency. please freeze my card now. as someone in some odd remote town has withdrawn some money by using my card. as i did not withdraw any money.,20,cash_withdrawal_not_recognised
i am confused why there is cash i did not accept in my account,20,cash_withdrawal_not_recognised
i hope you can help me. my account has been compromised from a different town that i haven't been to. can you please place a hold on my account until i can make it to the bank?,20,cash_withdrawal_not_recognised
there is a cash withdrawal in my account that isn't mine.,20,cash_withdrawal_not_recognised
there is a cash withdrawal on my statement that i did not make,20,cash_withdrawal_not_recognised
i am seeing in the app a some cash withdrawal that does not belong to me,20,cash_withdrawal_not_recognised
"my bank app said that i got cash from an atm, but that's a mistake.",20,cash_withdrawal_not_recognised
"in the app, i see a withdrawal i didn't make.",20,cash_withdrawal_not_recognised
"there are incorrect charges on my account, there was a wd that was made by someone else. i still have my card though.",20,cash_withdrawal_not_recognised
i did not get the cash that is showing up in my app.,20,cash_withdrawal_not_recognised
"someone withdrew money from my account, and it wasn't me.",20,cash_withdrawal_not_recognised
there is money in my account that i didnt put there,20,cash_withdrawal_not_recognised
somebody is taking money out of my account without my approval in another town separate from me. please place a freeze on my account until i can make it to the bank.,20,cash_withdrawal_not_recognised
my app says i withdraw money from my account from an atm.,20,cash_withdrawal_not_recognised
can you tell me what the cash withdrawal is in my statement?,20,cash_withdrawal_not_recognised
my identity has been stolen. i still have my physical card but there are charges i didn't make on my account. how do i cancel this card or dispute the charges?,20,cash_withdrawal_not_recognised
"there was just a withdrawal but it wasn't me, i've never even visited the town where the withdrawal happened.",20,cash_withdrawal_not_recognised
"i am using the app, and i see cash withdrawals that i did not authorize.",20,cash_withdrawal_not_recognised
i did not make a cash withdrawal that is on my statement,20,cash_withdrawal_not_recognised
the app shows a withdrawal that i did not make or authorize.,20,cash_withdrawal_not_recognised
"money was taken out without my consent,",20,cash_withdrawal_not_recognised
i don't recognize this withdrawal on my statement,20,cash_withdrawal_not_recognised
how do i report a cash withdrawal that wasn't me?,20,cash_withdrawal_not_recognised
why is there some cash that i did not deposit in my account?,20,cash_withdrawal_not_recognised
there's an unauthorized cash withdraw,20,cash_withdrawal_not_recognised
help! the app says i took out cash but i didn't!,20,cash_withdrawal_not_recognised
"hello, just now i got to know withdrawal of money from of my account. as someone used my card to withdraw amount in any odd remote area. since i have not been in that area, please freeze my card immediately.",20,cash_withdrawal_not_recognised
there has a recent suspicious withdrawal on my bank account. is it possible to freeze my card?,20,cash_withdrawal_not_recognised
there's a cash withdrawal that didn't make that is showing up.,20,cash_withdrawal_not_recognised
i see an unauthorized withdraw.,20,cash_withdrawal_not_recognised
i am seeing in the app a some cash withdrawal that i did not do,20,cash_withdrawal_not_recognised
i think somebody made an unauthorized copy of my card. my account has a cash withdrawal for 500£ that i did not make. please help.,20,cash_withdrawal_not_recognised
my account shows that i made a cash withdrawal but i cannot remember doing so!,20,cash_withdrawal_not_recognised
"someone is using my card to purchase flights to new york it's not me because i'm not going to new york, please can you cancel the card and refund the money?",20,cash_withdrawal_not_recognised
i noticed that there is a withdrawal in the app that is not mine.,20,cash_withdrawal_not_recognised
"some cash was withdrawn in the app, but i did not do it.",20,cash_withdrawal_not_recognised
my wallet got stolen a couple hours ago and now i've seen there already is a withdrawal. help this is absolutely urgent i don't want to loose more money,20,cash_withdrawal_not_recognised
a withdrawal is showing that i don't recognize,20,cash_withdrawal_not_recognised
there's a cash withdrawal i am certain i did not make,20,cash_withdrawal_not_recognised
what is this withdrawal as i do not remember making it.,20,cash_withdrawal_not_recognised
i have my card here with me and someone has just made a withdrawal for 500. please help!,20,cash_withdrawal_not_recognised
i have a cash withdrawal that i do not recognise.,20,cash_withdrawal_not_recognised
someone else used my card to withdraw cash from an atm,20,cash_withdrawal_not_recognised
some cash has been withdrawn but i didn't do it.,20,cash_withdrawal_not_recognised
i want my card frozen right away. money was taken out in an odd location i have never heard of.,20,cash_withdrawal_not_recognised
i need my card frozen cause it was used without my consent to take money out. it was in an odd place.,20,cash_withdrawal_not_recognised
there's a $200 withdrawal on my statement that seems fishy to me.,20,cash_withdrawal_not_recognised
there's a cash withdrawal on my account that i didn't make,20,cash_withdrawal_not_recognised
why is there a cash withdrawal i didn't make?,20,cash_withdrawal_not_recognised
the app says i made a cash withdrawal that i didn't make,20,cash_withdrawal_not_recognised
help! i think someone has made a cash withdrawal with my card!,20,cash_withdrawal_not_recognised
what do i do when a charge has been made that i did not make?,20,cash_withdrawal_not_recognised
i need your help immediately. there is a 500£ cash withdrawal that i know nothing about. i think my account has become compromised.,20,cash_withdrawal_not_recognised
can you tell me what this cash withdrawal is?,20,cash_withdrawal_not_recognised
how can i verify if a cash withdrawal was made from my account? i still have my card with me but i did not authorize the withdrawal that just occurred.,20,cash_withdrawal_not_recognised
"i think someone might have a copy of my card because a 500 dollar withdrawal was made, and it wasn't me. can you please help?",20,cash_withdrawal_not_recognised
"someone has access to my card info. i still have the card, but someone just withdrew cash. how do i get this corrected/stopped?!",20,cash_withdrawal_not_recognised
why is my app showing me taking money that i did not take out?,20,cash_withdrawal_not_recognised
"i see in the app some cash was withdrawn, but it's not mine.",20,cash_withdrawal_not_recognised
there is a withdrawal in my account i didn't make.,20,cash_withdrawal_not_recognised
what is the strange cash withdrawal on my statement?,20,cash_withdrawal_not_recognised
why would the app show a withdrawal that i did not make?,20,cash_withdrawal_not_recognised
i have a cash withdrawal in my statement. why is that?,20,cash_withdrawal_not_recognised
i didnt put that money in my account,20,cash_withdrawal_not_recognised
some cash withdrawal that i didn't make showed up in the app.,20,cash_withdrawal_not_recognised
there is a cash withdrawl i don't remember.,20,cash_withdrawal_not_recognised
"someone stole my account, there's a withdrawal but it wasn't me, can we put a stop to it please?",20,cash_withdrawal_not_recognised
there are funds showing in my app that i did not receive.,20,cash_withdrawal_not_recognised
i didn't withdraw cash but i see that transaction on my app,20,cash_withdrawal_not_recognised
i have a cash withdrawal that i don't recognize.,20,cash_withdrawal_not_recognised
"my wallet was just stolen, and they've already used my card! please help, i can't afford to lose more money!",20,cash_withdrawal_not_recognised
"please help me, its urgent. someone has withdrawn money from my account as few hours before my wallet has been. now i want to stop withdrawal of more money.",20,cash_withdrawal_not_recognised
help! there is a cash withdrawl on the account that i didn't make!,20,cash_withdrawal_not_recognised
there is a cash withdrawal on my statement that i don't recognize,20,cash_withdrawal_not_recognised
the app is showing mt withdrawals that aren't mine.,20,cash_withdrawal_not_recognised
"my app says i made a withdrawal, but i didn't.",20,cash_withdrawal_not_recognised
there is random cash in my account.,20,cash_withdrawal_not_recognised
a cash withdrawal that i didn't authorize is shown on my account - can you please cancel my card as soon as possible?,20,cash_withdrawal_not_recognised
cash i did not get showed up in my account,20,cash_withdrawal_not_recognised
my app says i withdraw funds from my account through an atm.,20,cash_withdrawal_not_recognised
"there has been an unusual withdrawal from my account, can you help?",20,cash_withdrawal_not_recognised
some cash i didn't get shows in my app,20,cash_withdrawal_not_recognised
how much is the exchange fee?,31,exchange_charge
are there any hidden extra fees for currency exchanges?,31,exchange_charge
if i exchange currencies on a frequent basis can i receive a discount?,31,exchange_charge
is there any cost to change foreign money to local?,31,exchange_charge
what are the currency exchange fees?,31,exchange_charge
do you charge a fee on currency exchange?,31,exchange_charge
what is the current exchange fee?,31,exchange_charge
will i be charged an extra fee if i need to exchange currency?,31,exchange_charge
currency exchanges have any extra fees?,31,exchange_charge
does it cost extra to exchange foreign currencies?,31,exchange_charge
is there any type of fee for currency exchange?,31,exchange_charge
how much more do you charge for currency exchange?,31,exchange_charge
"when exchanging currencies, is there an extra fee?",31,exchange_charge
exchange fee help?,31,exchange_charge
what's the exchange fee?,31,exchange_charge
exchanging currencies costs what?,31,exchange_charge
how much will i be charged for a cross-currency exchange?,31,exchange_charge
how much extra will i be charged for exchanging foreign currency?,31,exchange_charge
do i pay extra for exchange?,31,exchange_charge
do i need to pay extra for exchanging currencies?,31,exchange_charge
how much to exchange currencies?,31,exchange_charge
could you help my figure out the exchange fee?,31,exchange_charge
is there a fee to exchange currency?,31,exchange_charge
do i get a discount if i exchange currencies a lot?,31,exchange_charge
what kind of costs are involved for exchanging currency?,31,exchange_charge
are there any discounts in exchanging currencies frequently?,31,exchange_charge
do you offer any discounts for someone who exchanges currencies frequently?,31,exchange_charge
is there a pay structure for currency exchanges?,31,exchange_charge
would i need to pay extra for exchanging currencies?,31,exchange_charge
what is the charge for exchanging currencies?,31,exchange_charge
are there any discounts for frequent currency exchanges?,31,exchange_charge
how much do i have to pay for exchange of currency?,31,exchange_charge
i need to exchange foreign currency will i be charged?,31,exchange_charge
"since i need to exchange currencies frequently, would you be able to offer me a discount?",31,exchange_charge
"always exchanging currencies, do you offer a discount?",31,exchange_charge
how much do i have to pay to accept an international transfer?,31,exchange_charge
is there a foreign currencies charge?,31,exchange_charge
i exchange my currency quite a bit. do i get an exchange price break?,31,exchange_charge
"if i exchange currencies on a regular basis, is there a discount?",31,exchange_charge
do you charge extra for exchanging currencies?,31,exchange_charge
will there be a charge for exchanging foreign currency?,31,exchange_charge
what's the cost for exchanges?,31,exchange_charge
how much does currency exchange cost?,31,exchange_charge
my currencies needed to be exchanged often and i was wondering if there were any discounts available for this?,31,exchange_charge
is there a frequent currency discount?,31,exchange_charge
would i need to pay extra for currency exchanges?,31,exchange_charge
are there any extras for exchanging currency?,31,exchange_charge
will i get charged on a foreign currencies exchange?,31,exchange_charge
fees for currency exchange,31,exchange_charge
"i travel a lot, can i get a bulk currency exchange discount?",31,exchange_charge
what is the cost for exchanging currencies?,31,exchange_charge
do exchanges cost more?,31,exchange_charge
do currency exchanges cost extra?,31,exchange_charge
is there an additional cost to exchange currencies?,31,exchange_charge
"i've been to several different countries, can i exchange the cash with a discount for a large transaction?",31,exchange_charge
what do you charge for an exchange fee?,31,exchange_charge
i exchange currencies a lot. can i get a discount?,31,exchange_charge
is there a charge for exchanging foreign currencies?,31,exchange_charge
what is the fee for accepting money from a foreign country?,31,exchange_charge
is there a fee for currency exchange?,31,exchange_charge
how much do you charge for exchange rates?,31,exchange_charge
will i have to pay extra to exchange money?,31,exchange_charge
"if i exchange foreign currency, are there any other charges?",31,exchange_charge
what is the cost for currency exchanges?,31,exchange_charge
do yo charge a fee for exchanging foreign currencies?,31,exchange_charge
what is the exchange fee that is charged?,31,exchange_charge
how much does it cost to exchange my balance into a foreign currency?,31,exchange_charge
are there discounts for frequent currency exchanges?,31,exchange_charge
what is the currency exchange fee?,31,exchange_charge
do you offer a discount for those who perform frequent currency exchanges?,31,exchange_charge
what kind of charges should i expect to exchange currencies?,31,exchange_charge
what is your currency exchange fee?,31,exchange_charge
i have foreign currency i would like to change how much will it cost me?,31,exchange_charge
is there a charge for exchanging foreign currency?,31,exchange_charge
"if i exchange currency frequently, can i get a discounted rate?",31,exchange_charge
will there be a cost if i exchange currency?,31,exchange_charge
what fee will be charged for exchanges?,31,exchange_charge
can i have a discount if i exchange currency often?,31,exchange_charge
will you charge me for exchanging foreign currencies?,31,exchange_charge
what is the rate for exchange fees?,31,exchange_charge
what is the charge for exchanging currency?,31,exchange_charge
is there a fee for exchanging currency?,31,exchange_charge
does a discount apply if i exchange currencies frequently?,31,exchange_charge
how high is the exchange fee?,31,exchange_charge
"if i exchange currencies frequently, is there a discount?",31,exchange_charge
how much is the charge for a foreign currency exchange?,31,exchange_charge
how much will i be charged for exchanging foreign currency,31,exchange_charge
will i be charged for exchanging foreign currencies?,31,exchange_charge
is there a few for exchanging foreign currencies?,31,exchange_charge
please tell me what the exchange fee is.,31,exchange_charge
please provide currency exchange rates,31,exchange_charge
what are the charges if i exchange foreign currency?,31,exchange_charge
do i get any sort of discount on volume for a lot fo currency exchanges?,31,exchange_charge
any extra charges for exchanging currencies?,31,exchange_charge
are currency exchanges free?,31,exchange_charge
will there be any extra fees if i exchange currencies?,31,exchange_charge
does it cost anything to do currency exchanges?,31,exchange_charge
is it free to exchange currency?,31,exchange_charge
"if someone in a different country sends me money, do i have to pay a fee?",31,exchange_charge
how much is it to exchange currency,31,exchange_charge
do i have to pay more for exchanges?,31,exchange_charge
can i be charged for exchanging foreign currency?,31,exchange_charge
"would you be able to offer me a discount, since i need to exchange currencies frequently?",31,exchange_charge
is it possible to have a discount for exchanging currency frequently?,31,exchange_charge
what's the fee for exchange of foreign currencies?,31,exchange_charge
"my job requires me to do a lot of exchanging currency, and i was wondering about any possible discounts or lower prices.",31,exchange_charge
i wanted to know what discounts were offered for current exchanges as it is something that occurs frequently.,31,exchange_charge
are there any fees when exchanging to foreign currencies?,31,exchange_charge
are there any exchange fees,31,exchange_charge
is there an extra fee to exchange currencies?,31,exchange_charge
what is the fee for a foreign currency exchange?,31,exchange_charge
do i need to pay more for exchanging currencies?,31,exchange_charge
where do i find out about exchange fees,31,exchange_charge
what exactly is the exchange fee?,31,exchange_charge
i need to exchange some foreign currency. what's the charge for doing that?,31,exchange_charge
is there an additional charge to exchange currencies?,31,exchange_charge
is there an extra charge to exchange different currencies?,31,exchange_charge
is there a discount for multiple currency exchanges?,31,exchange_charge
can you tell me about the exchange fee?,31,exchange_charge
can you tell me what the exchange fee is?,31,exchange_charge
what commission do you take for currency exchage?,31,exchange_charge
what is the charge for using a top up card in the us?,57,top_up_by_card_charge
what is the fee for topping up a us card?,57,top_up_by_card_charge
what fees are charged when i top up,57,top_up_by_card_charge
is there a charge for topping up by card?,57,top_up_by_card_charge
which us cards have top up charges?,57,top_up_by_card_charge
will you charge me if i top up by card?,57,top_up_by_card_charge
how much does it cost to add money to my card,57,top_up_by_card_charge
how much are the fees for adding funds using an international card?,57,top_up_by_card_charge
does it cost money to top up?,57,top_up_by_card_charge
should i add money via bank transfer instead,57,top_up_by_card_charge
do i have to pay extra if i use an international card to top up my account?,57,top_up_by_card_charge
what are the charges for topping up us card?,57,top_up_by_card_charge
do you charge if i use a european bank card for top up?,57,top_up_by_card_charge
"i need to top up, but i have to use an international card. is there a cost for that?",57,top_up_by_card_charge
how much does it cost to add money,57,top_up_by_card_charge
will i be charged for topping up?,57,top_up_by_card_charge
do you have any fees if i want to add money using an international card.,57,top_up_by_card_charge
"i am wanting to refill my card, is there a charge?",57,top_up_by_card_charge
is there a fee to add money to an international card?,57,top_up_by_card_charge
does it cost to add money to my card?,57,top_up_by_card_charge
do i get charged for a top up from a european bank?,57,top_up_by_card_charge
are their fee's for top ups?,57,top_up_by_card_charge
does it cost to top up my card?,57,top_up_by_card_charge
how much is the fee for topping by card,57,top_up_by_card_charge
what is the fee if i use a european bank for a top up?,57,top_up_by_card_charge
are there any charges for using a bank card to top up,57,top_up_by_card_charge
i was wondering if you will take any fees in exchange for top ups?,57,top_up_by_card_charge
are there any charges for european bank card for top up?,57,top_up_by_card_charge
are there still fees for european top-ups?,57,top_up_by_card_charge
how much are you going to charge me if i top up my us card?,57,top_up_by_card_charge
will i be charged a fee to top up using a debit or credit card?,57,top_up_by_card_charge
if i top up using a european card is there a charge?,57,top_up_by_card_charge
will i see fees from adding money with an international card?,57,top_up_by_card_charge
do you charge extra for topping up with a debit or credit card?,57,top_up_by_card_charge
is there a fee for european bank cards?,57,top_up_by_card_charge
what are the top up charges for all us cards?,57,top_up_by_card_charge
when i add money to my international card do you charge a fee to do so?,57,top_up_by_card_charge
is there a top charge for us cards?,57,top_up_by_card_charge
are there going to be fees from adding money with an international card?,57,top_up_by_card_charge
what is the charge for topping up a card?,57,top_up_by_card_charge
does it cost anything to top up?,57,top_up_by_card_charge
are there any charges for topping up a us-issued card?,57,top_up_by_card_charge
what fees to you have for top ups?,57,top_up_by_card_charge
is there a fee to top up a us card using a debit or credit card?,57,top_up_by_card_charge
do i get charged if i top up with my european bank card?,57,top_up_by_card_charge
how much is the charge to top up via credit card?,57,top_up_by_card_charge
are you going to charge me to top up my card?,57,top_up_by_card_charge
what do you charge to top up us cards?,57,top_up_by_card_charge
are there top up charges for us cards?,57,top_up_by_card_charge
how much does it cost to top up a us-issued card?,57,top_up_by_card_charge
will you charge me for topping up with a european card?,57,top_up_by_card_charge
do you charge a fee for adding money in usd?,57,top_up_by_card_charge
are there charges for using a bank card to top up,57,top_up_by_card_charge
are there fees for using an international card to top up?,57,top_up_by_card_charge
i topped off my card is that something you will charge me for?,57,top_up_by_card_charge
how should i add money to my card,57,top_up_by_card_charge
is it free to add money to my card,57,top_up_by_card_charge
will i be charged any fees if i want to add money with an international card?,57,top_up_by_card_charge
can i top up for free using a european card?,57,top_up_by_card_charge
is topping up free?,57,top_up_by_card_charge
is usd free to top up with a us card?,57,top_up_by_card_charge
how much do you charge to top up us cards?,57,top_up_by_card_charge
is it free for top ups?,57,top_up_by_card_charge
what is the fee for topping up by card?,57,top_up_by_card_charge
is there a charge to use a top up card in the us?,57,top_up_by_card_charge
will i get charged fees when i add money with an international card?,57,top_up_by_card_charge
are there any charges for topping up my card?,57,top_up_by_card_charge
is there a top-up fee if you add money in usd?,57,top_up_by_card_charge
will i get charged for topping up with an international card?,57,top_up_by_card_charge
how much for topping up by card?,57,top_up_by_card_charge
is there a fee for topping off a us card?,57,top_up_by_card_charge
do you charge a fee for topping up a card?,57,top_up_by_card_charge
do you have any card fees if i want to add money using an international card?,57,top_up_by_card_charge
what is the top up rate charge for using a card in the us?,57,top_up_by_card_charge
is there a fee for topping up a card?,57,top_up_by_card_charge
will you charge me more if i use a european bank card for a top up?,57,top_up_by_card_charge
is there a fee when i add money to my international card?,57,top_up_by_card_charge
is there any fees for top ups?,57,top_up_by_card_charge
can i get information on topping up?,57,top_up_by_card_charge
is there a fee for topping up by charge card?,57,top_up_by_card_charge
are there any charges for top ups?,57,top_up_by_card_charge
what are the top-up fees for my card?,57,top_up_by_card_charge
would i be charged any fees if i added money to my account using an international card?,57,top_up_by_card_charge
where can i top my card for free?,57,top_up_by_card_charge
what top up charges are there for us cards?,57,top_up_by_card_charge
is there a charge for using an european bank card for top up?,57,top_up_by_card_charge
will you charge an extra fee for top ups?,57,top_up_by_card_charge
what do i need to know about topping up?,57,top_up_by_card_charge
will it cost extra to add money to an international card?,57,top_up_by_card_charge
what options do i have when topping up a us card?,57,top_up_by_card_charge
is there a charge for top-ups?,57,top_up_by_card_charge
how much does it cost to us us cards?,57,top_up_by_card_charge
i am worried about fees for top up cards?,57,top_up_by_card_charge
will i be charged a fee for topping up using a european card?,57,top_up_by_card_charge
i need to know what charges i will incur for using a european card for top up.,57,top_up_by_card_charge
"if i add money with an international card, are there any fees?",57,top_up_by_card_charge
can i be charged for topping up by card,57,top_up_by_card_charge
what fees are there for adding money using an international card,57,top_up_by_card_charge
what are the top up fees for using an european bank card?,57,top_up_by_card_charge
are there fees for adding money with an international card?,57,top_up_by_card_charge
european bank card for top up will come with any extra fees?,57,top_up_by_card_charge
are there any fees if i want to add money using an international card?,57,top_up_by_card_charge
"if i were to use a european bank card for a top up, will i incur a charge?",57,top_up_by_card_charge
will you charge me more if i top up with an international card?,57,top_up_by_card_charge
will i be charged for adding money using an international card?,57,top_up_by_card_charge
how much is it to use my us debit or credit card to top up?,57,top_up_by_card_charge
will there be extra charges regarding to adding money into my international card?,57,top_up_by_card_charge
will you assess me more fees if i top up with an international card?,57,top_up_by_card_charge
is there a fee for adding funds with a credit card?,57,top_up_by_card_charge
will there be any fees for top ups?,57,top_up_by_card_charge
"if us cards have a top up charge, what is it?",57,top_up_by_card_charge
what are the fees for using a european bank card?,57,top_up_by_card_charge
how much does top up fees cost?,57,top_up_by_card_charge
"i want to add money to my international card, so are there any fees charged to do this?",57,top_up_by_card_charge
please help me with my card. it won't activate.,0,activate_my_card
i tired but an unable to activate my card.,0,activate_my_card
i want to start using my card.,0,activate_my_card
how do i verify my new card?,0,activate_my_card
i tried activating my plug-in and it didn't piece of work,0,activate_my_card
how do i activate my card,0,activate_my_card
can someone assist me with activating my card?,0,activate_my_card
my card needs to be activated.,0,activate_my_card
i was unable to activate my card.,0,activate_my_card
is my card ready for use or does it need activated and if so how?,0,activate_my_card
help me activate my new card.,0,activate_my_card
do i need a photo id to activate a my new card?,0,activate_my_card
"i just got my new card, how do i activate it?",0,activate_my_card
can i have my card activated?,0,activate_my_card
i cant seem to activate card,0,activate_my_card
it won't let me activate my card.,0,activate_my_card
i tried activation my card and it didn't employment,0,activate_my_card
i want to use my card. how do i activate it?,0,activate_my_card
activate my card,0,activate_my_card
can i get some help activating my new card?,0,activate_my_card
is my card activated?,0,activate_my_card
i would like to activate my card.,0,activate_my_card
can i call to get my card activated?,0,activate_my_card
how can i activate my new card? i didn't recieve any information with it about how to do so.,0,activate_my_card
how do i activate my new card i just got?,0,activate_my_card
will you be able to activate my card,0,activate_my_card
can i get some help to get me card activated?,0,activate_my_card
i want to activate my new card.,0,activate_my_card
what would ii do if i wanted to activate my new card,0,activate_my_card
what needs to be done to activate and use a card?,0,activate_my_card
can i activate my card?,0,activate_my_card
i need assistance activating my card?,0,activate_my_card
i need assistance with activating my new card.,0,activate_my_card
how do i get my card active?,0,activate_my_card
what do i have to do to activate my card?,0,activate_my_card
what is needed to activate my card?,0,activate_my_card
how can my new card be activated?,0,activate_my_card
can you activate my card pls,0,activate_my_card
how do i turn on my new card?,0,activate_my_card
please assist me in activating the card.,0,activate_my_card
would you be so kind as to activate my card? thanks,0,activate_my_card
i tried activating my card and it doesn't work how do i solve this problem?,0,activate_my_card
can i activate my card with the app?,0,activate_my_card
"i want to start using my card, how do i activate it?",0,activate_my_card
what is the process to activate a card,0,activate_my_card
"hi, would you please activate my card?",0,activate_my_card
what do i need for activation of my card?,0,activate_my_card
"how do i activate my card, so that i can start using it?",0,activate_my_card
i need my card activated.,0,activate_my_card
i would like to be assisted with the activation of my card.,0,activate_my_card
i just received my card and i'd like to activate it.,0,activate_my_card
can you assist me in activating my card?,0,activate_my_card
how do i activate my card to start using it?,0,activate_my_card
instructions for activating card,0,activate_my_card
what do i need to do for the card activation?,0,activate_my_card
"i am unable to activate my card, it won't let me.",0,activate_my_card
when are you going to activate my card?,0,activate_my_card
i need to activate my card.,0,activate_my_card
how can i activate my new card?,0,activate_my_card
what do i do to activate?,0,activate_my_card
what steps do i have to take to activate my card?,0,activate_my_card
"my new card just arrived, how can i activate it?",0,activate_my_card
i am having trouble activating my card.,0,activate_my_card
my card is not able to be activated how do i get it to work?,0,activate_my_card
i'm not able to activate my card how do i fix this problem?,0,activate_my_card
i cannot activate my card.,0,activate_my_card
how can i activate the new card i got?,0,activate_my_card
how long should i wait ti activate my card,0,activate_my_card
how do i activate a card?,0,activate_my_card
what is the procedure for activating this card?,0,activate_my_card
my card needs to be activated asap,0,activate_my_card
what is the most efficient way to activate my new card?,0,activate_my_card
i couldn't complete card activation.,0,activate_my_card
who do i call to activate my new card?,0,activate_my_card
"you can activate your card in a few seconds by going to account, hitting activate, and just following the directions.",0,activate_my_card
tell me what i need to do to activate my card.,0,activate_my_card
what is the process for activating a new card.,0,activate_my_card
my card activation is failing.,0,activate_my_card
"i need to activate my card, how is that done?",0,activate_my_card
i would like to activate my card what do i need to do?,0,activate_my_card
i have my card now how do i activate it?,0,activate_my_card
how long does it take to activate my card?,0,activate_my_card
how do i activate my card so i can start using it?,0,activate_my_card
explain the activation method for this card,0,activate_my_card
can someone assist me with activating my new card?,0,activate_my_card
what is the process for activating my new card?,0,activate_my_card
i would like to have assistance with activating my card.,0,activate_my_card
tell me how to renew my new card?,0,activate_my_card
my new card came in. how do i activate?,0,activate_my_card
how do i active this card?,0,activate_my_card
what are the steps to activate my card?,0,activate_my_card
i have a new card and need to activate it,0,activate_my_card
i would like to get help from someone in your customer service department with assisting me with activating my card.,0,activate_my_card
what are the steps that i need to take to activate a new card?,0,activate_my_card
i tried activating my card and it didn't work,0,activate_my_card
i need my card to be activated right now.,0,activate_my_card
what information do i need to gather in order to activate my card?,0,activate_my_card
what do i need to have with me to activate card,0,activate_my_card
what am i going to need in order to activate my card?,0,activate_my_card
show me how to activate my card,0,activate_my_card
i need more assistance with how to activate my card.,0,activate_my_card
can you tell me how i go about activating a new card?,0,activate_my_card
my new card needs activating.,0,activate_my_card
where do i activate my card?,0,activate_my_card
do you know the process how to activate my card?,0,activate_my_card
how can i make my card active?,0,activate_my_card
please help me with the activation of the new card.,0,activate_my_card
can you help me activate my card,0,activate_my_card
my card activation attempt failed.,0,activate_my_card
"i just got a new card, and i want to know how to activate.",0,activate_my_card
would it be possible to activate my card?,0,activate_my_card
card activation steps,0,activate_my_card
what is the process for activating my card and using it?,0,activate_my_card
i have a new card and i need to activate it.,0,activate_my_card
do i have to go somewhere to activate my card?,0,activate_my_card
what do i do to activate my new card?,0,activate_my_card
i just got a new card how do i get it to start working?,0,activate_my_card
i need assistance to activate the card on my account.,0,activate_my_card
i can't activate my card?,0,activate_my_card
"my new card is here, what's the process for activating it?",0,activate_my_card
where can i activate my card?,0,activate_my_card
how can i switch on my new card?,0,activate_my_card
"with my new card, how may i activate it?",0,activate_my_card
help me activate my card.,0,activate_my_card
"how long does it take to activate the card, as it does not look like its working?",0,activate_my_card
"you can do that in just a few seconds. go to account, hit activate, and follow the directions from there.",0,activate_my_card
card activation is not working. what do i do?,0,activate_my_card
what identification is required to activate my card?,0,activate_my_card
i need to do a card activation.,0,activate_my_card
"i want to activate my card, how do i do it?",0,activate_my_card
i want to activate the card.,0,activate_my_card
i am planning activating my card was it possible?,0,activate_my_card
the activation process for my card isn't working.,0,activate_my_card
could you please tell me how to activate my new card?,0,activate_my_card
i need to actuate my card.,0,activate_my_card
i need info on activating my card?,0,activate_my_card
i would like my card activated.,0,activate_my_card
how can i make my card ready to use?,0,activate_my_card
can i use my new card?,0,activate_my_card
what steps do i have to go through in order to activate my new card?,0,activate_my_card
i have a new card. how do i activate it?,0,activate_my_card
"the activation process did not work, please help?",0,activate_my_card
i just got my card and cannot get it to work.,0,activate_my_card
"just received my replacement card, what steps do i need to take to activate it?",0,activate_my_card
"i want to use my card, how would i activate it?",0,activate_my_card
how do i activate my new card,0,activate_my_card
"what are the steps to activate the card, as it does not seem to work?",0,activate_my_card
i just got my new card. how can i activate it?,0,activate_my_card
please assist me with activation.,0,activate_my_card
where do i go to activate my card?,0,activate_my_card
"if you to to account, hit activate, and follow the instructions, you can activate it in just a few seconds.",0,activate_my_card
is my new card activated?,0,activate_my_card
help my activate my card.,0,activate_my_card
i cannot seem to activate card,0,activate_my_card
what do i need to do in order to use my card i just got?,0,activate_my_card
"my new card has arrived, what's the activation procedure?",0,activate_my_card
how can my new card be renewed?,0,activate_my_card
what is the proper way to activate a card?,0,activate_my_card
how do i activate my card that just arrived?,0,activate_my_card
why is there a charge when i took out money?,19,cash_withdrawal_charge
why have i been charged a fee for cash withdrawal?,19,cash_withdrawal_charge
i made a cash withdrawl and there is a charge. what is this?,19,cash_withdrawal_charge
i am inquiring about why there was an extra fee charged when i used an atm.,19,cash_withdrawal_charge
why am i being charged extra when i withdrew money?,19,cash_withdrawal_charge
why am i charged to get money from the atm?,19,cash_withdrawal_charge
i saw i was charged extra for money i withdrew?,19,cash_withdrawal_charge
is there an extra fee for using an atm?,19,cash_withdrawal_charge
why did they take more money out then i withdrawed?,19,cash_withdrawal_charge
i withdrew cash and was charged,19,cash_withdrawal_charge
why has a cash withdrawal charged me?,19,cash_withdrawal_charge
i was charged for getting cash.,19,cash_withdrawal_charge
"hello, i have a question concerning an unfamiliar fee that i notice on my account. i see that you guys charge for atm withdrawal. never notice this fee until now. can you please explain?",19,cash_withdrawal_charge
why am i charged a fee for withdrawing cash?,19,cash_withdrawal_charge
why was there a fee for my cash withdrawal?,19,cash_withdrawal_charge
i don't understand why i was charged extra for withdrawing money?,19,cash_withdrawal_charge
i made a transaction at an atm and was charged extra for it.,19,cash_withdrawal_charge
"i was charged extra when i made a cash withdraw, why?",19,cash_withdrawal_charge
why was i charged for cash withdrawal?,19,cash_withdrawal_charge
why was there a fee on my cash withdrawal?,19,cash_withdrawal_charge
why was i charged for a cash withdrawal at the atm?,19,cash_withdrawal_charge
since when do you charge to make a withdrawal? i've always done it for free. so how much is it now?,19,cash_withdrawal_charge
why is there an extra fee for using the atm??!!!,19,cash_withdrawal_charge
is the fee with my cash withdrawal a mistake?,19,cash_withdrawal_charge
why did using an atm cause me to have an extra fee charged?,19,cash_withdrawal_charge
"why am i being charged for atm cash withdrawals? the only reason i use it is because it's been free! now you expect me to pay for them, and how much is that going to cost me?",19,cash_withdrawal_charge
why was my account assessed a fee for an atm transaction?,19,cash_withdrawal_charge
why am i being charged for atm fees?,19,cash_withdrawal_charge
why have i been charged for pulling cash out of my own account?,19,cash_withdrawal_charge
why was i charged for making a withdrawal? after i went grocery shopping i withdrew some money from my account and now there is another charge.,19,cash_withdrawal_charge
do you charge for making a withdrawal? i took some money out of my account earlier and i was charged for this.,19,cash_withdrawal_charge
"so, i was just charged for my recent atm withdrawal and any withdrawal prior to this has been free. what is the issue here?",19,cash_withdrawal_charge
why was i charged an extra fee when using an atm?,19,cash_withdrawal_charge
when i got cash i was charged an extra fee! explain!,19,cash_withdrawal_charge
"i am not supposed to be charged a cash withdrawal fee, but i was.",19,cash_withdrawal_charge
i have a question about fee for cash withdraw.,19,cash_withdrawal_charge
could you explain your rules for atm fees?,19,cash_withdrawal_charge
how do i avoid a fee to use an atm?,19,cash_withdrawal_charge
how much can i withdrawal in one month without incurring fees?,19,cash_withdrawal_charge
am i charged more for using the atm?,19,cash_withdrawal_charge
"i just pulled money out of the atm and was charged a fee, why?",19,cash_withdrawal_charge
why was i charged for withdrawing cash?,19,cash_withdrawal_charge
"when i withdrew my money, why was there an extra charge?",19,cash_withdrawal_charge
i took out money and there is a fee. why?,19,cash_withdrawal_charge
is there a cash withdrawal fee? because i just got charged?,19,cash_withdrawal_charge
"hello, i wanted to get some more information about atm withdraw fee. i have been withdrawing money for years and notice this charge on my account. i always thought it was no fee since its you guys atm company that i am withdrawing. can you please explain?",19,cash_withdrawal_charge
how much money can i withdraw before fees? i noticed a fee on my card but i didn't think i had hit the limit of how much i could withdraw in a month.,19,cash_withdrawal_charge
"this is not right, i was told i could take out cash at the atm for free?",19,cash_withdrawal_charge
how come i got to pay to get my money from the atm?,19,cash_withdrawal_charge
"i just saw a charge for a cash withdrawal that i made! atm withdrawals have always been free in the past, so why is there suddenly a charge? what is it going to cost me now?",19,cash_withdrawal_charge
"why are you charging for cash withdrawals? i went to withdraw some money earlier today after getting my groceries, and it appears there is a fee that wasn't there before",19,cash_withdrawal_charge
what's up with the fee for getting cash?,19,cash_withdrawal_charge
"i was told that withdrawing cash from the atm is free, but i'm charged a fee. why is this?",19,cash_withdrawal_charge
why are fees charged for cash withdrawals? i went to withdraw some money earlier today after shopping. there's a new fee that there.,19,cash_withdrawal_charge
"when i withdrew money from my account the other day, i noticed that there was a fee. i didn't think that there were any fees for withdrawals...? how much will i be charged?",19,cash_withdrawal_charge
i thought it was free to make a withdrawal. so how much does it cost now?,19,cash_withdrawal_charge
i just had a look at my statement. why have i been changed for using the atm?,19,cash_withdrawal_charge
why are you charging me for atm withdrawal? it has always been free before.,19,cash_withdrawal_charge
is there a reason i was charged an extra fee for using the atm?,19,cash_withdrawal_charge
there was an extra fee when i was at the atm. why?,19,cash_withdrawal_charge
"i hate this atm, it charged me an extra fee, why did it charge?",19,cash_withdrawal_charge
why is it i am charged an extra fee when i use the atm?,19,cash_withdrawal_charge
what's up with the extra fee i got?,19,cash_withdrawal_charge
tell me why there is a charge on my cash withdrawl.,19,cash_withdrawal_charge
why was i charged for getting cash?,19,cash_withdrawal_charge
why am i being charged to make cash withdrawals? i thought they were supposed to be free!,19,cash_withdrawal_charge
i should not have been charged a fee for cash withdrawal.,19,cash_withdrawal_charge
i got charged a fee that shouldn't be there from my cash,19,cash_withdrawal_charge
i was charged a fee for withdrawing cash.,19,cash_withdrawal_charge
"i want to get some cash from the atm using my card but i dont want to be charged any fees. ive taken some money out before with no fees, but recently ive been getting charged. why?",19,cash_withdrawal_charge
"i got this stupid fee after taking cash out, why?",19,cash_withdrawal_charge
"i was charged for a cash withdrawal, why?",19,cash_withdrawal_charge
i got cash and was charged a fee that shouldn't be there!,19,cash_withdrawal_charge
please help! there was an extra fee when i got cash.,19,cash_withdrawal_charge
why have i all of a sudden been charged for my atm withdrawal? i thought the withdrawals were free because this is the first time i've ever had this problem.,19,cash_withdrawal_charge
can you tell me why i was charged to withdraw cash?,19,cash_withdrawal_charge
why was i charged a fee when i withdrew money?,19,cash_withdrawal_charge
how come my cash withdrawal came with an unnecessary fee?!,19,cash_withdrawal_charge
a percentage fee was charged to my withdrawal.,19,cash_withdrawal_charge
will i be charged for a cash withdrawal?,19,cash_withdrawal_charge
explain the extra atm fees.,19,cash_withdrawal_charge
"i just took some cash out of a cash machine in heathrow airport because i wanted to buy some new sunglasses for my holiday but you've added a fee to the withdrawal, what is this?",19,cash_withdrawal_charge
the bank charged me fees for withdrawing cash!,19,cash_withdrawal_charge
why am i charged a fee for getting cash?,19,cash_withdrawal_charge
i used an atm and wanted to know why i was charged an extra fee.,19,cash_withdrawal_charge
is there a fee for a cash withdrawal?,19,cash_withdrawal_charge
"i was charged a fee when withdrawing cash, can you explain why?",19,cash_withdrawal_charge
"i received a fee for obtaining cash, is this correct?",19,cash_withdrawal_charge
today i noticed a charge for an atm withdrawal on my account. can you please fix this? it's supposed to be no charge.,19,cash_withdrawal_charge
why are you charging fees on cash withdrawals? i went to withdraw some money earlier today after buying groceries. there's a fee that wasn't there before.,19,cash_withdrawal_charge
is there a charge for cash withdrawals? i always thought it was free.,19,cash_withdrawal_charge
tell me why there is an extra charge when i used an atm?,19,cash_withdrawal_charge
why did you charge me extra for withdrawing money?,19,cash_withdrawal_charge
is there always a charge when withdrawing money?,19,cash_withdrawal_charge
i have a fee for cash withdrawal,19,cash_withdrawal_charge
make me understand why i am charged an extra fee when i use the atm.,19,cash_withdrawal_charge
why am i being charge a fee when using an atm?,19,cash_withdrawal_charge
i was under the impression atm cash withdrawals were free. why was i suddenly charged for my most recent atm transaction?,19,cash_withdrawal_charge
i didn't realize that there were any fees for withdrawing money from my account--this has never happened to me before. what exactly are the fees?,19,cash_withdrawal_charge
are there atm fees?,19,cash_withdrawal_charge
"do you charge for cash withdrawals? i want to get my hands on my own money and you appear to be charging me for the pleasure! why is this, you'd never get this with my high street bank!",19,cash_withdrawal_charge
"is there a fee when i get cash from an atm? is there a limit i can take out? if there is a fee, what is it?",19,cash_withdrawal_charge
why was there a fee when i pulled cash?,19,cash_withdrawal_charge
"the atm charged me an extra fee, why?",19,cash_withdrawal_charge
why am i being charged for withdrawing cash but haven't in the past?,19,cash_withdrawal_charge
why did i get a fee for getting cash?,19,cash_withdrawal_charge
i have been charged a fee for getting cash,19,cash_withdrawal_charge
why did i get charged when getting cash?,19,cash_withdrawal_charge
i made a cash withdrawal and was charged a fee incorrectly can you help with this?,19,cash_withdrawal_charge
i got charged fees for withdrawing cash!,19,cash_withdrawal_charge
since when were there charges for taking out cash from my account? it's always been free for me to do this before. how much are the charges going to be?,19,cash_withdrawal_charge
there was an unexpected fee for my cash withdrawal!,19,cash_withdrawal_charge
there was an extra fee on my account when i got cash.,19,cash_withdrawal_charge
"while getting cash, i was charged a fee.",19,cash_withdrawal_charge
why did i get charged for a withdrawal?,19,cash_withdrawal_charge
how come i got charged extra for withdrawing cash?,19,cash_withdrawal_charge
why am i being charged for getting cash?,19,cash_withdrawal_charge
why do i see extra charges for withdrawing my money?,19,cash_withdrawal_charge
anytime i've made an atm withdrawal before it has always been free. i now say that i have been charged for my most recent atm withdrawal. what's going on here?,19,cash_withdrawal_charge
what's going on? i was just recently charged for an atm withdrawal. i've never seen this charge before and before it's always been free.,19,cash_withdrawal_charge
i saw a fee on my receipt from withdrawing money while shopping earlier. is there supposed to be a fee for this type of transaction?,19,cash_withdrawal_charge
why was i charged an extra fee from the atm?,19,cash_withdrawal_charge
"extra fees on a cash withdrawal, not cool.",19,cash_withdrawal_charge
why am i being charged certain fees? i noticed a fee after i withdrew some money for groceries earlier today.,19,cash_withdrawal_charge
have you started charging for cash withdrawals? i always thought it was free until i noticed this fee. how much is the fee?,19,cash_withdrawal_charge
can you tell me why i was charged extra when i withdrew money?,19,cash_withdrawal_charge
"it seems i've suddenly been charged for my recent atm cash withdrawal. what's up with that? i though withdrawals are free, you never charged me so far!",19,cash_withdrawal_charge
i believe i was charged for making a withdrawal after i went grocery shopping. are you guys charging for this now?,19,cash_withdrawal_charge
why was i charged when taking out money?,19,cash_withdrawal_charge
is there a charge on withdrawals?,19,cash_withdrawal_charge
are there charges for cash withdrawals?,19,cash_withdrawal_charge
do i get charged for withdrawals?,19,cash_withdrawal_charge
i was recently charged for withdrawing money from my bank atm. how can that be possible when i haven't been charged for using it before?,19,cash_withdrawal_charge
why did i get charged for withdrawing cash?,19,cash_withdrawal_charge
when did you start charging to make a withdrawal? how much is it now? i always thought it was free.,19,cash_withdrawal_charge
what was the extra charge for withdrawing money?,19,cash_withdrawal_charge
i was charged a fee with my cash withdrawal that i shouldn't have been charged.,19,cash_withdrawal_charge
why is there a fee for cash withdrawal?,19,cash_withdrawal_charge
why did using an atm cause me to be charged an additional fee?,19,cash_withdrawal_charge
why did i get a fee from the atm?,19,cash_withdrawal_charge
to cash withdrawals charge me?,19,cash_withdrawal_charge
why was i charged a fee on a cash withdrawal?,19,cash_withdrawal_charge
i withdraw cash from the atm and was charged a fee,19,cash_withdrawal_charge
"why did i get charged a fee, i thought it was free?",19,cash_withdrawal_charge
"i have never been charged for making an atm cash withdrawal before, but i am now being charged a fee to withdraw cash. what happened?",19,cash_withdrawal_charge
i withdrew cash and was charged. why?,19,cash_withdrawal_charge
why do i have a charge for an atm withdrawal? i thought these were free?,19,cash_withdrawal_charge
i got a strange fee when i used the atm.,19,cash_withdrawal_charge
i used my card the other day to get cash from an atm and was charged an extra fee. i don't understand why i am being charged a fee all of a sudden. i thought it was free to withdraw from an atm?,19,cash_withdrawal_charge
why was there a fee with my cash withdrawal?,19,cash_withdrawal_charge
what is this extra charge for a withdrawal?,19,cash_withdrawal_charge
is there a charge for getting cash?,19,cash_withdrawal_charge
"hello, i have noticed a problem on my recent withdrawal at the banks atm machine. i made a transaction and upon receiving my funds from the machine, a fee was assessed to my withdrawal. are these types of transactions free of charge?",19,cash_withdrawal_charge
i have a strange transaction on my account which appears to pertain to a cash withdrawal i made outside nandos in leeds. what is that for? is it fraud?,19,cash_withdrawal_charge
why did you charge me for taking out cash?,19,cash_withdrawal_charge
"the past few times i've been to the atm, i was charged a withdrawal fee. have your policies changed regarding fees?",19,cash_withdrawal_charge
why am i being charged for withdrawing cash funds?,19,cash_withdrawal_charge
what is your policy on withdrawing cash from an atm? there is a fee on my account that wasn't there before i paid for my groceries.,19,cash_withdrawal_charge
what is the extra fee i was charged when using an atm?,19,cash_withdrawal_charge
why am i charged whenever i withdraw cash?,19,cash_withdrawal_charge
why did you charge me extra when i withdrew cash?,19,cash_withdrawal_charge
i used an atm and there was an extra charge.,19,cash_withdrawal_charge
"that fee should not be there, you charged my cash for an unnecessary thing.",19,cash_withdrawal_charge
why was there an extra charge with the withdrawal of my money?,19,cash_withdrawal_charge
why did you charge a fee when i withdrew from an atm?,19,cash_withdrawal_charge
"why is there now a charge for making cash withdrawals? i wanted some cash after i went to the grocery store, and there's a new fee!",19,cash_withdrawal_charge
why am i being charged to withdrawal money?,19,cash_withdrawal_charge
why was i charged a fee for my withdrawal?,19,cash_withdrawal_charge
why did withdrawing money cost me extra?,19,cash_withdrawal_charge
why was i charged a fee for withdrawing money off my card?,19,cash_withdrawal_charge
what is the fee for a cash withdrawal?,19,cash_withdrawal_charge
"i withdrew money and got a fee, please explain",19,cash_withdrawal_charge
i used my card to get cash then i was charged a fee that i shouldn't have been charged.,19,cash_withdrawal_charge
i noticed a different charge while i was taking my money out.,19,cash_withdrawal_charge
why was i charged a fee for withdrawing money?,19,cash_withdrawal_charge
do cash withdrawals cost anything?,19,cash_withdrawal_charge
why is there a fee for getting cash?,19,cash_withdrawal_charge
are there any express fees if i want my new card faster?,9,card_about_to_expire
do i need to do something to get a new card once it expires?,9,card_about_to_expire
"i am overseas in china, can i get a replacement card?",9,card_about_to_expire
can i get a new card with new expiration date in china?,9,card_about_to_expire
are there restrictions on new cards in china?,9,card_about_to_expire
"need a new card, mine is expiring.",9,card_about_to_expire
"i need a new card to replace an expired one. will it cost anything, and how soon?",9,card_about_to_expire
my card expires next week. how do i get a new one?,9,card_about_to_expire
what is the cost and time frame of getting a new card?,9,card_about_to_expire
is it possible to get a new card in china?,9,card_about_to_expire
does it cost much or take long to get a new card? mine is about to expire.,9,card_about_to_expire
are there steps i need to take before my card expires?,9,card_about_to_expire
my card is about to expire. how do i get a new card?,9,card_about_to_expire
will i receive a new card when mine expires?,9,card_about_to_expire
my card is due to expire,9,card_about_to_expire
what do i do if my card expires soon?,9,card_about_to_expire
"if i am in china, can i still order a new card and if so, how?",9,card_about_to_expire
"in a month, my card will reach its expiration date, am i required to request the next card?",9,card_about_to_expire
what happens if my card expires?,9,card_about_to_expire
"my card's expiring a month from now, should i place an order for the new card?",9,card_about_to_expire
will i be sent a new card before mine expires?,9,card_about_to_expire
the date my card expires is coming up,9,card_about_to_expire
how can i replace an expired card?,9,card_about_to_expire
how do i get a new card sent to china?,9,card_about_to_expire
after my card expires what should i do?,9,card_about_to_expire
my card is about to expire. what do i need to do to keep using my card?,9,card_about_to_expire
"my card will expire soon, do i need to order a new one?",9,card_about_to_expire
where can i have a new bank card sent to china?,9,card_about_to_expire
i'm in china and need a new card. please help.,9,card_about_to_expire
tell me what i should do after my card expires.,9,card_about_to_expire
how do i know when my card will expire?,9,card_about_to_expire
what is the procedure for an expired card?,9,card_about_to_expire
how do i order a new card when my old one is ready to expire?,9,card_about_to_expire
what do i do if my card is about to expire?,9,card_about_to_expire
what happens after my card expires?,9,card_about_to_expire
where can i order a card when i am in china?,9,card_about_to_expire
how do i replace a card that's going to expire?,9,card_about_to_expire
if my card becomes expired what can i do?,9,card_about_to_expire
what steps should i take before my card expires?,9,card_about_to_expire
i need a new card before it expires.,9,card_about_to_expire
"when will i get a new card when i order it, and how much will it cost.",9,card_about_to_expire
can i wait for you to send me a new card when mine's about to expire?,9,card_about_to_expire
"when my card expires soon, how fast is the replacement card sent and what are the costs?",9,card_about_to_expire
how do i order a new card? the current one is about to expire.,9,card_about_to_expire
can i order a new card to china?,9,card_about_to_expire
is ordering a new card from china available?,9,card_about_to_expire
what to do if my card is about to expire?,9,card_about_to_expire
my card is about to expire. are there any costs with a replacement card? how quick do you mail it to me?,9,card_about_to_expire
is there a way to order a new card while in china?,9,card_about_to_expire
"the expiration date on my card is very soon, and i need to get a new one. what are the price and delivery options for my replacement card?",9,card_about_to_expire
if my card is about to expire how long would it take to receive a new one and how much would that cost me?,9,card_about_to_expire
my card is about to expire. how do i order another?,9,card_about_to_expire
"my card is expiring soon, how do i order a new card?",9,card_about_to_expire
i need to order a new card as my old one will expire soon. can you tell me how to order a new one?,9,card_about_to_expire
when my card expires what is the cost of a replacement and how fast?,9,card_about_to_expire
i will need a new card because mine is almost expired. how fast do i get a replacement and what is the cost?,9,card_about_to_expire
do i need to order a new card if mine is expiring?,9,card_about_to_expire
"my card will expire next month, will i need to order a new one?",9,card_about_to_expire
am i able to get this shipped to china?,9,card_about_to_expire
my card expires very soon. what is the cost and delivery time to get a new one?,9,card_about_to_expire
"the expiration date for my card is coming up, how do i get a new card?",9,card_about_to_expire
tell me how to replace my expired card.,9,card_about_to_expire
can i order a new card by phone?,9,card_about_to_expire
my card is expiring soon.,9,card_about_to_expire
my card is about to expired what will happen?,9,card_about_to_expire
what should i do when my card reaches its expiry date?,9,card_about_to_expire
please inform me how to get a new card as mine is about to expire.,9,card_about_to_expire
"my card expires soon, will you send me one automatically?",9,card_about_to_expire
want a new card what are the fees,9,card_about_to_expire
my card's expiration date is close.,9,card_about_to_expire
what will happen after my card expires?,9,card_about_to_expire
can i get a new card in china?,9,card_about_to_expire
"my card is about to expire, what do i do?",9,card_about_to_expire
can i order a new card with the app?,9,card_about_to_expire
how do i replace my card before it expires next month?,9,card_about_to_expire
my card is expiring so how fast can i get a new one and how much will it be?,9,card_about_to_expire
"i need a new card, my old card is expiring.",9,card_about_to_expire
how do i replace my card before it expires?,9,card_about_to_expire
what can i expect at card expiration?,9,card_about_to_expire
"if i order a new card, how much will it be and how long will it take me to get it?",9,card_about_to_expire
how can i get a card sent to china?,9,card_about_to_expire
what should i do once my card expires?,9,card_about_to_expire
how do i order a new card if my current one is about to expire?,9,card_about_to_expire
"i want to get a new card before my current one expires, how much will it cost me and how long will it take to get here.",9,card_about_to_expire
"my card is going to expire, what do i do?",9,card_about_to_expire
do i need to order a new card before it expires?,9,card_about_to_expire
does it cost anything to get a new card? mine's about to expire and i'd also like to know how long it takes to get the new one.,9,card_about_to_expire
"my bank card has expired, how can i get a new physical card?",9,card_about_to_expire
how to get a new card in china,9,card_about_to_expire
how do i go about ordering a new bank card?,9,card_about_to_expire
"i have a card that expires in the coming month, do i have to specifically ask for the updated card?",9,card_about_to_expire
"if my card expires next month, will i need to order a new one?",9,card_about_to_expire
"the expiration of my card is near, how do i order a new card?",9,card_about_to_expire
what do i do after my card expires?,9,card_about_to_expire
do i need to re-apply to order a new card when my old one's about to expire?,9,card_about_to_expire
i need to renew a card that's about to expire,9,card_about_to_expire
"if my card is going to expire this month, do i need to order a new one?",9,card_about_to_expire
"soon my card will expire, how do i get a new one?",9,card_about_to_expire
can i order a new card? mine is about to expire.,9,card_about_to_expire
my card is due to expire soon.,9,card_about_to_expire
can i keep using my card after it expires?,9,card_about_to_expire
how do i replace my card?,9,card_about_to_expire
are new cards available from china?,9,card_about_to_expire
my card is almost going to expire.,9,card_about_to_expire
i'm in china and really need a new card.,9,card_about_to_expire
"my card will expire soon, when do i need to order a new one?",9,card_about_to_expire
does it cost anything and how long would it take to get a card if i need a new one? my card is about to expire.,9,card_about_to_expire
my card is about to expire. do i have to go to a branch to order a new card?,9,card_about_to_expire
will you send me a new card in china?,9,card_about_to_expire
what do i do about my expired card?,9,card_about_to_expire
can i have a new card shipped to china?,9,card_about_to_expire
am i able to have a card sent to china?,9,card_about_to_expire
"my card's expiration is approaching, how do i replace it.",9,card_about_to_expire
how do i get a new card when my old one expires?,9,card_about_to_expire
what happens when my card expires?,9,card_about_to_expire
what is the process when my card is due to expire?,9,card_about_to_expire
my card expires soon,9,card_about_to_expire
my card is almost expired. how fast will i get a new one and what is the cost?,9,card_about_to_expire
what is the process to get a new card when your old one expires?,9,card_about_to_expire
help me order a new card that's going to be expired soon.,9,card_about_to_expire
what do i do when i get close to the expiration date of my card?,9,card_about_to_expire
my card is about to expire. where do i get a new one.,9,card_about_to_expire
want to get a new card in china,9,card_about_to_expire
can you give me info about what to do when my card expires?,9,card_about_to_expire
"my card has an expiration date, will you send a new one automatically?",9,card_about_to_expire
can i get a new card even though i am in china?,9,card_about_to_expire
"my card is expiring, how do i get a new one?",9,card_about_to_expire
"i think my card is expiring, what happens then?",9,card_about_to_expire
how do i get a new expiration date?,9,card_about_to_expire
"hi, i have an apple watch. how do i use it to top up my card?",2,apple_pay_or_google_pay
can i use google pay to top up?,2,apple_pay_or_google_pay
why top up is not working even if i got my american express in apple bay?,2,apple_pay_or_google_pay
can i deposit money using apple pay?,2,apple_pay_or_google_pay
can i use google pay for topping -up,2,apple_pay_or_google_pay
i do i top up from my apple watch?,2,apple_pay_or_google_pay
"i need to top up, can i use google pay?",2,apple_pay_or_google_pay
how do i go about topping up with google pay?,2,apple_pay_or_google_pay
google pay top up did not work,2,apple_pay_or_google_pay
google play top up help?,2,apple_pay_or_google_pay
what currencies does google pay top up accept?,2,apple_pay_or_google_pay
can i use my american express card with apple pay?,2,apple_pay_or_google_pay
why can't i get my top up to work in apple pay?,2,apple_pay_or_google_pay
can i use my apple watch to top-up?,2,apple_pay_or_google_pay
is top-up possible with apple pay?,2,apple_pay_or_google_pay
why isn't my google top-up pay working?,2,apple_pay_or_google_pay
what do i do if my google pay top up isn't working?,2,apple_pay_or_google_pay
can i top up with google pay?,2,apple_pay_or_google_pay
am i able to use apple pay?,2,apple_pay_or_google_pay
"i got my american express in apple pay, why is top up not working in my country?",2,apple_pay_or_google_pay
can i add funds directly from my apple watch?,2,apple_pay_or_google_pay
"apple watch top up help, please?",2,apple_pay_or_google_pay
"i am having a slight problem with my american express in apple play, can you help me fix the problem with top up?",2,apple_pay_or_google_pay
"in regards to top-ups, can i do them via google pay?",2,apple_pay_or_google_pay
how do you top up on the apple watch?,2,apple_pay_or_google_pay
am i able to top up with apple pay?,2,apple_pay_or_google_pay
can i use top-up with apple pay?,2,apple_pay_or_google_pay
"i want to top up from my apple watch, can i?",2,apple_pay_or_google_pay
can i use the apple watch to make a top-up?,2,apple_pay_or_google_pay
"my american express works with my apple pay, why is top up not working?",2,apple_pay_or_google_pay
i would like to know if i can top up with google pay.,2,apple_pay_or_google_pay
can i top-up via apple pay?,2,apple_pay_or_google_pay
can i top up using my apple watch?,2,apple_pay_or_google_pay
why is top up not working for my apple pay app,2,apple_pay_or_google_pay
can i use apple pay to top-up?,2,apple_pay_or_google_pay
why doesn't my google pay top up work?,2,apple_pay_or_google_pay
how can i set up google pay on my device?,2,apple_pay_or_google_pay
can you show me how to top up with google play?,2,apple_pay_or_google_pay
i seem to be having trouble with my google pay top. can you please help?,2,apple_pay_or_google_pay
does google pay offer a top up option?,2,apple_pay_or_google_pay
"i got my american express in apple pay, why is top up not working on my device?",2,apple_pay_or_google_pay
how do i get top up to work in apple pay?,2,apple_pay_or_google_pay
is apple pay a top up service?,2,apple_pay_or_google_pay
how do i top up using my apple watch?,2,apple_pay_or_google_pay
i want to top up my account. can i do it with google pay?,2,apple_pay_or_google_pay
can i use my apple watch to top up?,2,apple_pay_or_google_pay
"i received my american express in apple pay, is there a reason why top up is not functioning properly?",2,apple_pay_or_google_pay
can i use my apple watch to pay for gas?,2,apple_pay_or_google_pay
i would like to use top-up with my apple pay.,2,apple_pay_or_google_pay
how do i get top up to work for my card,2,apple_pay_or_google_pay
my google top-up pay is not going through,2,apple_pay_or_google_pay
how do i set up my apple pay watch to connect to my account,2,apple_pay_or_google_pay
need help with google pay top up,2,apple_pay_or_google_pay
my google pay top up isn't working.,2,apple_pay_or_google_pay
"help me please, my apple pay american express top up does not work.",2,apple_pay_or_google_pay
are top-ups allowed using apple pay?,2,apple_pay_or_google_pay
is topping up with apple pay possible?,2,apple_pay_or_google_pay
what can i do if i got my american express in apple bay but top up is not working?,2,apple_pay_or_google_pay
top up is not working even though i have my amex in apple pay.,2,apple_pay_or_google_pay
where do i top up my google pay?,2,apple_pay_or_google_pay
"using google pay, can i top up?",2,apple_pay_or_google_pay
why is top up not working if i use my american express with my apple pay?,2,apple_pay_or_google_pay
unable to use my american express with apple pay to top up my account,2,apple_pay_or_google_pay
does my top up and apple pay work together?,2,apple_pay_or_google_pay
i can't use top up on google pay.,2,apple_pay_or_google_pay
"i have received my american express in apple play, looks like top up has an issue, please help?",2,apple_pay_or_google_pay
why isn't my google pay top up working?,2,apple_pay_or_google_pay
is it possible for me to top up with google pay?,2,apple_pay_or_google_pay
can apple pay handle top up exchanges?,2,apple_pay_or_google_pay
am i able to top up with apply pay?,2,apple_pay_or_google_pay
how do i top up my google pay?,2,apple_pay_or_google_pay
i want to top up with my apple watch.,2,apple_pay_or_google_pay
could google pay and top up be together?,2,apple_pay_or_google_pay
i can't get google pay to work right.,2,apple_pay_or_google_pay
does google play offer the service to top up?,2,apple_pay_or_google_pay
can i top-up my google pay?,2,apple_pay_or_google_pay
can i use american express with apple pay? why does it make my top up not work?,2,apple_pay_or_google_pay
can i top up my account with google pay?,2,apple_pay_or_google_pay
i cannot get my google pay to work.,2,apple_pay_or_google_pay
is there a way to top up using my apple watch?,2,apple_pay_or_google_pay
i can't get my google pay top to work. are there any issues on your end?,2,apple_pay_or_google_pay
can i top up an apple pay?,2,apple_pay_or_google_pay
can you explain why my google pay top isn't working?,2,apple_pay_or_google_pay
am i able to do top-ups with google pay?,2,apple_pay_or_google_pay
what are the steps needed to top up with apple pay?,2,apple_pay_or_google_pay
"i received my american express in apple pay, is there a reason why top up is not working?",2,apple_pay_or_google_pay
google pay top up isn't working,2,apple_pay_or_google_pay
can you help me get top up to work in the apple pay function?,2,apple_pay_or_google_pay
will be apple watch be able to let me top up?,2,apple_pay_or_google_pay
how can i top up with my apple watch?,2,apple_pay_or_google_pay
what services can i use to top up?,2,apple_pay_or_google_pay
can an apple watch be used to tup-up?,2,apple_pay_or_google_pay
can i use my apple watch to fill my gas tank?,2,apple_pay_or_google_pay
why isn't my google pay top up working for me? did i do something wrong?,2,apple_pay_or_google_pay
what should i do to top up using my apple watch?,2,apple_pay_or_google_pay
my google pay seems to be acting up.,2,apple_pay_or_google_pay
"top up google pay, is it possible?",2,apple_pay_or_google_pay
is it possible to top-up with google pay.,2,apple_pay_or_google_pay
how do i setup my apple pay,2,apple_pay_or_google_pay
is there a way to do top up with apple pay,2,apple_pay_or_google_pay
top up for my american express card is not working,2,apple_pay_or_google_pay
how to activate google pay for top up?,2,apple_pay_or_google_pay
my google pay top up isn't working. help.,2,apple_pay_or_google_pay
i can't see my google pay top up. is it not working correctly?,2,apple_pay_or_google_pay
how can i get my google pay top up to work?,2,apple_pay_or_google_pay
google pay top up not working.,2,apple_pay_or_google_pay
my apple pay top up with my american express card is not working? please tell me why,2,apple_pay_or_google_pay
is it possible to top up with google pay?,2,apple_pay_or_google_pay
can top ups be done from an apple watch.,2,apple_pay_or_google_pay
can you assist on apple watch top ups?,2,apple_pay_or_google_pay
"i received my american express in apple pay, why is top up not working?",2,apple_pay_or_google_pay
how can i top up using google pay?,2,apple_pay_or_google_pay
"i have been trying to add money with apple pay but it wont work, why?",2,apple_pay_or_google_pay
google pay isn't working. what is wrong?,2,apple_pay_or_google_pay
google pay won't let me top up.,2,apple_pay_or_google_pay
"apple pay is not accepting my american express card, can you assist me with this problem?",2,apple_pay_or_google_pay
"i got my american express in apple pay, why is top up not working correctly?",2,apple_pay_or_google_pay
"can you please assist me in apple pay, in getting top up to work?",2,apple_pay_or_google_pay
can i use google play as my primary app to top up?,2,apple_pay_or_google_pay
does apple watch support the topping-off of my account?,2,apple_pay_or_google_pay
i'm trying to use my apple watch to top up my google pay. do i need a special app?,2,apple_pay_or_google_pay
can i pay for my gas using my apple watch?,2,apple_pay_or_google_pay
"can google pay be used for top up, please help?",2,apple_pay_or_google_pay
how can i top up with google play?,2,apple_pay_or_google_pay
how can i top up with apple pay?,2,apple_pay_or_google_pay
is it possible to use my apple watch for topping up?,2,apple_pay_or_google_pay
what do you require for identity verification?,69,verify_my_identity
how can i prove i am me?,69,verify_my_identity
i need to verify my identity. how do i do that?,69,verify_my_identity
how do i verify my identity?,69,verify_my_identity
how do i verify my identity online,69,verify_my_identity
i'm not sure how to complete the identity checks process.,69,verify_my_identity
why must i prove id,69,verify_my_identity
what am i going to need in order to verify my identity?,69,verify_my_identity
how do i prove i am who i am?,69,verify_my_identity
how and where can i find the identity checks?,69,verify_my_identity
what are the requirements to verify my identity?,69,verify_my_identity
what do i need to do to perform identity checks?,69,verify_my_identity
show me how to verify my identity?,69,verify_my_identity
how recent do my documents need to be for verification?,69,verify_my_identity
can you tell me what i need to do for the identity check process?,69,verify_my_identity
what documents are required for proof of identity?,69,verify_my_identity
what documents do i need to validate my identity?,69,verify_my_identity
hi! what documents can i use to verify my identity?,69,verify_my_identity
what steps do you take to check identity,69,verify_my_identity
what will i need to verify my identity,69,verify_my_identity
how can i verify my identity?,69,verify_my_identity
what proof of identification is needed?,69,verify_my_identity
how do i perform identity checks?,69,verify_my_identity
what do i need for the identity verification?,69,verify_my_identity
can you tell me what i need for identity validation?,69,verify_my_identity
what do you need for the identity verification,69,verify_my_identity
what documents do i need to get together to verify my identity?,69,verify_my_identity
how do i go through the identity checks?,69,verify_my_identity
what steps do i need to take for the identity checking process?,69,verify_my_identity
what are the steps to verify identity?,69,verify_my_identity
what is the identity verification process?,69,verify_my_identity
what are all of the different steps for identity checks?,69,verify_my_identity
where do i go to fill out the identity form?,69,verify_my_identity
please tell me how i verify my identity.,69,verify_my_identity
how can i prove who i am?,69,verify_my_identity
what works for identity verification?,69,verify_my_identity
what do i need in regards to identification?,69,verify_my_identity
please tell me the steps to verify my identity.,69,verify_my_identity
what forms of id do you need for identity verification?,69,verify_my_identity
where can i verify my identity?,69,verify_my_identity
i'm not sure what i need to verify my identity.,69,verify_my_identity
can you tell me what i need for the identity check?,69,verify_my_identity
what do you require to verify someone's identity?,69,verify_my_identity
what are the steps for identity checks?,69,verify_my_identity
how do i verify my id?,69,verify_my_identity
if i don't have all my documents can they still verify my identity?,69,verify_my_identity
why do i have to show my id,69,verify_my_identity
i don't know how to verify my identity.,69,verify_my_identity
do i need any kind of proof for the identity check?,69,verify_my_identity
can i get a full list of instructions for identity checks?,69,verify_my_identity
let me know what the steps for the identity checks are,69,verify_my_identity
what do i need for the verification check?,69,verify_my_identity
where do i go to verify my identity?,69,verify_my_identity
what needs to be provided for identity verification?,69,verify_my_identity
"i was told to verify my identity, how do i do that?",69,verify_my_identity
can i use my social security card as a form of identity?,69,verify_my_identity
with what can i verify my identity?,69,verify_my_identity
what documentation do i need for the identity check?,69,verify_my_identity
how do i fill out the identity check?,69,verify_my_identity
what documentation do you accept for the identity check?,69,verify_my_identity
can i verify my identity i the app,69,verify_my_identity
what has to be done to verify my identity?,69,verify_my_identity
i have to verify my identity. what do i need to do?,69,verify_my_identity
what type of id do you accept?,69,verify_my_identity
what do i need for the identity check?,69,verify_my_identity
"if i'm getting my identity verified, what all do i need?",69,verify_my_identity
explain how to verify my identity?,69,verify_my_identity
what forms of id work for verification?,69,verify_my_identity
what are the steps of verifying an identity?,69,verify_my_identity
can i verify my identity?,69,verify_my_identity
where can i go to find out how to verify my identity?,69,verify_my_identity
how do i validate my identity.,69,verify_my_identity
im worried about fraud how do you protect my account,69,verify_my_identity
what do you demand for identity verification?,69,verify_my_identity
"i'm trying to verify my identity but can't figure out how, what do i do?",69,verify_my_identity
what documentation is needed for the identity check?,69,verify_my_identity
which documents do i need for this identity check?,69,verify_my_identity
what can i use to verify my identity?,69,verify_my_identity
what all is needed for the identity verification?,69,verify_my_identity
"for the identity check, do i need any kind of documentation?",69,verify_my_identity
what is needed for identity verification?,69,verify_my_identity
tell me what the steps for the identity checks are,69,verify_my_identity
what are acceptable documents to prove my identity?,69,verify_my_identity
"for the identity verification, what do you need?",69,verify_my_identity
what documents do you need to verify my identity?,69,verify_my_identity
how do i change my identity?,69,verify_my_identity
can i get information on the identity checks?,69,verify_my_identity
where in the app do i go to verify my identity?,69,verify_my_identity
how can you assist on verifying my identity?,69,verify_my_identity
how do i go about verifying my identity?,69,verify_my_identity
why do i need to show id,69,verify_my_identity
what do you require for identification verification?,69,verify_my_identity
what forms of id should i use for verification?,69,verify_my_identity
what are the steps for the identity checks?,69,verify_my_identity
what id do i need to verify my identity?,69,verify_my_identity
how do i complete the id check?,69,verify_my_identity
how do you check my identity?,69,verify_my_identity
what documents do i need for the identity check?,69,verify_my_identity
what do i use to verify my identity?,69,verify_my_identity
what is needed for the identity verification?,69,verify_my_identity
"for the identity check, what kind of documents do i need to have?",69,verify_my_identity
what form of identification is accepted?,69,verify_my_identity
what is necessary for the identity verification?,69,verify_my_identity
what documents do i need to verify who i am,69,verify_my_identity
which countries are you available in?,24,country_support
where are you cards supported?,24,country_support
how do i get a card if i live in the us?,24,country_support
please list the countries you support.,24,country_support
are these cards available in europe?,24,country_support
if i live outside of the uk am i still eligible for a card?,24,country_support
can i get a card in the eu?,24,country_support
can i use my card in austria?,24,country_support
do you have to be in the uk to get a card?,24,country_support
can i use this all over the world?,24,country_support
can i get a card even though i live in the us,24,country_support
do you provide cards to people not in the uk?,24,country_support
what countries are you located in?,24,country_support
which countries does your service work in?,24,country_support
which countries do you operate in,24,country_support
from what countries can i use an account?,24,country_support
can the card be mailed to europe?,24,country_support
who gets support?,24,country_support
i live in portugal. do you operate here?,24,country_support
i live in the eu - can i get a card?,24,country_support
what countries do your accounts send and receive to?,24,country_support
how do i get a card in the eu?,24,country_support
how does a us resident go about acquiring a new card?,24,country_support
can you tell me the countries you operate in?,24,country_support
as far as courtries go which ones are supported?,24,country_support
may i get one of your cards? i live in the eu.,24,country_support
can i get a card if i live in the usa?,24,country_support
what countries do you operate in?,24,country_support
where are you present globally?,24,country_support
what are the countries that you operate in?,24,country_support
which countries are supported,24,country_support
is this open to residents of all countries?,24,country_support
is it possible to get one of your cards in the european union?,24,country_support
are you located in other countries?,24,country_support
"although i am not located in the uk area, may i still receive a card?",24,country_support
can usa residents get a card?,24,country_support
what countries can i use my account in?,24,country_support
what countries are you available in?,24,country_support
is it possible for a person who lives in the us to get a card?,24,country_support
are your cards supported in the eu?,24,country_support
are cards issued to people living in the us?,24,country_support
in which countries does your app work,24,country_support
any chance of getting the card outside the uk?,24,country_support
which countries do you work with?,24,country_support
i would like to know the countries you are offer services in?,24,country_support
can i get a card in the us?,24,country_support
can i get support?,24,country_support
i don't live in the uk. can i still get a card?,24,country_support
can you tell me what countries you offer support for?,24,country_support
can i use it outside of europe?,24,country_support
can i apply for one of your cards if i live in the eu?,24,country_support
can i get a card if i live in the us?,24,country_support
what countries do your services support?,24,country_support
are cards available to those outside of the uk?,24,country_support
do you do business in the eu?,24,country_support
is it possible to get a card outside the uk?,24,country_support
i live in germany. is that one of the countries you are in? what other countries are you in?,24,country_support
what are the countries you have offices in?,24,country_support
how do i sign up for a card if i'm in america?,24,country_support
will my new card work outside of the eu?,24,country_support
is it possible to get a card when i'm not in the uk?,24,country_support
can i get a card if i don't reside in the uk?,24,country_support
"if i don't live in the uk, can i get a card?",24,country_support
can i use it in any country?,24,country_support
what countries are you issuing cards for?,24,country_support
can i get a card? i live in the us.,24,country_support
i would like to get your card in eu. is that possible?,24,country_support
do you offer cards for those in other countries?,24,country_support
"i have my residency in the us, but i would love to get a card.",24,country_support
"i reside in the us, but i want a card.",24,country_support
are there any country restrictions?,24,country_support
how do i find out what countries you service and what countries you do not?,24,country_support
what countries can i use my card in,24,country_support
what countries can i use your services?,24,country_support
i live in the eu. can i order one of your cards?,24,country_support
where can i get a card in the eu?,24,country_support
can i get a card that works in other countries like africa and indonesia?,24,country_support
are you available in my country?,24,country_support
how many countries do you work in?,24,country_support
are you only able to get a card if you're in the uk?,24,country_support
which countries do you support?,24,country_support
how do i know which countries you provide service in?,24,country_support
please tell me how to get a card if i reside in the us.,24,country_support
what countries have access to this service.,24,country_support
"i live in america, but i would like a card.",24,country_support
do you issue cards for someone living in the us?,24,country_support
is this card available to americans?,24,country_support
can i get a card although i'm not in the uk,24,country_support
"if i don't live in the uk, can i still get a card?",24,country_support
is there anywhere in the eu this card can not be delivered in,24,country_support
"i'm not in the uk, but can i still get a card?",24,country_support
in which countries can i get a card?,24,country_support
can someone in the us have a card?,24,country_support
can i have a card even if i am not living in the uk?,24,country_support
you operate in which countries?,24,country_support
i want to get a card but i live in the us,24,country_support
what are your supported countries?,24,country_support
where do you have locations at,24,country_support
do you support countries other than mine?,24,country_support
do you support all countries?,24,country_support
can you tell me the countries you provide support for.,24,country_support
"i live in the eu, can i get one of your cards?",24,country_support
can an american resident apply to get a card?,24,country_support
what countries can i use the card in?,24,country_support
i need a new card and i live in the united states.,24,country_support
supported countries,24,country_support
what are the countries you support.,24,country_support
which countries are you in?,24,country_support
where in the european union can i get a card?,24,country_support
i am in the eu. can i get one of your cards?,24,country_support
i live in the uk. can i get a card?,24,country_support
"i need to get a card, but i live in the us.",24,country_support
i am not in the uk can i get a card?,24,country_support
which countries do you currently support?,24,country_support
is it possible to get one the your cards in the eu?,24,country_support
"i want a card, but i'm not in the uk- can i get one still?",24,country_support
are your cards available in the eu?,24,country_support
i'm in the eu. can i get one of your cards?,24,country_support
is this card available to united states residents?,24,country_support
can i use it all over the world?,24,country_support
do you work in greece?,24,country_support
what countries do your accounts support?,24,country_support
i live in the us and i would like to get a card. how do i go about getting one?,24,country_support
i just moved to the us how do i get a card?,24,country_support
you provide support in what countries?,24,country_support
what countries are you supporting?,24,country_support
what countries are getting support?,24,country_support
are cards available in the eu?,24,country_support
which countries are represented?,24,country_support
